mode,reader,batch_size,sample_index,t_rel_s,frame_index,occupancy
instrument,False,0,0,5.780497,0,0
instrument,False,0,1,5.89611,0,0
instrument,False,0,2,5.95607,0,0
instrument,False,0,3,6.015979,0,0
instrument,False,0,4,6.109297,0,0
instrument,False,0,5,6.180561,0,0
instrument,False,0,6,6.240606,0,0
instrument,False,0,7,6.319103,0,0
instrument,False,0,8,6.419968,0,0
instrument,False,0,9,6.479977,0,0
instrument,False,0,10,6.539886,0,0
instrument,False,0,11,6.59973,0,0
instrument,False,0,12,6.659702,0,0
instrument,False,0,13,6.719646,0,0
instrument,False,0,14,6.78011,0,0
instrument,False,0,15,6.839632,0,0
instrument,False,0,16,6.899593,0,0
instrument,False,0,17,6.95957,0,0
instrument,False,0,18,7.019519,1,0
instrument,False,0,19,7.079506,1,0
instrument,False,0,20,7.13957,1,0
instrument,False,0,21,7.199552,2,0
instrument,False,0,22,7.259325,2,0
instrument,False,0,23,7.319413,2,0
instrument,False,0,24,7.379364,3,0
instrument,False,0,25,7.439295,3,0
instrument,False,0,26,7.499262,3,0
instrument,False,0,27,7.559191,4,0
instrument,False,0,28,7.619133,4,0
instrument,False,0,29,7.67919,4,0
instrument,False,0,30,7.739108,5,0
instrument,False,0,31,7.799039,5,0
instrument,False,0,32,7.860031,5,0
instrument,False,0,33,7.919661,6,0
instrument,False,0,34,7.980027,6,0
instrument,False,0,35,8.0391,6,0
instrument,False,0,36,8.099041,7,0
instrument,False,0,37,8.158969,7,0
instrument,False,0,38,8.21937,7,0
instrument,False,0,39,8.279265,8,0
instrument,False,0,40,8.338882,8,0
instrument,False,0,41,8.398813,8,0
instrument,False,0,42,8.459185,9,0
instrument,False,0,43,8.518743,9,0
instrument,False,0,44,8.57885,9,0
instrument,False,0,45,8.653776,10,0
instrument,False,0,46,8.71389,10,0
instrument,False,0,47,8.773629,10,0
instrument,False,0,48,8.833579,11,0
instrument,False,0,49,8.893553,11,0
instrument,False,0,50,8.953528,11,0
instrument,False,0,51,9.01454,12,0
instrument,False,0,52,9.07344,12,0
instrument,False,0,53,9.133427,12,0
instrument,False,0,54,9.193416,13,0
instrument,False,0,55,9.253337,13,0
instrument,False,0,56,9.313407,13,0
instrument,False,0,57,9.373838,14,0
instrument,False,0,58,9.43333,14,0
instrument,False,0,59,9.493602,14,0
instrument,False,0,60,9.553699,15,0
instrument,False,0,61,9.613238,15,0
instrument,False,0,62,9.67326,15,0
instrument,False,0,63,9.732825,16,0
instrument,False,0,64,9.792825,16,0
instrument,False,0,65,9.852914,16,0
instrument,False,0,66,9.912729,16,0
instrument,False,0,67,9.972725,17,0
instrument,False,0,68,10.032854,17,0
instrument,False,0,69,10.107617,18,0
instrument,False,0,70,10.167656,18,0
instrument,False,0,71,10.227536,18,0
instrument,False,0,72,10.28752,19,0
instrument,False,0,73,10.34759,19,0
instrument,False,0,74,10.407455,19,0
instrument,False,0,75,10.467374,19,0
instrument,False,0,76,10.632355,20,0
instrument,False,0,77,10.69333,21,0
instrument,False,0,78,10.752254,21,0
instrument,False,0,79,10.812333,21,0
instrument,False,0,80,10.872535,22,0
instrument,False,0,81,10.932429,22,0
instrument,False,0,82,10.992387,22,0
instrument,False,0,83,11.052231,23,0
instrument,False,0,84,11.112155,23,0
instrument,False,0,85,11.172516,23,0
instrument,False,0,86,11.232126,24,0
instrument,False,0,87,11.292032,24,0
instrument,False,0,88,11.352139,24,0
instrument,False,0,89,11.412789,25,0
instrument,False,0,90,11.472377,25,0
instrument,False,0,91,11.531901,25,0
instrument,False,0,92,11.591894,26,0
instrument,False,0,93,11.651834,26,0
instrument,False,0,94,11.711845,26,0
instrument,False,0,95,11.772767,27,0
instrument,False,0,96,11.832277,27,0
instrument,False,0,97,11.898284,27,0
instrument,False,0,98,11.951694,28,0
instrument,False,0,99,12.011615,28,0
instrument,False,0,100,12.071996,28,0
instrument,False,0,101,12.131749,29,0
instrument,False,0,102,12.191769,29,0
instrument,False,0,103,12.251618,29,0
instrument,False,0,104,12.313018,30,0
instrument,False,0,105,12.371916,30,0
instrument,False,0,106,12.431936,30,0
instrument,False,0,107,12.49338,30,0
instrument,False,0,108,12.551576,31,0
instrument,False,0,109,12.611407,31,0
instrument,False,0,110,12.671466,31,0
instrument,False,0,111,12.731385,32,0
instrument,False,0,112,12.791316,32,0
instrument,False,0,113,12.851519,32,0
instrument,False,0,114,12.911446,33,0
instrument,False,0,115,12.971352,33,0
instrument,False,0,116,13.031415,33,0
instrument,False,0,117,13.092249,34,0
instrument,False,0,118,13.151214,34,0
instrument,False,0,119,13.211203,34,0
instrument,False,0,120,13.27142,35,0
instrument,False,0,121,13.331252,35,0
instrument,False,0,122,13.39103,35,0
instrument,False,0,123,13.451052,36,0
instrument,False,0,124,13.511833,36,0
instrument,False,0,125,13.571049,36,0
instrument,False,0,126,13.631042,37,0
instrument,False,0,127,13.691086,37,0
instrument,False,0,128,13.751156,37,0
instrument,False,0,129,13.811023,38,0
instrument,False,0,130,13.870885,38,0
instrument,False,0,131,13.930858,38,0
instrument,False,0,132,13.990801,39,0
instrument,False,0,133,14.050802,39,0
instrument,False,0,134,14.110918,39,0
instrument,False,0,135,14.174822,40,0
instrument,False,0,136,14.245697,40,0
instrument,False,0,137,14.320613,40,0
instrument,False,0,138,14.380569,41,0
instrument,False,0,139,14.440551,41,0
instrument,False,0,140,14.506924,41,0
instrument,False,0,141,14.560526,42,0
instrument,False,0,142,14.625823,42,0
instrument,False,0,143,14.680431,42,0
instrument,False,0,144,14.740068,43,0
instrument,False,0,145,14.80002,43,0
instrument,False,0,146,14.860072,43,0
instrument,False,0,147,14.920026,44,0
instrument,False,0,148,14.980317,44,0
instrument,False,0,149,15.039957,44,0
instrument,False,0,150,15.100019,45,0
instrument,False,0,151,15.159828,45,0
instrument,False,0,152,15.219879,45,0
instrument,False,0,153,15.459788,47,0
instrument,False,0,154,15.520719,47,0
instrument,False,0,155,15.580622,47,0
instrument,False,0,156,15.639637,48,0
instrument,False,0,157,15.699592,48,0
instrument,False,0,158,15.759528,48,0
instrument,False,0,159,15.834529,49,0
instrument,False,0,160,15.895428,49,0
instrument,False,0,161,15.955449,49,0
instrument,False,0,162,16.014426,50,0
instrument,False,0,163,16.074354,50,0
instrument,False,0,164,16.1463,50,0
instrument,False,0,165,16.209423,51,0
instrument,False,0,166,16.26938,51,0
instrument,False,0,167,16.329379,51,0
instrument,False,0,168,16.389437,52,0
instrument,False,0,169,16.454259,52,0
instrument,False,0,170,16.509782,52,0
instrument,False,0,171,16.569219,53,0
instrument,False,0,172,16.62915,53,0
instrument,False,0,173,16.68912,53,0
instrument,False,0,174,16.749079,54,0
instrument,False,0,175,16.809081,54,0
instrument,False,0,176,16.869013,54,0
instrument,False,0,177,16.929035,55,0
instrument,False,0,178,16.988975,55,0
instrument,False,0,179,17.048951,55,0
instrument,False,0,180,17.108997,56,0
instrument,False,0,181,17.171836,56,0
instrument,False,0,182,17.22884,56,0
instrument,False,0,183,17.288799,56,0
instrument,False,0,184,17.350718,57,0
instrument,False,0,185,17.408751,57,0
instrument,False,0,186,17.468666,57,0
instrument,False,0,187,17.528712,58,0
instrument,False,0,188,17.588759,58,0
instrument,False,0,189,17.648702,58,0
instrument,False,0,190,17.713694,59,0
instrument,False,0,191,17.768662,59,0
instrument,False,0,192,17.828595,59,0
instrument,False,0,193,17.888611,60,0
instrument,False,0,194,17.948576,60,0
instrument,False,0,195,18.008909,60,0
instrument,False,0,196,18.068608,61,0
instrument,False,0,197,18.128434,61,0
instrument,False,0,198,18.188428,61,0
instrument,False,0,199,18.248412,62,0
instrument,False,0,200,18.308333,62,0
instrument,False,0,201,18.36835,62,0
instrument,False,0,202,18.428414,63,0
instrument,False,0,203,18.4884,63,0
instrument,False,0,204,18.548354,63,0
instrument,False,0,205,18.608182,64,0
instrument,False,0,206,18.66814,64,0
instrument,False,0,207,18.728112,64,0
instrument,False,0,208,18.794051,65,0
instrument,False,0,209,18.863567,65,0
instrument,False,0,210,18.923018,65,0
instrument,False,0,211,18.98303,65,0
instrument,False,0,212,19.163047,67,0
instrument,False,0,213,19.237948,67,0
instrument,False,0,214,19.297855,67,0
instrument,False,0,215,19.357866,68,0
instrument,False,0,216,19.417834,68,0
instrument,False,0,217,19.477805,68,0
instrument,False,0,218,19.537801,69,0
instrument,False,0,219,19.597742,69,0
instrument,False,0,220,19.657788,69,0
instrument,False,0,221,19.721307,70,0
instrument,False,0,222,19.777264,70,0
instrument,False,0,223,19.837299,70,0
instrument,False,0,224,19.897184,71,0
instrument,False,0,225,19.957173,71,0
instrument,False,0,226,20.017137,71,0
instrument,False,0,227,20.077093,72,0
instrument,False,0,228,20.138905,72,0
instrument,False,0,229,20.197166,72,0
instrument,False,0,230,20.257009,73,0
instrument,False,0,231,20.317126,73,0
instrument,False,0,232,20.377095,73,0
instrument,False,0,233,20.437415,74,0
instrument,False,0,234,20.497078,74,0
instrument,False,0,235,20.557311,74,0
instrument,False,0,236,20.616942,75,0
instrument,False,0,237,20.6769,75,0
instrument,False,0,238,20.736839,75,0
instrument,False,0,239,20.797036,76,0
instrument,False,0,240,20.856872,76,0
instrument,False,0,241,20.916834,76,0
instrument,False,0,242,20.979451,77,0
instrument,False,0,243,21.036723,77,0
instrument,False,0,244,21.096647,77,0
instrument,False,0,245,21.156977,77,0
instrument,False,0,246,21.216735,78,0
instrument,False,0,247,21.276657,78,0
instrument,False,0,248,21.336442,78,0
instrument,False,0,249,21.399424,79,0
instrument,False,0,250,21.456399,79,0
instrument,False,0,251,21.516412,79,0
instrument,False,0,252,21.576365,80,0
instrument,False,0,253,21.63633,80,0
instrument,False,0,254,21.696411,80,0
instrument,False,0,255,21.756674,81,0
instrument,False,0,256,21.816347,81,0
instrument,False,0,257,21.877224,81,0
instrument,False,0,258,21.936399,82,0
instrument,False,0,259,21.996219,82,0
instrument,False,0,260,22.056199,82,0
instrument,False,0,261,22.116425,83,0
instrument,False,0,262,22.176237,83,0
instrument,False,0,263,22.236255,83,0
instrument,False,0,264,22.296085,84,0
instrument,False,0,265,22.357657,84,0
instrument,False,0,266,22.416368,84,0
instrument,False,0,267,22.476303,85,0
instrument,False,0,268,22.535897,85,0
instrument,False,0,269,22.595793,85,0
instrument,False,0,270,22.655841,86,0
instrument,False,0,271,22.715934,86,0
instrument,False,0,272,22.7758,86,0
instrument,False,0,273,22.836131,87,0
instrument,False,0,274,22.896248,87,0
instrument,False,0,275,22.956275,87,0
instrument,False,0,276,23.017081,88,0
instrument,False,0,277,23.075872,88,0
instrument,False,0,278,23.135693,88,0
instrument,False,0,279,23.19567,89,0
instrument,False,0,280,23.255709,89,0
instrument,False,0,281,23.31558,89,0
instrument,False,0,282,23.377539,90,0
instrument,False,0,283,23.435575,90,0
instrument,False,0,284,23.495581,90,0
instrument,False,0,285,23.555447,90,0
instrument,False,0,286,23.615495,91,0
instrument,False,0,287,23.675373,91,0
instrument,False,0,288,23.735503,91,0
instrument,False,0,289,23.796603,92,0
instrument,False,0,290,23.855284,92,0
instrument,False,0,291,23.91527,92,0
instrument,False,0,292,23.975502,93,0
instrument,False,0,293,24.035248,93,0
instrument,False,0,294,24.110135,93,0
instrument,False,0,295,24.170028,94,0
instrument,False,0,296,24.425063,95,0
instrument,False,0,297,24.485045,96,0
instrument,False,0,298,24.545659,96,0
instrument,False,0,299,24.604989,96,0
instrument,False,0,300,24.666372,96,0
instrument,False,0,301,24.72548,97,0
instrument,False,0,302,24.785453,97,0
instrument,False,0,303,24.845406,97,0
instrument,False,0,304,24.905422,98,0
instrument,False,0,305,24.966049,98,0
instrument,False,0,306,25.025346,98,0
instrument,False,0,307,25.089255,99,0
instrument,False,0,308,25.145381,99,0
instrument,False,0,309,25.205334,99,0
instrument,False,0,310,25.265177,100,0
instrument,False,0,311,25.325194,100,0
instrument,False,0,312,25.387066,100,0
instrument,False,0,313,25.445086,101,0
instrument,False,0,314,25.520061,101,0
instrument,False,0,315,25.580007,101,0
instrument,False,0,316,25.639963,102,0
instrument,False,0,317,25.700348,102,0
instrument,False,0,318,25.775055,103,0
instrument,False,0,319,25.835052,103,0
instrument,False,0,320,25.895054,103,0
instrument,False,0,321,25.955763,103,0
instrument,False,0,322,26.014873,104,0
instrument,False,0,323,26.075299,104,0
instrument,False,0,324,26.134885,104,0
instrument,False,0,325,26.203967,105,0
instrument,False,0,326,26.269756,105,0
instrument,False,0,327,26.329748,106,0
instrument,False,0,328,26.389647,106,0
instrument,False,0,329,26.464662,106,0
instrument,False,0,330,26.524566,107,0
instrument,False,0,331,26.584547,107,0
instrument,False,0,332,26.64453,107,0
instrument,False,0,333,26.734598,108,0
instrument,False,0,334,26.794424,108,0
instrument,False,0,335,26.854504,108,0
instrument,False,0,336,26.914357,109,0
instrument,False,0,337,26.974535,109,0
instrument,False,0,338,27.034672,109,0
instrument,False,0,339,27.094275,110,0
instrument,False,0,340,27.154373,110,0
instrument,False,0,341,27.214338,110,0
instrument,False,0,342,27.278256,111,0
instrument,False,0,343,27.334371,111,0
instrument,False,0,344,27.394524,111,0
instrument,False,0,345,27.454333,112,0
instrument,False,0,346,27.514166,112,0
instrument,False,0,347,27.584246,112,0
instrument,False,0,348,27.649067,113,0
instrument,False,0,349,27.709075,113,0
instrument,False,0,350,27.769001,113,0
instrument,False,0,351,27.831315,114,0
instrument,False,0,352,27.889876,114,0
instrument,False,0,353,27.948994,114,0
instrument,False,0,354,28.008973,115,0
instrument,False,0,355,28.068927,115,0
instrument,False,0,356,28.129276,115,0
instrument,False,0,357,28.188834,115,0
instrument,False,0,358,28.383787,117,0
instrument,False,0,359,28.443731,117,0
instrument,False,0,360,28.503797,117,0
instrument,False,0,361,28.564119,118,0
instrument,False,0,362,28.623781,118,0
instrument,False,0,363,28.6837,118,0
instrument,False,0,364,28.74367,119,0
instrument,False,0,365,28.803639,119,0
instrument,False,0,366,28.863676,119,0
instrument,False,0,367,28.923612,120,0
instrument,False,0,368,28.983785,120,0
instrument,False,0,369,29.048522,120,0
instrument,False,0,370,29.118517,121,0
instrument,False,0,371,29.178434,121,0
instrument,False,0,372,29.238472,121,0
instrument,False,0,373,29.298452,122,0
instrument,False,0,374,29.3584,122,0
instrument,False,0,375,29.418334,122,0
instrument,False,0,376,29.478425,123,0
instrument,False,0,377,29.538485,123,0
instrument,False,0,378,29.598228,123,0
instrument,False,0,379,29.658281,124,0
instrument,False,0,380,29.717832,124,0
instrument,False,0,381,29.777811,124,0
instrument,False,0,382,29.840706,125,0
instrument,False,0,383,29.897848,125,0
instrument,False,0,384,29.958185,125,0
instrument,False,0,385,30.017783,126,0
instrument,False,0,386,30.077871,126,0
instrument,False,0,387,30.138365,126,0
instrument,False,0,388,30.197628,126,0
instrument,False,0,389,30.257662,127,0
instrument,False,0,390,30.317667,127,0
instrument,False,0,391,30.377543,127,0
instrument,False,0,392,30.437537,128,0
instrument,False,0,393,30.497539,128,0
instrument,False,0,394,30.557504,128,0
instrument,False,0,395,30.618392,129,0
instrument,False,0,396,30.677425,129,0
instrument,False,0,397,30.737363,129,0
instrument,False,0,398,30.80055,130,0
instrument,False,0,399,30.857362,130,0
instrument,False,0,400,30.917245,130,0
instrument,False,0,401,30.97766,131,0
instrument,False,0,402,31.03838,131,0
instrument,False,0,403,31.097182,131,0
instrument,False,0,404,31.157103,132,0
instrument,False,0,405,31.247183,132,0
instrument,False,0,406,31.307272,133,0
instrument,False,0,407,31.367111,133,0
instrument,False,0,408,31.427064,133,0
instrument,False,0,409,31.487087,133,0
instrument,False,0,410,31.547051,134,0
instrument,False,0,411,31.607057,134,0
instrument,False,0,412,31.666954,134,0
instrument,False,0,413,31.726914,135,0
instrument,False,0,414,31.786935,135,0
instrument,False,0,415,31.846869,135,0
instrument,False,0,416,31.907223,136,0
instrument,False,0,417,31.96681,136,0
instrument,False,0,418,32.026804,136,0
instrument,False,0,419,32.086685,137,0
instrument,False,0,420,32.146749,137,0
instrument,False,0,421,32.206677,137,0
instrument,False,0,422,32.266567,138,0
instrument,False,0,423,32.326579,138,0
instrument,False,0,424,32.386908,138,0
instrument,False,0,425,32.446869,139,0
instrument,False,0,426,32.506474,139,0
instrument,False,0,427,32.566584,139,0
instrument,False,0,428,32.626869,140,0
instrument,False,0,429,32.686464,140,0
instrument,False,0,430,32.746445,140,0
instrument,False,0,431,32.806458,141,0
instrument,False,0,432,32.8664,141,0
instrument,False,0,433,32.926457,141,0
instrument,False,0,434,32.986372,142,0
instrument,False,0,435,33.046339,142,0
instrument,False,0,436,33.106407,142,0
instrument,False,0,437,33.166262,143,0
instrument,False,0,438,33.226864,143,0
instrument,False,0,439,33.286105,143,0
instrument,False,0,440,33.348346,144,0
instrument,False,0,441,33.40615,144,0
instrument,False,0,442,33.466077,144,0
instrument,False,0,443,33.526027,145,0
instrument,False,0,444,33.586049,145,0
instrument,False,0,445,33.646049,145,0
instrument,False,0,446,33.705915,146,0
instrument,False,0,447,33.765841,146,0
instrument,False,0,448,34.05076,147,0
instrument,False,0,449,34.110678,148,0
instrument,False,0,450,34.200653,148,0
instrument,False,0,451,34.260677,149,0
instrument,False,0,452,34.320681,149,0
instrument,False,0,453,34.380649,149,0
instrument,False,0,454,34.44083,150,0
instrument,False,0,455,34.50624,150,0
instrument,False,0,456,34.560461,150,0
instrument,False,0,457,34.620998,151,0
instrument,False,0,458,34.680363,151,0
instrument,False,0,459,34.740048,151,0
instrument,False,0,460,34.800022,151,0
instrument,False,0,461,34.860014,152,0
instrument,False,0,462,34.92001,152,0
instrument,False,0,463,34.979883,152,0
instrument,False,0,464,35.040036,153,0
instrument,False,0,465,35.100014,153,0
instrument,False,0,466,35.159786,153,0
instrument,False,0,467,35.219797,154,0
instrument,False,0,468,35.279689,154,0
instrument,False,0,469,35.339779,154,0
instrument,False,0,470,35.400127,155,0
instrument,False,0,471,35.459881,155,0
instrument,False,0,472,35.520305,155,0
instrument,False,0,473,35.579731,156,0
instrument,False,0,474,35.640158,156,0
instrument,False,0,475,35.699573,156,0
instrument,False,0,476,35.759665,157,0
instrument,False,0,477,35.819487,157,0
instrument,False,0,478,35.879453,157,0
instrument,False,0,479,35.939472,158,0
instrument,False,0,480,35.999414,158,0
instrument,False,0,481,36.059413,158,0
instrument,False,0,482,36.119399,159,0
instrument,False,0,483,36.179284,159,0
instrument,False,0,484,36.23925,159,0
instrument,False,0,485,36.299252,160,0
instrument,False,0,486,36.359221,160,0
instrument,False,0,487,36.419146,160,0
instrument,False,0,488,36.489086,161,0
instrument,False,0,489,36.554071,161,0
instrument,False,0,490,36.614375,161,0
instrument,False,0,491,36.674146,162,0
instrument,False,0,492,36.734147,162,0
instrument,False,0,493,36.794076,162,0
instrument,False,0,494,36.854097,163,0
instrument,False,0,495,36.914104,163,0
instrument,False,0,496,36.973987,163,0
instrument,False,0,497,37.034063,164,0
instrument,False,0,498,37.094327,164,0
instrument,False,0,499,37.153872,164,0
instrument,False,0,500,37.213843,165,0
instrument,False,0,501,37.273808,165,0
instrument,False,0,502,37.3339,165,0
instrument,False,0,503,37.393695,166,0
instrument,False,0,504,37.453696,166,0
instrument,False,0,505,37.514179,166,0
instrument,False,0,506,37.5752,167,0
instrument,False,0,507,37.63363,167,0
instrument,False,0,508,37.693775,167,0
instrument,False,0,509,37.753591,167,0
instrument,False,0,510,37.813942,168,0
instrument,False,0,511,37.873446,168,0
instrument,False,0,512,37.933659,168,0
instrument,False,0,513,37.993451,169,0
instrument,False,0,514,38.188353,170,0
instrument,False,0,515,38.263307,170,0
instrument,False,0,516,38.324573,171,0
instrument,False,0,517,38.383268,171,0
instrument,False,0,518,38.443237,171,0
instrument,False,0,519,38.503209,172,0
instrument,False,0,520,38.563141,172,0
instrument,False,0,521,38.623141,172,0
instrument,False,0,522,38.683131,173,0
instrument,False,0,523,38.743056,173,0
instrument,False,0,524,38.803007,173,0
instrument,False,0,525,38.863023,174,0
instrument,False,0,526,38.922966,174,0
instrument,False,0,527,38.982949,174,0
instrument,False,0,528,39.042902,174,0
instrument,False,0,529,39.10303,175,0
instrument,False,0,530,39.162794,175,0
instrument,False,0,531,39.223172,175,0
instrument,False,0,532,39.282772,176,0
instrument,False,0,533,39.34274,176,0
instrument,False,0,534,39.402822,176,0
instrument,False,0,535,39.462812,177,0
instrument,False,0,536,39.522765,177,0
instrument,False,0,537,39.582701,177,0
instrument,False,0,538,39.642667,178,0
instrument,False,0,539,39.702313,178,0
instrument,False,0,540,39.76238,178,0
instrument,False,0,541,39.822616,179,0
instrument,False,0,542,39.882208,179,0
instrument,False,0,543,39.942164,179,0
instrument,False,0,544,40.002472,180,0
instrument,False,0,545,40.062255,180,0
instrument,False,0,546,40.122053,180,0
instrument,False,0,547,40.19365,181,0
instrument,False,0,548,40.256997,181,0
instrument,False,0,549,40.327935,181,0
instrument,False,0,550,40.39204,182,0
instrument,False,0,551,40.451975,182,0
instrument,False,0,552,40.5121,182,0
instrument,False,0,553,40.571811,183,0
instrument,False,0,554,40.632153,183,0
instrument,False,0,555,40.691728,183,0
instrument,False,0,556,40.751696,184,0
instrument,False,0,557,40.837207,184,0
instrument,False,0,558,40.90247,185,0
instrument,False,0,559,40.961745,185,0
instrument,False,0,560,41.021628,185,0
instrument,False,0,561,41.081711,186,0
instrument,False,0,562,41.141695,186,0
instrument,False,0,563,41.201533,186,0
instrument,False,0,564,41.262121,187,0
instrument,False,0,565,41.321676,187,0
instrument,False,0,566,41.381467,187,0
instrument,False,0,567,41.441604,187,0
instrument,False,0,568,41.501385,188,0
instrument,False,0,569,41.561396,188,0
instrument,False,0,570,41.621409,188,0
instrument,False,0,571,41.681681,189,0
instrument,False,0,572,41.741269,189,0
instrument,False,0,573,41.801211,189,0
instrument,False,0,574,41.8612,190,0
instrument,False,0,575,41.923263,190,0
instrument,False,0,576,41.983618,190,0
instrument,False,0,577,42.041068,191,0
instrument,False,0,578,42.101039,191,0
instrument,False,0,579,42.161109,191,0
instrument,False,0,580,42.22117,192,0
instrument,False,0,581,42.281661,192,0
instrument,False,0,582,42.341021,192,0
instrument,False,0,583,42.402362,193,0
instrument,False,0,584,42.461171,193,0
instrument,False,0,585,42.520919,193,0
instrument,False,0,586,42.580908,194,0
instrument,False,0,587,42.642245,194,0
instrument,False,0,588,42.700809,194,0
instrument,False,0,589,42.760922,195,0
instrument,False,0,590,42.820727,195,0
instrument,False,0,591,42.880917,195,0
instrument,False,0,592,42.941069,196,0
instrument,False,0,593,43.000758,196,0
instrument,False,0,594,43.060714,196,0
instrument,False,0,595,43.120672,197,0
instrument,False,0,596,43.180667,197,0
instrument,False,0,597,43.243747,197,0
instrument,False,0,598,43.300676,198,0
instrument,False,0,599,43.360956,198,0
instrument,False,0,600,43.420633,198,0
instrument,False,0,601,43.480686,199,0
instrument,False,0,602,43.541104,199,0
instrument,False,0,603,43.60056,199,0
instrument,False,0,604,43.662759,200,0
instrument,False,0,605,43.72049,200,0
instrument,False,0,606,43.780469,200,0
instrument,False,0,607,43.840963,200,0
instrument,False,0,608,43.900546,201,0
instrument,False,0,609,43.963309,201,0
instrument,False,0,610,44.020262,201,1
instrument,False,0,611,44.290189,203,0
instrument,False,0,612,44.350162,203,0
instrument,False,0,613,44.410193,204,0
instrument,False,0,614,44.470104,204,0
instrument,False,0,615,44.530057,204,0
instrument,False,0,616,44.589998,205,0
instrument,False,0,617,44.656936,205,0
instrument,False,0,618,44.709645,205,0
instrument,False,0,619,44.770223,206,0
instrument,False,0,620,44.829543,206,0
instrument,False,0,621,44.889672,206,0
instrument,False,0,622,44.949676,207,0
instrument,False,0,623,45.009555,207,0
instrument,False,0,624,45.069899,207,0
instrument,False,0,625,45.129483,207,0
instrument,False,0,626,45.189487,208,0
instrument,False,0,627,45.254987,208,0
instrument,False,0,628,45.314336,208,0
instrument,False,0,629,45.369348,209,0
instrument,False,0,630,45.429345,209,0
instrument,False,0,631,45.489286,209,0
instrument,False,0,632,45.549234,210,0
instrument,False,0,633,45.609223,210,0
instrument,False,0,634,45.669207,210,0
instrument,False,0,635,45.729203,211,0
instrument,False,0,636,45.789116,211,0
instrument,False,0,637,45.849301,211,0
instrument,False,0,638,45.909028,212,0
instrument,False,0,639,45.969028,212,0
instrument,False,0,640,46.029,212,0
instrument,False,0,641,46.088974,213,0
instrument,False,0,642,46.149459,213,0
instrument,False,0,643,46.209035,213,0
instrument,False,0,644,46.269804,214,0
instrument,False,0,645,46.343966,214,0
instrument,False,0,646,46.403908,214,0
instrument,False,0,647,46.463919,215,0
instrument,False,0,648,46.523868,215,0
instrument,False,0,649,46.584177,215,0
instrument,False,0,650,46.64378,216,0
instrument,False,0,651,46.703718,216,0
instrument,False,0,652,46.763676,216,0
instrument,False,0,653,46.823647,217,0
instrument,False,0,654,46.883592,217,0
instrument,False,0,655,46.943696,217,0
instrument,False,0,656,47.00353,218,0
instrument,False,0,657,47.063895,218,0
instrument,False,0,658,47.123615,218,0
instrument,False,0,659,47.183446,219,0
instrument,False,0,660,47.243406,219,0
instrument,False,0,661,47.303342,219,0
instrument,False,0,662,47.363361,220,0
instrument,False,0,663,47.423299,220,0
instrument,False,0,664,47.483241,220,0
instrument,False,0,665,47.543204,221,0
instrument,False,0,666,47.604236,221,0
instrument,False,0,667,47.678272,221,0
instrument,False,0,668,47.753722,222,0
instrument,False,0,669,47.819113,222,0
instrument,False,0,670,47.88811,222,0
instrument,False,0,671,47.94808,223,0
instrument,False,0,672,48.009162,223,0
instrument,False,0,673,48.078128,223,0
instrument,False,0,674,48.143048,224,0
instrument,False,0,675,48.202969,224,0
instrument,False,0,676,48.263082,224,0
instrument,False,0,677,48.322905,225,0
instrument,False,0,678,48.383216,225,0
instrument,False,0,679,48.44285,225,0
instrument,False,0,680,48.682701,227,0
instrument,False,0,681,48.742897,227,0
instrument,False,0,682,48.802624,227,0
instrument,False,0,683,48.862733,228,0
instrument,False,0,684,48.92256,228,0
instrument,False,0,685,48.982605,228,0
instrument,False,0,686,49.042601,229,0
instrument,False,0,687,49.102542,229,0
instrument,False,0,688,49.162538,229,0
instrument,False,0,689,49.222628,230,0
instrument,False,0,690,49.282574,230,0
instrument,False,0,691,49.34769,230,0
instrument,False,0,692,49.409349,231,0
instrument,False,0,693,49.462384,231,0
instrument,False,0,694,49.522873,231,0
instrument,False,0,695,49.582357,232,0
instrument,False,0,696,49.642287,232,0
instrument,False,0,697,49.701862,232,0
instrument,False,0,698,49.791888,233,0
instrument,False,0,699,49.852108,233,0
instrument,False,0,700,49.918734,233,0
instrument,False,0,701,49.971732,234,0
instrument,False,0,702,50.031673,234,0
instrument,False,0,703,50.091845,234,0
instrument,False,0,704,50.152065,235,0
instrument,False,0,705,50.227043,235,0
instrument,False,0,706,50.286771,235,0
instrument,False,0,707,50.346767,236,0
instrument,False,0,708,50.413595,236,0
instrument,False,0,709,50.466542,236,0
instrument,False,0,710,50.53247,237,0
instrument,False,0,711,50.586473,237,0
instrument,False,0,712,50.646456,237,0
instrument,False,0,713,50.706792,238,0
instrument,False,0,714,50.766514,238,0
instrument,False,0,715,50.826898,238,0
instrument,False,0,716,50.88631,239,0
instrument,False,0,717,50.946344,239,0
instrument,False,0,718,51.006236,239,0
instrument,False,0,719,51.06636,240,0
instrument,False,0,720,51.126352,240,0
instrument,False,0,721,51.186172,240,0
instrument,False,0,722,51.246478,241,0
instrument,False,0,723,51.306098,241,0
instrument,False,0,724,51.366034,241,0
instrument,False,0,725,51.42615,242,0
instrument,False,0,726,51.486076,242,0
instrument,False,0,727,51.545973,242,0
instrument,False,0,728,51.60591,243,0
instrument,False,0,729,51.665973,243,0
instrument,False,0,730,51.725951,243,0
instrument,False,0,731,51.786077,244,0
instrument,False,0,732,51.845981,244,0
instrument,False,0,733,51.905963,244,0
instrument,False,0,734,51.96587,245,0
instrument,False,0,735,52.026258,245,0
instrument,False,0,736,52.085748,245,0
instrument,False,0,737,52.14575,246,0
instrument,False,0,738,52.206005,246,0
instrument,False,0,739,52.26569,246,0
instrument,False,0,740,52.326746,247,0
instrument,False,0,741,52.399526,247,0
instrument,False,0,742,52.460954,247,0
instrument,False,0,743,52.520548,248,0
instrument,False,0,744,52.580816,248,0
instrument,False,0,745,52.640433,248,0
instrument,False,0,746,52.700402,249,0
instrument,False,0,747,52.760379,249,0
instrument,False,0,748,52.823257,249,0
instrument,False,0,749,52.881053,250,0
instrument,False,0,750,52.940232,250,0
instrument,False,0,751,53.000483,250,0
instrument,False,0,752,53.061015,250,0
instrument,False,0,753,53.120748,251,0
instrument,False,0,754,53.180282,251,0
instrument,False,0,755,53.240181,251,0
instrument,False,0,756,53.300228,252,0
instrument,False,0,757,53.36025,252,0
instrument,False,0,758,53.435311,253,0
instrument,False,0,759,53.495057,253,0
instrument,False,0,760,53.560998,253,0
instrument,False,0,761,53.616905,254,0
instrument,False,0,762,53.674947,254,0
instrument,False,0,763,53.735008,254,0
instrument,False,0,764,53.79492,254,0
instrument,False,0,765,53.854833,255,0
instrument,False,0,766,53.91481,255,0
instrument,False,0,767,53.989834,256,0
instrument,False,0,768,54.049764,256,0
instrument,False,0,769,54.109737,256,0
instrument,False,0,770,54.16968,257,0
instrument,False,0,771,54.229607,257,0
instrument,False,0,772,54.289584,257,0
instrument,False,0,773,54.349586,257,0
instrument,False,0,774,54.411879,258,0
instrument,False,0,775,54.469597,258,0
instrument,False,0,776,54.529576,258,0
instrument,False,0,777,54.589526,259,0
instrument,False,0,778,54.649473,259,0
instrument,False,0,779,54.709476,259,0
instrument,False,0,780,54.769791,260,0
instrument,False,0,781,54.829603,260,1
instrument,False,0,782,55.144477,262,0
instrument,False,0,783,55.20447,262,0
instrument,False,0,784,55.264531,262,0
instrument,False,0,785,55.324455,263,0
instrument,False,0,786,55.384397,263,0
instrument,False,0,787,55.456754,263,0
instrument,False,0,788,55.519329,264,0
instrument,False,0,789,55.579278,264,0
instrument,False,0,790,55.639347,264,0
instrument,False,0,791,55.709499,265,0
instrument,False,0,792,55.774545,265,0
instrument,False,0,793,55.834382,266,0
instrument,False,0,794,55.894332,266,0
instrument,False,0,795,55.954319,266,0
instrument,False,0,796,56.014288,267,0
instrument,False,0,797,56.074234,267,0
instrument,False,0,798,56.134214,267,0
instrument,False,0,799,56.195241,267,0
instrument,False,0,800,56.254176,268,0
instrument,False,0,801,56.314103,268,0
instrument,False,0,802,56.389092,269,0
instrument,False,0,803,56.449041,269,0
instrument,False,0,804,56.509647,269,0
instrument,False,0,805,56.570829,270,0
instrument,False,0,806,56.628928,270,0
instrument,False,0,807,56.688865,270,0
instrument,False,0,808,56.749175,270,0
instrument,False,0,809,56.809289,271,0
instrument,False,0,810,56.869504,271,0
instrument,False,0,811,56.943478,272,0
instrument,False,0,812,57.003417,272,0
instrument,False,0,813,57.063375,272,0
instrument,False,0,814,57.123467,273,0
instrument,False,0,815,57.183434,273,0
instrument,False,0,816,57.243753,273,0
instrument,False,0,817,57.304389,274,0
instrument,False,0,818,57.363297,274,0
instrument,False,0,819,57.42338,274,0
instrument,False,0,820,57.483243,274,0
instrument,False,0,821,57.543227,275,0
instrument,False,0,822,57.603188,275,0
instrument,False,0,823,57.663457,275,0
instrument,False,0,824,57.72313,276,0
instrument,False,0,825,57.783154,276,0
instrument,False,0,826,57.843058,276,0
instrument,False,0,827,57.903131,277,0
instrument,False,0,828,57.963014,277,0
instrument,False,0,829,58.025023,277,0
instrument,False,0,830,58.093267,278,0
instrument,False,0,831,58.158298,278,0
instrument,False,0,832,58.217981,278,0
instrument,False,0,833,58.277906,279,0
instrument,False,0,834,58.337913,279,0
instrument,False,0,835,58.397845,279,0
instrument,False,0,836,58.457798,280,0
instrument,False,0,837,58.519078,280,0
instrument,False,0,838,58.591786,280,0
instrument,False,0,839,58.652811,281,0
instrument,False,0,840,58.72781,281,0
instrument,False,0,841,58.787865,282,0
instrument,False,0,842,58.847742,282,0
instrument,False,0,843,58.907778,282,0
instrument,False,0,844,58.96776,283,0
instrument,False,0,845,59.027753,283,0
instrument,False,0,846,59.087809,283,0
instrument,False,0,847,59.149178,284,0
instrument,False,0,848,59.207775,284,0
instrument,False,0,849,59.26755,284,0
instrument,False,0,850,59.327597,284,0
instrument,False,0,851,59.387838,285,0
instrument,False,0,852,59.462504,285,0
instrument,False,0,853,59.522441,286,0
instrument,False,0,854,59.582386,286,0
instrument,False,0,855,59.642408,286,0
instrument,False,0,856,59.71788,286,1
instrument,False,0,857,59.957804,288,0
instrument,False,0,858,60.018313,288,0
instrument,False,0,859,60.077757,289,0
instrument,False,0,860,60.13772,289,0
instrument,False,0,861,60.197845,289,0
instrument,False,0,862,60.257619,290,0
instrument,False,0,863,60.317919,290,0
instrument,False,0,864,60.377551,290,0
instrument,False,0,865,60.439825,291,0
instrument,False,0,866,60.497478,291,0
instrument,False,0,867,60.557463,291,0
instrument,False,0,868,60.617786,291,0
instrument,False,0,869,60.677434,292,0
instrument,False,0,870,60.758321,292,0
instrument,False,0,871,60.827359,293,0
instrument,False,0,872,60.88727,293,0
instrument,False,0,873,60.94723,293,0
instrument,False,0,874,61.007371,294,0
instrument,False,0,875,61.067221,294,0
instrument,False,0,876,61.127461,294,0
instrument,False,0,877,61.18722,295,0
instrument,False,0,878,61.249134,295,0
instrument,False,0,879,61.307333,295,0
instrument,False,0,880,61.367124,296,0
instrument,False,0,881,61.427105,296,0
instrument,False,0,882,61.487057,296,0
instrument,False,0,883,61.547013,297,0
instrument,False,0,884,61.606959,297,0
instrument,False,0,885,61.667738,297,0
instrument,False,0,886,61.728391,297,0
instrument,False,0,887,61.786908,298,0
instrument,False,0,888,61.847112,298,0
instrument,False,0,889,61.907006,298,0
instrument,False,0,890,61.966799,299,0
instrument,False,0,891,62.026853,299,0
instrument,False,0,892,62.087002,299,0
instrument,False,0,893,62.146832,300,0
instrument,False,0,894,62.213572,300,0
instrument,False,0,895,62.26658,300,0
instrument,False,0,896,62.386516,301,0
instrument,False,0,897,62.47702,302,0
instrument,False,0,898,62.536589,302,0
instrument,False,0,899,62.611643,302,0
instrument,False,0,900,62.671505,303,0
instrument,False,0,901,62.731973,303,0
instrument,False,0,902,62.79142,303,0
instrument,False,0,903,62.851409,304,0
instrument,False,0,904,62.91283,304,0
instrument,False,0,905,62.97138,304,0
instrument,False,0,906,63.031402,305,0
instrument,False,0,907,63.091326,305,0
instrument,False,0,908,63.15138,305,0
instrument,False,0,909,63.2113,306,0
instrument,False,0,910,63.271332,306,0
instrument,False,0,911,63.331769,306,0
instrument,False,0,912,63.391154,307,0
instrument,False,0,913,63.46613,307,0
instrument,False,0,914,63.52655,307,0
instrument,False,0,915,63.586109,308,0
instrument,False,0,916,63.646628,308,0
instrument,False,0,917,63.706418,308,0
instrument,False,0,918,63.766054,309,0
instrument,False,0,919,63.826071,309,0
instrument,False,0,920,63.886059,309,0
instrument,False,0,921,63.946957,310,0
instrument,False,0,922,64.00596,310,0
instrument,False,0,923,64.06593,310,0
instrument,False,0,924,64.126912,311,0
instrument,False,0,925,64.18598,311,0
instrument,False,0,926,64.245814,311,0
instrument,False,0,927,64.305715,311,0
instrument,False,0,928,64.366308,312,0
instrument,False,0,929,64.425704,312,0
instrument,False,0,930,64.485643,312,0
instrument,False,0,931,64.545817,313,0
instrument,False,0,932,64.605676,313,0
instrument,False,0,933,64.665512,313,0
instrument,False,0,934,64.72545,314,0
instrument,False,0,935,64.785717,314,0
instrument,False,0,936,64.845381,314,0
instrument,False,0,937,64.905266,315,0
instrument,False,0,938,64.965225,315,0
instrument,False,0,939,65.025238,315,0
instrument,False,0,940,65.085227,316,0
instrument,False,0,941,65.146158,316,0
instrument,False,0,942,65.208717,316,0
instrument,False,0,943,65.265049,317,0
instrument,False,0,944,65.324682,317,0
instrument,False,0,945,65.384987,317,0
instrument,False,0,946,65.444919,318,0
instrument,False,0,947,65.505274,318,0
instrument,False,0,948,65.564628,318,0
instrument,False,0,949,65.624736,319,0
instrument,False,0,950,65.684555,319,0
instrument,False,0,951,65.745068,319,0
instrument,False,0,952,65.804437,320,0
instrument,False,0,953,65.86542,320,0
instrument,False,0,954,65.924393,320,0
instrument,False,0,955,65.98466,321,0
instrument,False,0,956,66.04451,321,0
instrument,False,0,957,66.104436,321,0
instrument,False,0,958,66.164385,322,0
instrument,False,0,959,66.224344,322,0
instrument,False,0,960,66.285432,322,0
instrument,False,0,961,66.345125,323,0
instrument,False,0,962,66.404501,323,0
instrument,False,0,963,66.464186,323,1
instrument,False,0,964,66.839125,325,0
instrument,False,0,965,66.899039,326,0
instrument,False,0,966,66.9591,326,0
instrument,False,0,967,67.01924,326,0
instrument,False,0,968,67.078929,327,0
instrument,False,0,969,67.138854,327,0
instrument,False,0,970,67.198954,327,0
instrument,False,0,971,67.258835,327,0
instrument,False,0,972,67.31882,328,0
instrument,False,0,973,67.378736,328,0
instrument,False,0,974,67.453754,329,0
instrument,False,0,975,67.513818,329,0
instrument,False,0,976,67.573677,329,0
instrument,False,0,977,67.633948,330,0
instrument,False,0,978,67.693594,330,0
instrument,False,0,979,67.753584,330,0
instrument,False,0,980,67.815878,331,0
instrument,False,0,981,67.87543,331,0
instrument,False,0,982,67.948745,331,0
instrument,False,0,983,68.00869,332,0
instrument,False,0,984,68.068724,332,0
instrument,False,0,985,68.128665,332,0
instrument,False,0,986,68.203938,333,0
instrument,False,0,987,68.263581,333,0
instrument,False,0,988,68.323499,333,0
instrument,False,0,989,68.383485,334,0
instrument,False,0,990,68.443448,334,0
instrument,False,0,991,68.50345,334,0
instrument,False,0,992,68.563542,335,0
instrument,False,0,993,68.628762,335,0
instrument,False,0,994,68.683309,335,0
instrument,False,0,995,68.743368,336,0
instrument,False,0,996,68.80331,336,0
instrument,False,0,997,68.863314,336,0
instrument,False,0,998,68.923226,337,0
instrument,False,0,999,68.983662,337,0
instrument,False,0,1000,69.043272,337,0
instrument,False,0,1001,69.103098,337,0
instrument,False,0,1002,69.163054,338,0
instrument,False,0,1003,69.223151,338,0
instrument,False,0,1004,69.283086,338,0
instrument,False,0,1005,69.342985,339,0
instrument,False,0,1006,69.403114,339,0
instrument,False,0,1007,69.463056,339,0
instrument,False,0,1008,69.522964,340,0
instrument,False,0,1009,69.582946,340,0
instrument,False,0,1010,69.643012,340,0
instrument,False,0,1011,69.703264,341,0
instrument,False,0,1012,69.763085,341,0
instrument,False,0,1013,69.823315,341,0
instrument,False,0,1014,69.883164,342,0
instrument,False,0,1015,69.944088,342,0
instrument,False,0,1016,70.00294,342,0
instrument,False,0,1017,70.06294,343,0
instrument,False,0,1018,70.122919,343,0
instrument,False,0,1019,70.182798,343,0
instrument,False,0,1020,70.242785,344,0
instrument,False,0,1021,70.302857,344,0
instrument,False,0,1022,70.362696,344,0
instrument,False,0,1023,70.422789,345,0
instrument,False,0,1024,70.482761,345,0
instrument,False,0,1025,70.542625,345,0
instrument,False,0,1026,70.602958,346,0
instrument,False,0,1027,70.66258,346,0
instrument,False,0,1028,70.722649,346,0
instrument,False,0,1029,70.782739,347,0
instrument,False,0,1030,70.84324,347,0
instrument,False,0,1031,70.903306,347,0
instrument,False,0,1032,70.962861,348,0
instrument,False,0,1033,71.022474,348,0
instrument,False,0,1034,71.082409,348,0
instrument,False,0,1035,71.142492,349,0
instrument,False,0,1036,71.202519,349,0
instrument,False,0,1037,71.268911,349,0
instrument,False,0,1038,71.322509,350,0
instrument,False,0,1039,71.382413,350,0
instrument,False,0,1040,71.442514,350,0
instrument,False,0,1041,71.502733,351,0
instrument,False,0,1042,71.562263,351,0
instrument,False,0,1043,71.802153,352,0
instrument,False,0,1044,71.87711,353,0
instrument,False,0,1045,71.95431,353,0
instrument,False,0,1046,72.012297,353,0
instrument,False,0,1047,72.072051,354,0
instrument,False,0,1048,72.132047,354,0
instrument,False,0,1049,72.19234,354,0
instrument,False,0,1050,72.252092,355,0
instrument,False,0,1051,72.312156,355,0
instrument,False,0,1052,72.371908,355,0
instrument,False,0,1053,72.431992,356,0
instrument,False,0,1054,72.491882,356,0
instrument,False,0,1055,72.551851,356,0
instrument,False,0,1056,72.612096,357,0
instrument,False,0,1057,72.671724,357,0
instrument,False,0,1058,72.732104,357,0
instrument,False,0,1059,72.79369,358,0
instrument,False,0,1060,72.851645,358,0
instrument,False,0,1061,72.911571,358,0
instrument,False,0,1062,72.971932,358,0
instrument,False,0,1063,73.031914,359,0
instrument,False,0,1064,73.09172,359,0
instrument,False,0,1065,73.151649,359,0
instrument,False,0,1066,73.211521,360,0
instrument,False,0,1067,73.271695,360,0
instrument,False,0,1068,73.331515,360,0
instrument,False,0,1069,73.391536,361,0
instrument,False,0,1070,73.451399,361,0
instrument,False,0,1071,73.511522,361,0
instrument,False,0,1072,73.571791,362,0
instrument,False,0,1073,73.631447,362,0
instrument,False,0,1074,73.691415,362,0
instrument,False,0,1075,73.751247,363,0
instrument,False,0,1076,73.811396,363,0
instrument,False,0,1077,73.871189,363,0
instrument,False,0,1078,73.931183,364,0
instrument,False,0,1079,73.99126,364,0
instrument,False,0,1080,74.051227,364,0
instrument,False,0,1081,74.111167,365,0
instrument,False,0,1082,74.171244,365,0
instrument,False,0,1083,74.231179,365,0
instrument,False,0,1084,74.291449,366,0
instrument,False,0,1085,74.351054,366,0
instrument,False,0,1086,74.411023,366,0
instrument,False,0,1087,74.470982,367,0
instrument,False,0,1088,74.530982,367,0
instrument,False,0,1089,74.590992,367,0
instrument,False,0,1090,74.65098,368,0
instrument,False,0,1091,74.710889,368,0
instrument,False,0,1092,74.770783,368,0
instrument,False,0,1093,74.830997,369,0
instrument,False,0,1094,74.890826,369,0
instrument,False,0,1095,74.951428,369,0
instrument,False,0,1096,75.010811,370,0
instrument,False,0,1097,75.070746,370,0
instrument,False,0,1098,75.130768,370,0
instrument,False,0,1099,75.190743,371,0
instrument,False,0,1100,75.250636,371,0
instrument,False,0,1101,75.310713,371,0
instrument,False,0,1102,75.370578,371,0
instrument,False,0,1103,75.430594,372,0
instrument,False,0,1104,75.490552,372,0
instrument,False,0,1105,75.55047,372,0
instrument,False,0,1106,75.610401,373,0
instrument,False,0,1107,75.670427,373,0
instrument,False,0,1108,75.730457,373,0
instrument,False,0,1109,75.790478,374,0
instrument,False,0,1110,75.850393,374,0
instrument,False,0,1111,75.910373,374,0
instrument,False,0,1112,75.970663,375,0
instrument,False,0,1113,76.030296,375,0
instrument,False,0,1114,76.090296,375,0
instrument,False,0,1115,76.150264,376,0
instrument,False,0,1116,76.210212,376,0
instrument,False,0,1117,76.270373,376,0
instrument,False,0,1118,76.330149,377,0
instrument,False,0,1119,76.390345,377,0
instrument,False,0,1120,76.450117,377,0
instrument,False,0,1121,76.51007,378,0
instrument,False,0,1122,76.570164,378,0
instrument,False,0,1123,76.629967,378,0
instrument,False,0,1124,76.690075,379,0
instrument,False,0,1125,76.750458,379,0
instrument,False,0,1126,76.80989,379,0
instrument,False,0,1127,76.870023,380,0
instrument,False,0,1128,76.929914,380,0
instrument,False,0,1129,76.989974,380,0
instrument,False,0,1130,77.049829,381,0
instrument,False,0,1131,77.109807,381,0
instrument,False,0,1132,77.170076,381,0
instrument,False,0,1133,77.230055,382,0
instrument,False,0,1134,77.289638,382,0
instrument,False,0,1135,77.349583,382,0
instrument,False,0,1136,77.409679,383,0
instrument,False,0,1137,77.469735,383,0
instrument,False,0,1138,77.529561,383,0
instrument,False,0,1139,77.589516,384,0
instrument,False,0,1140,77.649936,384,0
instrument,False,0,1141,77.709454,384,0
instrument,False,0,1142,77.769451,384,0
instrument,False,0,1143,77.829988,385,0
instrument,False,0,1144,77.88955,385,0
instrument,False,0,1145,77.950805,385,0
instrument,False,0,1146,78.009682,386,0
instrument,False,0,1147,78.069372,386,0
instrument,False,0,1148,78.129353,386,0
instrument,False,0,1149,78.189349,387,0
instrument,False,0,1150,78.249398,387,0
instrument,False,0,1151,78.309231,387,0
instrument,False,0,1152,78.37869,388,0
instrument,False,0,1153,78.444141,388,0
instrument,False,0,1154,78.504177,388,0
instrument,False,0,1155,78.564112,389,0
instrument,False,0,1156,78.624404,389,0
instrument,False,0,1157,78.684019,389,0
instrument,False,0,1158,78.745412,390,1
instrument,False,0,1159,79.118813,392,0
instrument,False,0,1160,79.180468,392,0
instrument,False,0,1161,79.243179,392,0
instrument,False,0,1162,79.298685,393,0
instrument,False,0,1163,79.358697,393,0
instrument,False,0,1164,79.418754,393,0
instrument,False,0,1165,79.4786,394,0
instrument,False,0,1166,79.538565,394,0
instrument,False,0,1167,79.598554,394,0
instrument,False,0,1168,79.658799,395,0
instrument,False,0,1169,79.719262,395,0
instrument,False,0,1170,79.778452,395,0
instrument,False,0,1171,79.838617,396,0
instrument,False,0,1172,79.89835,396,0
instrument,False,0,1173,79.958321,396,0
instrument,False,0,1174,80.018465,397,0
instrument,False,0,1175,80.078264,397,0
instrument,False,0,1176,80.138245,397,0
instrument,False,0,1177,80.198354,398,0
instrument,False,0,1178,80.258128,398,0
instrument,False,0,1179,80.33324,398,0
instrument,False,0,1180,80.393164,399,0
instrument,False,0,1181,80.45313,399,0
instrument,False,0,1182,80.513217,399,0
instrument,False,0,1183,80.573108,400,0
instrument,False,0,1184,80.633029,400,0
instrument,False,0,1185,80.69299,400,0
instrument,False,0,1186,80.752965,401,0
instrument,False,0,1187,80.812947,401,0
instrument,False,0,1188,80.873307,401,0
instrument,False,0,1189,80.933262,402,0
instrument,False,0,1190,80.992834,402,0
instrument,False,0,1191,81.052782,402,0
instrument,False,0,1192,81.112767,403,0
instrument,False,0,1193,81.172733,403,0
instrument,False,0,1194,81.232622,403,0
instrument,False,0,1195,81.292679,404,0
instrument,False,0,1196,81.352643,404,0
instrument,False,0,1197,81.412585,404,0
instrument,False,0,1198,81.472565,405,0
instrument,False,0,1199,81.532529,405,0
instrument,False,0,1200,81.592489,405,0
instrument,False,0,1201,81.653243,406,0
instrument,False,0,1202,81.712584,406,0
instrument,False,0,1203,81.772894,406,0
instrument,False,0,1204,81.832565,407,0
instrument,False,0,1205,81.892437,407,0
instrument,False,0,1206,81.952489,407,0
instrument,False,0,1207,82.012903,408,0
instrument,False,0,1208,82.072316,408,0
instrument,False,0,1209,82.132316,408,0
instrument,False,0,1210,82.1923,408,0
instrument,False,0,1211,82.252269,409,0
instrument,False,0,1212,82.312458,409,0
instrument,False,0,1213,82.372182,409,0
instrument,False,0,1214,82.432255,410,0
instrument,False,0,1215,82.492084,410,0
instrument,False,0,1216,82.552059,410,0
instrument,False,0,1217,82.612065,411,0
instrument,False,0,1218,82.672138,411,0
instrument,False,0,1219,82.732104,411,0
instrument,False,0,1220,82.792013,412,0
instrument,False,0,1221,82.851868,412,0
instrument,False,0,1222,82.918337,412,0
instrument,False,0,1223,82.971844,413,0
instrument,False,0,1224,83.031902,413,0
instrument,False,0,1225,83.09186,413,0
instrument,False,0,1226,83.152839,414,0
instrument,False,0,1227,83.212996,414,0
instrument,False,0,1228,83.271814,414,0
instrument,False,0,1229,83.347199,415,0
instrument,False,0,1230,83.406783,415,0
instrument,False,0,1231,83.466668,415,0
instrument,False,0,1232,83.526689,416,0
instrument,False,0,1233,83.586976,416,0
instrument,False,0,1234,83.646562,416,0
instrument,False,0,1235,83.706559,417,0
instrument,False,0,1236,83.772458,417,0
instrument,False,0,1237,83.84154,417,0
instrument,False,0,1238,83.901495,418,0
instrument,False,0,1239,83.961403,418,0
instrument,False,0,1240,84.021451,418,0
instrument,False,0,1241,84.081229,419,0
instrument,False,0,1242,84.321336,420,0
instrument,False,0,1243,84.396213,420,0
instrument,False,0,1244,84.456153,421,0
instrument,False,0,1245,84.516205,421,0
instrument,False,0,1246,84.576111,421,0
instrument,False,0,1247,84.63606,422,0
instrument,False,0,1248,84.697717,422,0
instrument,False,0,1249,84.755991,422,0
instrument,False,0,1250,84.816354,423,0
instrument,False,0,1251,84.876095,423,0
instrument,False,0,1252,84.935879,423,0
instrument,False,0,1253,84.995873,424,0
instrument,False,0,1254,85.055818,424,0
instrument,False,0,1255,85.115925,424,0
instrument,False,0,1256,85.17574,425,0
instrument,False,0,1257,85.236038,425,0
instrument,False,0,1258,85.29611,425,0
instrument,False,0,1259,85.35565,426,0
instrument,False,0,1260,85.415616,426,0
instrument,False,0,1261,85.475607,426,0
instrument,False,0,1262,85.535562,427,0
instrument,False,0,1263,85.595656,427,0
instrument,False,0,1264,85.655503,427,0
instrument,False,0,1265,85.715543,428,0
instrument,False,0,1266,85.77949,428,0
instrument,False,0,1267,85.836065,428,0
instrument,False,0,1268,85.895437,429,0
instrument,False,0,1269,85.955441,429,0
instrument,False,0,1270,86.015405,429,0
instrument,False,0,1271,86.075369,430,0
instrument,False,0,1272,86.135386,430,0
instrument,False,0,1273,86.195255,430,0
instrument,False,0,1274,86.262348,431,0
instrument,False,0,1275,86.315466,431,0
instrument,False,0,1276,86.375165,431,0
instrument,False,0,1277,86.435688,431,0
instrument,False,0,1278,86.495201,432,0
instrument,False,0,1279,86.555062,432,0
instrument,False,0,1280,86.615085,432,0
instrument,False,0,1281,86.67502,433,0
instrument,False,0,1282,86.735021,433,0
instrument,False,0,1283,86.794964,433,0
instrument,False,0,1284,86.854921,434,0
instrument,False,0,1285,86.91485,434,0
instrument,False,0,1286,86.975062,434,0
instrument,False,0,1287,87.034962,435,0
instrument,False,0,1288,87.095334,435,0
instrument,False,0,1289,87.15495,435,0
instrument,False,0,1290,87.214823,436,0
instrument,False,0,1291,87.274925,436,0
instrument,False,0,1292,87.334957,436,0
instrument,False,0,1293,87.39472,437,0
instrument,False,0,1294,87.454703,437,0
instrument,False,0,1295,87.514633,437,0
instrument,False,0,1296,87.574626,438,0
instrument,False,0,1297,87.634709,438,0
instrument,False,0,1298,87.694514,438,0
instrument,False,0,1299,87.754515,439,0
instrument,False,0,1300,87.814551,439,0
instrument,False,0,1301,87.87444,439,0
instrument,False,0,1302,87.936391,440,0
instrument,False,0,1303,87.994362,440,0
instrument,False,0,1304,88.054367,440,0
instrument,False,0,1305,88.114502,441,0
instrument,False,0,1306,88.17653,441,0
instrument,False,0,1307,88.23583,441,0
instrument,False,0,1308,88.294392,442,0
instrument,False,0,1309,88.354351,442,0
instrument,False,0,1310,88.414244,442,0
instrument,False,0,1311,88.474421,443,0
instrument,False,0,1312,88.534199,443,0
instrument,False,0,1313,88.594181,443,0
instrument,False,0,1314,88.654159,444,0
instrument,False,0,1315,88.7155,444,0
instrument,False,0,1316,88.774432,444,0
instrument,False,0,1317,88.835973,445,0
instrument,False,0,1318,88.894167,445,0
instrument,False,0,1319,88.954092,445,0
instrument,False,0,1320,89.013926,445,0
instrument,False,0,1321,89.074095,446,0
instrument,False,0,1322,89.134016,446,0
instrument,False,0,1323,89.193961,446,0
instrument,False,0,1324,89.254937,447,0
instrument,False,0,1325,89.313914,447,0
instrument,False,0,1326,89.374397,447,0
instrument,False,0,1327,89.433822,448,0
instrument,False,0,1328,89.49414,448,0
instrument,False,0,1329,89.553743,448,0
instrument,False,0,1330,89.613696,449,0
instrument,False,0,1331,89.748625,449,0
instrument,False,0,1332,89.808928,450,0
instrument,False,0,1333,89.895826,450,0
instrument,False,0,1334,89.958832,451,0
instrument,False,0,1335,90.01987,451,0
instrument,False,0,1336,90.078837,451,0
instrument,False,0,1337,90.138625,452,0
instrument,False,0,1338,90.198503,452,0
instrument,False,0,1339,90.26187,452,0
instrument,False,0,1340,90.318571,453,0
instrument,False,0,1341,90.378481,453,0
instrument,False,0,1342,90.438559,453,0
instrument,False,0,1343,90.498386,454,0
instrument,False,0,1344,90.558298,454,0
instrument,False,0,1345,90.618316,454,0
instrument,False,0,1346,90.679611,455,0
instrument,False,0,1347,90.738185,455,0
instrument,False,0,1348,90.798163,455,0
instrument,False,0,1349,90.8581,455,0
instrument,False,0,1350,90.918111,456,0
instrument,False,0,1351,90.978275,456,0
instrument,False,0,1352,91.038016,456,0
instrument,False,0,1353,91.097989,457,0
instrument,False,0,1354,91.157928,457,0
instrument,False,0,1355,91.218127,457,0
instrument,False,0,1356,91.277979,458,0
instrument,False,0,1357,91.337974,458,0
instrument,False,0,1358,91.398371,458,0
instrument,False,0,1359,91.458567,459,0
instrument,False,0,1360,91.517928,459,0
instrument,False,0,1361,91.577944,459,0
instrument,False,0,1362,91.637943,460,0
instrument,False,0,1363,91.697892,460,0
instrument,False,0,1364,91.757635,460,1
instrument,False,0,1365,92.117636,462,0
instrument,False,0,1366,92.177837,463,0
instrument,False,0,1367,92.23802,463,0
instrument,False,0,1368,92.312377,463,0
instrument,False,0,1369,92.379323,464,0
instrument,False,0,1370,92.432331,464,0
instrument,False,0,1371,92.492324,464,0
instrument,False,0,1372,92.552406,465,0
instrument,False,0,1373,92.612831,465,0
instrument,False,0,1374,92.672706,465,0
instrument,False,0,1375,92.732308,466,0
instrument,False,0,1376,92.792235,466,0
instrument,False,0,1377,92.852345,466,0
instrument,False,0,1378,92.912282,467,0
instrument,False,0,1379,92.972335,467,0
instrument,False,0,1380,93.03311,467,0
instrument,False,0,1381,93.092082,468,0
instrument,False,0,1382,93.152154,468,0
instrument,False,0,1383,93.212157,468,0
instrument,False,0,1384,93.272263,469,0
instrument,False,0,1385,93.332151,469,0
instrument,False,0,1386,93.392957,469,0
instrument,False,0,1387,93.452077,470,0
instrument,False,0,1388,93.511931,470,0
instrument,False,0,1389,93.572025,470,0
instrument,False,0,1390,93.632285,471,0
instrument,False,0,1391,93.691941,471,0
instrument,False,0,1392,93.752815,471,0
instrument,False,0,1393,93.828734,472,0
instrument,False,0,1394,93.886878,472,0
instrument,False,0,1395,93.946933,472,0
instrument,False,0,1396,94.006883,473,0
instrument,False,0,1397,94.066747,473,0
instrument,False,0,1398,94.12712,473,0
instrument,False,0,1399,94.186665,474,0
instrument,False,0,1400,94.24663,474,0
instrument,False,0,1401,94.306626,474,0
instrument,False,0,1402,94.36791,475,0
instrument,False,0,1403,94.426647,475,0
instrument,False,0,1404,94.486493,475,0
instrument,False,0,1405,94.546477,475,0
instrument,False,0,1406,94.60647,476,0
instrument,False,0,1407,94.696078,476,0
instrument,False,0,1408,94.771446,477,0
instrument,False,0,1409,94.831774,477,0
instrument,False,0,1410,94.893526,477,0
instrument,False,0,1411,94.951231,478,0
instrument,False,0,1412,95.011194,478,0
instrument,False,0,1413,95.071944,478,0
instrument,False,0,1414,95.161153,479,0
instrument,False,0,1415,95.223025,479,0
instrument,False,0,1416,95.281138,479,0
instrument,False,0,1417,95.341249,480,0
instrument,False,0,1418,95.401114,480,0
instrument,False,0,1419,95.461071,480,0
instrument,False,0,1420,95.521,481,0
instrument,False,0,1421,95.580938,481,0
instrument,False,0,1422,95.640906,481,0
instrument,False,0,1423,95.700951,482,0
instrument,False,0,1424,95.760873,482,0
instrument,False,0,1425,95.820819,482,0
instrument,False,0,1426,95.880789,483,0
instrument,False,0,1427,95.955732,483,0
instrument,False,0,1428,96.015775,483,0
instrument,False,0,1429,96.075805,484,0
instrument,False,0,1430,96.135634,484,0
instrument,False,0,1431,96.195722,484,0
instrument,False,0,1432,96.255889,485,0
instrument,False,0,1433,96.315573,485,0
instrument,False,0,1434,96.375904,485,0
instrument,False,0,1435,96.436505,486,0
instrument,False,0,1436,96.495743,486,0
instrument,False,0,1437,96.555407,486,0
instrument,False,0,1438,96.615396,487,0
instrument,False,0,1439,96.675487,487,0
instrument,False,0,1440,96.735465,487,0
instrument,False,0,1441,96.795397,488,0
instrument,False,0,1442,96.863315,488,0
instrument,False,0,1443,96.915392,488,0
instrument,False,0,1444,96.975616,489,0
instrument,False,0,1445,97.03523,489,0
instrument,False,0,1446,97.095401,489,0
instrument,False,0,1447,97.15512,490,0
instrument,False,0,1448,97.425026,491,0
instrument,False,0,1449,97.515011,492,0
instrument,False,0,1450,97.574949,492,0
instrument,False,0,1451,97.63492,492,0
instrument,False,0,1452,97.694893,493,0
instrument,False,0,1453,97.75488,493,0
instrument,False,0,1454,97.814785,493,0
instrument,False,0,1455,97.874763,494,0
instrument,False,0,1456,97.934776,494,0
instrument,False,0,1457,97.994701,494,0
instrument,False,0,1458,98.054779,495,0
instrument,False,0,1459,98.11506,495,0
instrument,False,0,1460,98.174997,495,0
instrument,False,0,1461,98.234663,495,0
instrument,False,0,1462,98.294661,496,0
instrument,False,0,1463,98.355649,496,0
instrument,False,0,1464,98.414644,496,0
instrument,False,0,1465,98.474632,497,0
instrument,False,0,1466,98.534694,497,0
instrument,False,0,1467,98.594525,497,0
instrument,False,0,1468,98.654788,498,0
instrument,False,0,1469,98.714405,498,0
instrument,False,0,1470,98.791113,498,0
instrument,False,0,1471,98.849833,499,0
instrument,False,0,1472,98.9093,499,0
instrument,False,0,1473,98.969551,499,0
instrument,False,0,1474,99.02921,500,0
instrument,False,0,1475,99.089224,500,0
instrument,False,0,1476,99.149145,500,0
instrument,False,0,1477,99.209136,501,0
instrument,False,0,1478,99.269091,501,0
instrument,False,0,1479,99.329061,501,0
instrument,False,0,1480,99.389558,502,0
instrument,False,0,1481,99.449131,502,0
instrument,False,0,1482,99.512017,502,0
instrument,False,0,1483,99.569091,503,0
instrument,False,0,1484,99.634984,503,0
instrument,False,0,1485,99.688993,503,0
instrument,False,0,1486,99.748928,504,0
instrument,False,0,1487,99.808891,504,0
instrument,False,0,1488,99.869039,504,0
instrument,False,0,1489,99.943835,505,0
instrument,False,0,1490,100.003807,505,0
instrument,False,0,1491,100.063753,505,0
instrument,False,0,1492,100.125706,506,0
instrument,False,0,1493,100.183696,506,0
instrument,False,0,1494,100.243776,506,0
instrument,False,0,1495,100.304526,507,0
instrument,False,0,1496,100.363587,507,0
instrument,False,0,1497,100.424532,507,0
instrument,False,0,1498,100.483852,508,0
instrument,False,0,1499,100.543477,508,0
instrument,False,0,1500,100.608392,508,0
instrument,False,0,1501,100.663413,509,0
instrument,False,0,1502,100.723829,509,0
instrument,False,0,1503,100.783455,509,0
instrument,False,0,1504,100.843552,510,0
instrument,False,0,1505,100.90411,510,0
instrument,False,0,1506,100.963685,510,0
instrument,False,0,1507,101.023539,511,0
instrument,False,0,1508,101.083551,511,0
instrument,False,0,1509,101.143263,511,0
instrument,False,0,1510,101.233825,512,0
instrument,False,0,1511,101.293138,512,0
instrument,False,0,1512,101.353155,512,0
instrument,False,0,1513,101.413081,513,0
instrument,False,0,1514,101.47355,513,0
instrument,False,0,1515,101.533019,513,0
instrument,False,0,1516,101.593074,514,0
instrument,False,0,1517,101.653026,514,0
instrument,False,0,1518,101.713031,514,0
instrument,False,0,1519,101.772908,515,0
instrument,False,0,1520,101.833836,515,0
instrument,False,0,1521,101.892836,515,0
instrument,False,0,1522,101.952841,516,0
instrument,False,0,1523,102.012852,516,0
instrument,False,0,1524,102.072908,516,0
instrument,False,0,1525,102.132862,517,0
instrument,False,0,1526,102.192792,517,0
instrument,False,0,1527,102.252851,517,0
instrument,False,0,1528,102.31306,518,0
instrument,False,0,1529,102.372651,518,0
instrument,False,0,1530,102.432862,518,0
instrument,False,0,1531,102.493606,519,0
instrument,False,0,1532,102.552551,519,0
instrument,False,0,1533,102.612607,519,0
instrument,False,0,1534,102.672511,520,0
instrument,False,0,1535,102.733541,520,0
instrument,False,0,1536,102.794836,520,0
instrument,False,0,1537,102.852386,521,0
instrument,False,0,1538,102.917837,521,0
instrument,False,0,1539,102.987305,521,0
instrument,False,0,1540,103.047297,522,0
instrument,False,0,1541,103.107246,522,0
instrument,False,0,1542,103.167371,522,0
instrument,False,0,1543,103.227258,523,0
instrument,False,0,1544,103.287242,523,0
instrument,False,0,1545,103.347214,523,0
instrument,False,0,1546,103.407217,524,0
instrument,False,0,1547,103.470728,524,0
instrument,False,0,1548,103.527221,524,0
instrument,False,0,1549,103.587094,525,0
instrument,False,0,1550,103.64701,525,0
instrument,False,0,1551,103.709014,525,0
instrument,False,0,1552,103.767063,525,0
instrument,False,0,1553,103.826972,526,0
instrument,False,0,1554,103.886941,526,0
instrument,False,0,1555,103.946939,526,0
instrument,False,0,1556,104.006843,527,0
instrument,False,0,1557,104.066958,527,0
instrument,False,0,1558,104.127268,527,0
instrument,False,0,1559,104.18687,528,0
instrument,False,0,1560,104.247813,528,0
instrument,False,0,1561,104.306928,528,0
instrument,False,0,1562,104.366747,529,0
instrument,False,0,1563,104.426737,529,0
instrument,False,0,1564,104.486643,529,0
instrument,False,0,1565,104.54683,530,0
instrument,False,0,1566,104.606823,530,0
instrument,False,0,1567,104.667506,530,0
instrument,False,0,1568,104.726664,531,0
instrument,False,0,1569,104.786725,531,0
instrument,False,0,1570,104.847522,531,0
instrument,False,0,1571,104.906713,532,0
instrument,False,0,1572,104.966531,532,0
instrument,False,0,1573,105.026568,532,0
instrument,False,0,1574,105.08688,533,0
instrument,False,0,1575,105.14707,533,0
instrument,False,0,1576,105.206374,533,1
instrument,False,0,1577,105.596147,535,0
instrument,False,0,1578,105.656128,536,0
instrument,False,0,1579,105.716447,536,0
instrument,False,0,1580,105.776105,536,0
instrument,False,0,1581,105.836093,537,0
instrument,False,0,1582,105.898069,537,0
instrument,False,0,1583,105.956402,537,0
instrument,False,0,1584,106.016534,538,0
instrument,False,0,1585,106.076313,538,0
instrument,False,0,1586,106.1373,538,0
instrument,False,0,1587,106.195927,539,0
instrument,False,0,1588,106.259828,539,0
instrument,False,0,1589,106.316226,539,0
instrument,False,0,1590,106.37576,540,0
instrument,False,0,1591,106.435694,540,0
instrument,False,0,1592,106.495723,540,0
instrument,False,0,1593,106.555707,541,0
instrument,False,0,1594,106.615672,541,0
instrument,False,0,1595,106.676989,541,0
instrument,False,0,1596,106.735675,542,0
instrument,False,0,1597,106.795706,542,0
instrument,False,0,1598,106.855784,542,0
instrument,False,0,1599,106.91549,543,0
instrument,False,0,1600,106.975472,543,0
instrument,False,0,1601,107.035682,543,0
instrument,False,0,1602,107.09539,544,0
instrument,False,0,1603,107.155349,544,0
instrument,False,0,1604,107.215796,544,0
instrument,False,0,1605,107.275351,545,0
instrument,False,0,1606,107.335238,545,0
instrument,False,0,1607,107.395287,545,0
instrument,False,0,1608,107.455264,545,0
instrument,False,0,1609,107.515188,546,0
instrument,False,0,1610,107.575228,546,0
instrument,False,0,1611,107.635167,546,0
instrument,False,0,1612,107.695179,547,0
instrument,False,0,1613,107.755091,547,0
instrument,False,0,1614,107.815085,547,0
instrument,False,0,1615,107.875087,548,0
instrument,False,0,1616,107.935017,548,0
instrument,False,0,1617,107.995014,548,0
instrument,False,0,1618,108.055042,549,0
instrument,False,0,1619,108.1149,549,0
instrument,False,0,1620,108.178925,549,0
instrument,False,0,1621,108.235019,550,0
instrument,False,0,1622,108.294903,550,0
instrument,False,0,1623,108.354892,550,0
instrument,False,0,1624,108.418818,551,0
instrument,False,0,1625,108.474823,551,0
instrument,False,0,1626,108.534877,551,0
instrument,False,0,1627,108.59509,552,0
instrument,False,0,1628,108.670002,552,0
instrument,False,0,1629,108.729666,552,0
instrument,False,0,1630,108.78965,553,0
instrument,False,0,1631,108.864659,553,0
instrument,False,0,1632,108.93095,553,0
instrument,False,0,1633,108.986592,554,0
instrument,False,0,1634,109.044622,554,0
instrument,False,0,1635,109.104973,554,0
instrument,False,0,1636,109.16458,555,0
instrument,False,0,1637,109.224995,555,0
instrument,False,0,1638,109.284473,555,0
instrument,False,0,1639,109.345669,556,0
instrument,False,0,1640,109.404431,556,0
instrument,False,0,1641,109.464386,556,0
instrument,False,0,1642,109.524461,557,0
instrument,False,0,1643,109.584312,557,0
instrument,False,0,1644,109.644248,557,0
instrument,False,0,1645,109.719377,558,0
instrument,False,0,1646,109.779439,558,0
instrument,False,0,1647,109.842269,558,0
instrument,False,0,1648,109.917167,559,0
instrument,False,0,1649,109.974214,559,0
instrument,False,0,1650,110.034184,559,0
instrument,False,0,1651,110.094397,560,0
instrument,False,0,1652,110.154108,560,0
instrument,False,0,1653,110.21411,560,0
instrument,False,0,1654,110.275371,561,0
instrument,False,0,1655,110.339024,561,0
instrument,False,0,1656,110.394308,561,0
instrument,False,0,1657,110.454016,562,0
instrument,False,0,1658,110.513959,562,0
instrument,False,0,1659,110.573981,562,0
instrument,False,0,1660,110.645456,563,0
instrument,False,0,1661,110.724249,563,0
instrument,False,0,1662,110.783808,564,0
instrument,False,0,1663,110.843818,564,0
instrument,False,0,1664,110.903734,564,0
instrument,False,0,1665,110.96364,564,1
instrument,False,0,1666,111.263494,566,0
instrument,False,0,1667,111.323489,566,0
instrument,False,0,1668,111.383432,567,0
instrument,False,0,1669,111.4585,567,0
instrument,False,0,1670,111.518371,568,0
instrument,False,0,1671,111.578376,568,0
instrument,False,0,1672,111.644561,568,0
instrument,False,0,1673,111.698429,568,0
instrument,False,0,1674,111.758524,569,0
instrument,False,0,1675,111.818465,569,0
instrument,False,0,1676,111.878796,569,0
instrument,False,0,1677,111.938262,570,0
instrument,False,0,1678,111.998566,570,0
instrument,False,0,1679,112.058192,570,0
instrument,False,0,1680,112.119612,571,0
instrument,False,0,1681,112.178114,571,0
instrument,False,0,1682,112.238121,571,0
instrument,False,0,1683,112.298071,572,0
instrument,False,0,1684,112.357999,572,0
instrument,False,0,1685,112.417957,572,0
instrument,False,0,1686,112.478025,573,0
instrument,False,0,1687,112.539933,573,0
instrument,False,0,1688,112.59807,573,0
instrument,False,0,1689,112.657989,574,0
instrument,False,0,1690,112.717922,574,0
instrument,False,0,1691,112.778003,574,0
instrument,False,0,1692,112.838061,575,0
instrument,False,0,1693,112.897844,575,0
instrument,False,0,1694,112.957922,575,0
instrument,False,0,1695,113.018044,576,0
instrument,False,0,1696,113.07784,576,0
instrument,False,0,1697,113.13779,576,0
instrument,False,0,1698,113.198027,577,0
instrument,False,0,1699,113.257783,577,0
instrument,False,0,1700,113.317849,577,0
instrument,False,0,1701,113.377711,578,0
instrument,False,0,1702,113.437676,578,0
instrument,False,0,1703,113.497691,578,0
instrument,False,0,1704,113.55762,579,0
instrument,False,0,1705,113.617564,579,0
instrument,False,0,1706,113.677505,579,0
instrument,False,0,1707,113.737524,580,0
instrument,False,0,1708,113.797831,580,0
instrument,False,0,1709,113.90243,580,0
instrument,False,0,1710,113.962406,581,0
instrument,False,0,1711,114.022592,581,0
instrument,False,0,1712,114.082338,581,0
instrument,False,0,1713,114.142274,582,0
instrument,False,0,1714,114.202215,582,0
instrument,False,0,1715,114.262204,582,0
instrument,False,0,1716,114.32218,583,0
instrument,False,0,1717,114.382233,583,0
instrument,False,0,1718,114.442178,583,0
instrument,False,0,1719,114.505161,584,0
instrument,False,0,1720,114.562131,584,0
instrument,False,0,1721,114.622254,584,0
instrument,False,0,1722,114.682287,585,0
instrument,False,0,1723,114.742168,585,0
instrument,False,0,1724,114.802169,585,0
instrument,False,0,1725,114.862047,586,0
instrument,False,0,1726,114.921946,586,0
instrument,False,0,1727,114.982649,586,0
instrument,False,0,1728,115.056927,587,0
instrument,False,0,1729,115.116913,587,0
instrument,False,0,1730,115.176827,587,0
instrument,False,0,1731,115.236842,588,0
instrument,False,0,1732,115.296748,588,0
instrument,False,0,1733,115.356705,588,0
instrument,False,0,1734,115.416716,589,0
instrument,False,0,1735,115.476672,589,0
instrument,False,0,1736,115.536573,589,0
instrument,False,0,1737,115.596579,590,0
instrument,False,0,1738,115.656682,590,0
instrument,False,0,1739,115.7165,590,0
instrument,False,0,1740,115.776027,591,0
instrument,False,0,1741,115.835929,591,0
instrument,False,0,1742,115.895949,591,0
instrument,False,0,1743,115.955899,592,0
instrument,False,0,1744,116.015839,592,0
instrument,False,0,1745,116.076918,592,0
instrument,False,0,1746,116.135817,593,0
instrument,False,0,1747,116.195759,593,0
instrument,False,0,1748,116.255741,593,0
instrument,False,0,1749,116.315827,594,0
instrument,False,0,1750,116.375674,594,0
instrument,False,0,1751,116.435608,594,0
instrument,False,0,1752,116.496378,595,0
instrument,False,0,1753,116.555563,595,0
instrument,False,0,1754,116.615506,595,0
instrument,False,0,1755,116.676532,595,0
instrument,False,0,1756,116.735467,596,0
instrument,False,0,1757,116.795106,596,0
instrument,False,0,1758,116.856914,596,0
instrument,False,0,1759,116.915233,597,0
instrument,False,0,1760,116.989896,597,0
instrument,False,0,1761,117.049876,598,0
instrument,False,0,1762,117.110576,598,0
instrument,False,0,1763,117.17019,598,0
instrument,False,0,1764,117.23012,598,0
instrument,False,0,1765,117.290589,599,0
instrument,False,0,1766,117.356347,599,0
instrument,False,0,1767,117.410061,599,0
instrument,False,0,1768,117.470093,600,0
instrument,False,0,1769,117.529958,600,0
instrument,False,0,1770,117.589977,600,0
instrument,False,0,1771,117.650269,601,0
instrument,False,0,1772,117.710256,601,0
instrument,False,0,1773,117.769841,601,0
instrument,False,0,1774,117.829885,602,0
instrument,False,0,1775,117.889437,602,0
instrument,False,0,1776,117.949456,602,0
instrument,False,0,1777,118.009463,603,0
instrument,False,0,1778,118.069364,603,0
instrument,False,0,1779,118.129365,603,0
instrument,False,0,1780,118.201141,604,0
instrument,False,0,1781,118.26436,604,0
instrument,False,0,1782,118.324322,604,0
instrument,False,0,1783,118.389251,605,0
instrument,False,0,1784,118.444315,605,0
instrument,False,0,1785,118.504253,605,0
instrument,False,0,1786,118.564476,606,0
instrument,False,0,1787,118.624235,606,0
instrument,False,0,1788,118.690994,606,0
instrument,False,0,1789,118.759145,607,0
instrument,False,0,1790,118.81963,607,0
instrument,False,0,1791,118.879434,607,0
instrument,False,0,1792,118.939694,608,0
instrument,False,0,1793,118.998918,608,0
instrument,False,0,1794,119.059536,608,0
instrument,False,0,1795,119.119979,609,0
instrument,False,0,1796,119.17932,609,0
instrument,False,0,1797,119.23928,609,0
instrument,False,0,1798,119.308136,610,0
instrument,False,0,1799,119.373762,610,1
instrument,False,0,1800,119.824286,613,0
instrument,False,0,1801,119.88428,613,0
instrument,False,0,1802,119.944166,613,0
instrument,False,0,1803,120.042333,614,0
instrument,False,0,1804,120.094085,614,0
instrument,False,0,1805,120.154043,614,0
instrument,False,0,1806,120.214027,615,0
instrument,False,0,1807,120.273985,615,0
instrument,False,0,1808,120.333934,615,0
instrument,False,0,1809,120.401164,616,0
instrument,False,0,1810,120.468874,616,0
instrument,False,0,1811,120.531813,616,0
instrument,False,0,1812,120.588893,617,0
instrument,False,0,1813,120.648886,617,0
instrument,False,0,1814,120.708743,617,0
instrument,False,0,1815,120.768716,618,0
instrument,False,0,1816,120.828812,618,0
instrument,False,0,1817,120.888612,618,0
instrument,False,0,1818,120.948597,619,0
instrument,False,0,1819,121.010004,619,0
instrument,False,0,1820,121.077482,619,0
instrument,False,0,1821,121.143488,620,0
instrument,False,0,1822,121.203782,620,0
instrument,False,0,1823,121.26354,620,0
instrument,False,0,1824,121.323505,621,0
instrument,False,0,1825,121.383451,621,0
instrument,False,0,1826,121.443429,621,0
instrument,False,0,1827,121.503882,622,0
instrument,False,0,1828,121.5634,622,0
instrument,False,0,1829,121.623704,622,0
instrument,False,0,1830,121.683278,623,0
instrument,False,0,1831,121.743238,623,0
instrument,False,0,1832,121.803229,623,0
instrument,False,0,1833,121.863246,624,0
instrument,False,0,1834,121.923205,624,0
instrument,False,0,1835,121.983166,624,0
instrument,False,0,1836,122.068042,625,0
instrument,False,0,1837,122.133043,625,0
instrument,False,0,1838,122.193002,625,0
instrument,False,0,1839,122.252982,626,0
instrument,False,0,1840,122.312918,626,0
instrument,False,0,1841,122.372865,626,0
instrument,False,0,1842,122.432849,627,0
instrument,False,0,1843,122.492812,627,0
instrument,False,0,1844,122.552904,627,0
instrument,False,0,1845,122.612851,628,0
instrument,False,0,1846,122.672887,628,0
instrument,False,0,1847,122.732839,628,0
instrument,False,0,1848,122.797758,629,0
instrument,False,0,1849,122.852725,629,0
instrument,False,0,1850,122.912709,629,0
instrument,False,0,1851,122.972773,630,0
instrument,False,0,1852,123.032599,630,0
instrument,False,0,1853,123.092737,630,0
instrument,False,0,1854,123.167538,631,0
instrument,False,0,1855,123.227555,631,0
instrument,False,0,1856,123.287974,631,0
instrument,False,0,1857,123.347613,632,0
instrument,False,0,1858,123.407623,632,0
instrument,False,0,1859,123.467506,632,0
instrument,False,0,1860,123.527482,633,0
instrument,False,0,1861,123.587857,633,0
instrument,False,0,1862,123.647513,633,0
instrument,False,0,1863,123.707399,634,0
instrument,False,0,1864,123.767749,634,0
instrument,False,0,1865,123.827326,634,0
instrument,False,0,1866,123.887333,635,0
instrument,False,0,1867,123.947467,635,0
instrument,False,0,1868,124.007445,635,0
instrument,False,0,1869,124.067448,636,0
instrument,False,0,1870,124.127658,636,0
instrument,False,0,1871,124.18749,636,0
instrument,False,0,1872,124.247183,637,0
instrument,False,0,1873,124.307188,637,0
instrument,False,0,1874,124.367101,637,0
instrument,False,0,1875,124.427056,638,0
instrument,False,0,1876,124.487046,638,0
instrument,False,0,1877,124.54706,638,0
instrument,False,0,1878,124.608758,639,0
instrument,False,0,1879,124.667286,639,0
instrument,False,0,1880,124.727121,639,0
instrument,False,0,1881,124.78656,639,0
instrument,False,0,1882,124.848553,640,0
instrument,False,0,1883,124.906792,640,0
instrument,False,0,1884,124.966451,640,0
instrument,False,0,1885,125.026372,641,0
instrument,False,0,1886,125.086442,641,0
instrument,False,0,1887,125.1463,641,0
instrument,False,0,1888,125.206698,642,0
instrument,False,0,1889,125.266342,642,0
instrument,False,0,1890,125.329105,642,0
instrument,False,0,1891,125.38631,643,0
instrument,False,0,1892,125.446358,643,0
instrument,False,0,1893,125.506354,643,0
instrument,False,0,1894,125.566151,643,1
instrument,False,0,1895,125.836033,645,0
instrument,False,0,1896,125.911039,646,0
instrument,False,0,1897,125.971026,646,0
instrument,False,0,1898,126.031019,646,0
instrument,False,0,1899,126.090918,647,0
instrument,False,0,1900,126.152055,647,0
instrument,False,0,1901,126.223821,647,0
instrument,False,0,1902,126.285867,648,0
instrument,False,0,1903,126.345899,648,0
instrument,False,0,1904,126.406009,648,0
instrument,False,0,1905,126.465704,649,0
instrument,False,0,1906,126.525692,649,0
instrument,False,0,1907,126.585645,649,0
instrument,False,0,1908,126.647191,650,0
instrument,False,0,1909,126.705787,650,0
instrument,False,0,1910,126.765641,650,0
instrument,False,0,1911,126.826186,651,0
instrument,False,0,1912,126.885558,651,0
instrument,False,0,1913,126.945508,651,0
instrument,False,0,1914,127.006133,652,0
instrument,False,0,1915,127.066817,652,0
instrument,False,0,1916,127.125422,652,0
instrument,False,0,1917,127.185381,652,0
instrument,False,0,1918,127.245367,653,0
instrument,False,0,1919,127.305356,653,0
instrument,False,0,1920,127.365644,653,0
instrument,False,0,1921,127.425267,654,0
instrument,False,0,1922,127.485194,654,0
instrument,False,0,1923,127.54518,654,0
instrument,False,0,1924,127.609345,655,0
instrument,False,0,1925,127.665137,655,0
instrument,False,0,1926,127.725344,655,0
instrument,False,0,1927,127.785442,656,0
instrument,False,0,1928,127.845049,656,0
instrument,False,0,1929,127.904988,656,0
instrument,False,0,1930,127.964971,657,0
instrument,False,0,1931,128.025014,657,0
instrument,False,0,1932,128.085196,657,0
instrument,False,0,1933,128.144963,658,0
instrument,False,0,1934,128.204908,658,0
instrument,False,0,1935,128.265723,658,0
instrument,False,0,1936,128.325108,659,0
instrument,False,0,1937,128.385305,659,0
instrument,False,0,1938,128.444814,659,0
instrument,False,0,1939,128.504889,660,0
instrument,False,0,1940,128.564821,660,0
instrument,False,0,1941,128.628696,660,0
instrument,False,0,1942,128.685052,661,0
instrument,False,0,1943,128.744706,661,0
instrument,False,0,1944,128.804592,661,0
instrument,False,0,1945,128.864685,662,0
instrument,False,0,1946,128.924614,662,0
instrument,False,0,1947,128.984568,662,0
instrument,False,0,1948,129.044518,663,0
instrument,False,0,1949,129.104471,663,0
instrument,False,0,1950,129.164574,663,0
instrument,False,0,1951,129.22439,664,0
instrument,False,0,1952,129.284488,664,0
instrument,False,0,1953,129.344305,664,0
instrument,False,0,1954,129.404383,665,0
instrument,False,0,1955,129.46439,665,0
instrument,False,0,1956,129.524489,665,0
instrument,False,0,1957,129.584554,665,0
instrument,False,0,1958,129.644703,666,0
instrument,False,0,1959,129.704244,666,0
instrument,False,0,1960,129.764299,666,0
instrument,False,0,1961,129.825769,667,0
instrument,False,0,1962,129.883786,667,0
instrument,False,0,1963,129.943727,667,0
instrument,False,0,1964,130.003898,668,0
instrument,False,0,1965,130.064081,668,0
instrument,False,0,1966,130.124021,668,0
instrument,False,0,1967,130.183628,669,0
instrument,False,0,1968,130.243981,669,0
instrument,False,0,1969,130.303563,669,0
instrument,False,0,1970,130.363489,670,0
instrument,False,0,1971,130.423548,670,0
instrument,False,0,1972,130.483465,670,0
instrument,False,0,1973,130.543533,671,0
instrument,False,0,1974,130.603386,671,0
instrument,False,0,1975,130.663417,671,0
instrument,False,0,1976,130.722987,672,0
instrument,False,0,1977,130.782906,672,0
instrument,False,0,1978,130.843058,672,0
instrument,False,0,1979,130.902901,673,0
instrument,False,0,1980,130.962908,673,0
instrument,False,0,1981,131.02286,673,0
instrument,False,0,1982,131.112837,674,0
instrument,False,0,1983,131.172719,674,0
instrument,False,0,1984,131.232785,674,0
instrument,False,0,1985,131.292635,675,0
instrument,False,0,1986,131.352641,675,0
instrument,False,0,1987,131.412611,675,0
instrument,False,0,1988,131.472591,676,0
instrument,False,0,1989,131.53294,676,0
instrument,False,0,1990,131.592524,676,0
instrument,False,0,1991,131.652589,677,0
instrument,False,0,1992,131.712453,677,0
instrument,False,0,1993,131.772447,677,0
instrument,False,0,1994,131.832367,678,0
instrument,False,0,1995,131.892336,678,0
instrument,False,0,1996,131.952374,678,0
instrument,False,0,1997,132.012337,679,0
instrument,False,0,1998,132.072243,679,0
instrument,False,0,1999,132.132389,679,0
instrument,False,0,2000,132.192229,680,0
instrument,False,0,2001,132.252324,680,0
instrument,False,0,2002,132.31222,680,0
instrument,False,0,2003,132.372174,681,0
instrument,False,0,2004,132.432139,681,0
instrument,False,0,2005,132.492522,681,0
instrument,False,0,2006,132.552069,682,0
instrument,False,0,2007,132.612074,682,0
instrument,False,0,2008,132.67213,682,0
instrument,False,0,2009,132.731994,683,0
instrument,False,0,2010,132.791881,683,0
instrument,False,0,2011,132.851947,683,0
instrument,False,0,2012,132.911896,684,0
instrument,False,0,2013,132.971827,684,0
instrument,False,0,2014,133.032326,684,0
instrument,False,0,2015,133.091767,685,0
instrument,False,0,2016,133.152107,685,0
instrument,False,0,2017,133.211642,685,0
instrument,False,0,2018,133.272563,685,0
instrument,False,0,2019,133.331276,686,0
instrument,False,0,2020,133.39126,686,0
instrument,False,0,2021,133.451231,686,0
instrument,False,0,2022,133.511172,687,0
instrument,False,0,2023,133.572098,687,0
instrument,False,0,2024,133.631144,687,0
instrument,False,0,2025,133.691071,688,0
instrument,False,0,2026,133.751008,688,0
instrument,False,0,2027,133.81106,688,0
instrument,False,0,2028,133.871391,689,0
instrument,False,0,2029,133.93095,689,0
instrument,False,0,2030,133.991115,689,0
instrument,False,0,2031,134.050958,690,0
instrument,False,0,2032,134.110856,690,0
instrument,False,0,2033,134.170834,690,0
instrument,False,0,2034,134.230995,691,0
instrument,False,0,2035,134.290948,691,0
instrument,False,0,2036,134.350726,691,0
instrument,False,0,2037,134.410781,692,1
instrument,False,0,2038,134.861024,694,0
instrument,False,0,2039,134.920949,694,0
instrument,False,0,2040,134.981948,695,0
instrument,False,0,2041,135.041008,695,0
instrument,False,0,2042,135.101519,695,0
instrument,False,0,2043,135.160872,696,0
instrument,False,0,2044,135.236357,696,0
instrument,False,0,2045,135.295797,696,0
instrument,False,0,2046,135.355748,697,0
instrument,False,0,2047,135.415712,697,0
instrument,False,0,2048,135.475806,697,0
instrument,False,0,2049,135.535822,698,0
instrument,False,0,2050,135.595725,698,0
instrument,False,0,2051,135.672736,699,0
instrument,False,0,2052,135.730676,699,0
instrument,False,0,2053,135.790638,699,0
instrument,False,0,2054,135.850796,699,0
instrument,False,0,2055,135.910609,700,0
instrument,False,0,2056,135.970512,700,0
instrument,False,0,2057,136.030854,700,0
instrument,False,0,2058,136.090448,701,0
instrument,False,0,2059,136.150966,701,0
instrument,False,0,2060,136.210148,701,0
instrument,False,0,2061,136.270059,702,0
instrument,False,0,2062,136.330022,702,0
instrument,False,0,2063,136.390105,702,0
instrument,False,0,2064,136.450011,703,0
instrument,False,0,2065,136.512988,703,0
instrument,False,0,2066,136.5699,703,0
instrument,False,0,2067,136.630033,704,0
instrument,False,0,2068,136.698818,704,0
instrument,False,0,2069,136.765035,704,0
instrument,False,0,2070,136.824815,705,0
instrument,False,0,2071,136.884776,705,0
instrument,False,0,2072,136.945658,705,0
instrument,False,0,2073,137.019689,706,0
instrument,False,0,2074,137.079639,706,0
instrument,False,0,2075,137.140592,706,0
instrument,False,0,2076,137.199935,707,0
instrument,False,0,2077,137.259695,707,0
instrument,False,0,2078,137.319508,707,0
instrument,False,0,2079,137.379428,708,0
instrument,False,0,2080,137.439439,708,0
instrument,False,0,2081,137.499366,708,0
instrument,False,0,2082,137.560696,709,0
instrument,False,0,2083,137.619849,709,0
instrument,False,0,2084,137.679425,709,0
instrument,False,0,2085,137.739375,710,0
instrument,False,0,2086,137.79936,710,0
instrument,False,0,2087,137.859354,710,0
instrument,False,0,2088,137.919285,711,0
instrument,False,0,2089,137.979205,711,0
instrument,False,0,2090,138.0392,711,0
instrument,False,0,2091,138.099155,712,0
instrument,False,0,2092,138.159147,712,0
instrument,False,0,2093,138.219113,712,0
instrument,False,0,2094,138.279076,713,0
instrument,False,0,2095,138.3457,713,0
instrument,False,0,2096,138.399135,713,0
instrument,False,0,2097,138.474173,714,0
instrument,False,0,2098,138.534141,714,0
instrument,False,0,2099,138.59396,714,0
instrument,False,0,2100,138.654339,715,0
instrument,False,0,2101,138.713906,715,0
instrument,False,0,2102,138.773889,715,0
instrument,False,0,2103,138.83402,716,0
instrument,False,0,2104,138.893919,716,0
instrument,False,0,2105,138.953937,716,0
instrument,False,0,2106,139.013882,717,0
instrument,False,0,2107,139.074087,717,0
instrument,False,0,2108,139.133854,717,0
instrument,False,0,2109,139.193857,718,0
instrument,False,0,2110,139.254316,718,0
instrument,False,0,2111,139.313688,718,0
instrument,False,0,2112,139.373736,719,0
instrument,False,0,2113,139.43369,719,0
instrument,False,0,2114,139.493633,719,0
instrument,False,0,2115,139.55391,720,0
instrument,False,0,2116,139.613923,720,0
instrument,False,0,2117,139.674341,720,0
instrument,False,0,2118,139.73307,721,0
instrument,False,0,2119,139.795042,721,0
instrument,False,0,2120,139.853033,721,0
instrument,False,0,2121,139.913263,722,0
instrument,False,0,2122,139.972974,722,0
instrument,False,0,2123,140.03294,722,0
instrument,False,0,2124,140.094762,722,0
instrument,False,0,2125,140.152854,723,0
instrument,False,0,2126,140.212884,723,0
instrument,False,0,2127,140.273752,723,0
instrument,False,0,2128,140.333154,724,0
instrument,False,0,2129,140.392827,724,0
instrument,False,0,2130,140.452787,724,0
instrument,False,0,2131,140.512755,725,0
instrument,False,0,2132,140.572873,725,0
instrument,False,0,2133,140.632716,725,0
instrument,False,0,2134,140.692681,726,0
instrument,False,0,2135,140.752647,726,0
instrument,False,0,2136,140.81282,726,0
instrument,False,0,2137,140.872554,727,0
instrument,False,0,2138,140.932516,727,0
instrument,False,0,2139,140.992493,727,0
instrument,False,0,2140,141.052435,727,1
instrument,False,0,2141,141.337332,729,0
instrument,False,0,2142,141.397338,730,0
instrument,False,0,2143,141.457229,730,0
instrument,False,0,2144,141.517738,730,0
instrument,False,0,2145,141.577187,731,0
instrument,False,0,2146,141.637848,731,0
instrument,False,0,2147,141.697218,731,0
instrument,False,0,2148,141.757189,732,0
instrument,False,0,2149,141.81713,732,0
instrument,False,0,2150,141.877164,732,0
instrument,False,0,2151,141.938436,732,0
instrument,False,0,2152,141.997033,733,0
instrument,False,0,2153,142.057024,733,0
instrument,False,0,2154,142.1171,733,0
instrument,False,0,2155,142.176983,734,0
instrument,False,0,2156,142.236879,734,0
instrument,False,0,2157,142.29685,734,0
instrument,False,0,2158,142.359058,735,0
instrument,False,0,2159,142.416805,735,0
instrument,False,0,2160,142.476805,735,0
instrument,False,0,2161,142.536705,736,0
instrument,False,0,2162,142.612028,736,0
instrument,False,0,2163,142.671758,736,0
instrument,False,0,2164,142.731665,737,0
instrument,False,0,2165,142.791678,737,0
instrument,False,0,2166,142.851886,737,0
instrument,False,0,2167,142.911515,738,0
instrument,False,0,2168,142.971468,738,0
instrument,False,0,2169,143.031543,738,0
instrument,False,0,2170,143.098896,739,0
instrument,False,0,2171,143.151544,739,0
instrument,False,0,2172,143.211394,739,0
instrument,False,0,2173,143.271401,740,0
instrument,False,0,2174,143.33139,740,0
instrument,False,0,2175,143.391356,740,0
instrument,False,0,2176,143.451318,741,0
instrument,False,0,2177,143.516822,741,0
instrument,False,0,2178,143.571247,741,0
instrument,False,0,2179,143.631253,742,0
instrument,False,0,2180,143.691611,742,0
instrument,False,0,2181,143.766137,742,0
instrument,False,0,2182,143.826151,743,0
instrument,False,0,2183,143.886166,743,0
instrument,False,0,2184,143.946151,743,0
instrument,False,0,2185,144.00616,744,0
instrument,False,0,2186,144.066396,744,0
instrument,False,0,2187,144.126032,744,0
instrument,False,0,2188,144.187467,745,0
instrument,False,0,2189,144.245968,745,0
instrument,False,0,2190,144.305931,745,0
instrument,False,0,2191,144.365929,746,0
instrument,False,0,2192,144.425903,746,0
instrument,False,0,2193,144.485849,746,0
instrument,False,0,2194,144.545832,747,0
instrument,False,0,2195,144.606004,747,0
instrument,False,0,2196,144.66586,747,0
instrument,False,0,2197,144.726358,748,0
instrument,False,0,2198,144.786304,748,0
instrument,False,0,2199,144.846301,748,0
instrument,False,0,2200,144.907871,749,0
instrument,False,0,2201,144.966209,749,0
instrument,False,0,2202,145.026213,749,0
instrument,False,0,2203,145.08618,750,0
instrument,False,0,2204,145.146102,750,0
instrument,False,0,2205,145.206076,750,0
instrument,False,0,2206,145.266704,751,0
instrument,False,0,2207,145.326037,751,0
instrument,False,0,2208,145.40698,751,0
instrument,False,0,2209,145.475914,752,0
instrument,False,0,2210,145.535891,752,0
instrument,False,0,2211,145.59636,752,0
instrument,False,0,2212,145.655838,753,0
instrument,False,0,2213,145.715947,753,0
instrument,False,0,2214,145.775722,753,0
instrument,False,0,2215,145.865023,754,0
instrument,False,0,2216,145.92653,754,0
instrument,False,0,2217,145.985665,754,0
instrument,False,0,2218,146.045809,755,0
instrument,False,0,2219,146.105666,755,0
instrument,False,0,2220,146.166041,755,0
instrument,False,0,2221,146.226088,756,0
instrument,False,0,2222,146.285448,756,0
instrument,False,0,2223,146.348383,756,0
instrument,False,0,2224,146.405419,757,0
instrument,False,0,2225,146.465474,757,0
instrument,False,0,2226,146.5254,757,0
instrument,False,0,2227,146.5853,758,0
instrument,False,0,2228,146.645257,758,0
instrument,False,0,2229,146.709182,758,0
instrument,False,0,2230,146.76519,759,0
instrument,False,0,2231,146.825411,759,0
instrument,False,0,2232,146.88517,759,0
instrument,False,0,2233,146.945057,760,0
instrument,False,0,2234,147.00519,760,0
instrument,False,0,2235,147.069228,760,0
instrument,False,0,2236,147.125071,761,0
instrument,False,0,2237,147.184969,761,0
instrument,False,0,2238,147.245327,761,0
instrument,False,0,2239,147.304914,762,0
instrument,False,0,2240,147.364952,762,0
instrument,False,0,2241,147.425174,762,0
instrument,False,0,2242,147.484874,763,0
instrument,False,0,2243,147.544758,763,0
instrument,False,0,2244,147.604747,763,0
instrument,False,0,2245,147.664726,764,0
instrument,False,0,2246,147.724769,764,0
instrument,False,0,2247,147.788643,764,0
instrument,False,0,2248,147.845322,765,0
instrument,False,0,2249,147.904593,765,0
instrument,False,0,2250,147.964697,765,0
instrument,False,0,2251,148.025884,766,0
instrument,False,0,2252,148.086478,766,0
instrument,False,0,2253,148.144473,766,0
instrument,False,0,2254,148.204407,766,0
instrument,False,0,2255,148.26438,767,0
instrument,False,0,2256,148.32449,767,0
instrument,False,0,2257,148.384307,767,0
instrument,False,0,2258,148.444265,768,0
instrument,False,0,2259,148.504242,768,0
instrument,False,0,2260,148.564264,768,0
instrument,False,0,2261,148.624166,769,0
instrument,False,0,2262,148.68469,769,0
instrument,False,0,2263,148.744173,769,0
instrument,False,0,2264,148.804069,770,0
instrument,False,0,2265,148.864174,770,0
instrument,False,0,2266,148.924086,770,0
instrument,False,0,2267,148.984074,771,0
instrument,False,0,2268,149.044243,771,0
instrument,False,0,2269,149.121265,771,0
instrument,False,0,2270,149.179069,772,0
instrument,False,0,2271,149.238961,772,0
instrument,False,0,2272,149.299751,772,0
instrument,False,0,2273,149.359087,773,0
instrument,False,0,2274,149.418726,773,0
instrument,False,0,2275,149.478728,773,0
instrument,False,0,2276,149.538988,774,0
instrument,False,0,2277,149.598641,774,0
instrument,False,0,2278,149.6587,774,0
instrument,False,0,2279,149.718931,775,0
instrument,False,0,2280,149.778222,775,0
instrument,False,0,2281,149.838237,775,0
instrument,False,0,2282,149.898216,776,0
instrument,False,0,2283,149.95811,776,0
instrument,False,0,2284,150.018112,776,0
instrument,False,0,2285,150.078024,777,0
instrument,False,0,2286,150.138254,777,0
instrument,False,0,2287,150.198307,777,0
instrument,False,0,2288,150.258284,778,0
instrument,False,0,2289,150.318609,778,0
instrument,False,0,2290,150.377957,778,0
instrument,False,0,2291,150.438326,779,0
instrument,False,0,2292,150.497839,779,1
instrument,False,0,2293,150.962525,781,0
instrument,False,0,2294,151.023601,782,0
instrument,False,0,2295,151.09381,782,0
instrument,False,0,2296,151.158329,783,0
instrument,False,0,2297,151.217406,783,0
instrument,False,0,2298,151.27735,783,0
instrument,False,0,2299,151.337251,783,0
instrument,False,0,2300,151.397775,784,0
instrument,False,0,2301,151.457176,784,0
instrument,False,0,2302,151.517305,784,0
instrument,False,0,2303,151.577597,785,0
instrument,False,0,2304,151.637141,785,0
instrument,False,0,2305,151.697249,785,0
instrument,False,0,2306,151.757095,786,0
instrument,False,0,2307,151.817007,786,0
instrument,False,0,2308,151.877822,786,0
instrument,False,0,2309,151.936979,787,0
instrument,False,0,2310,151.996917,787,0
instrument,False,0,2311,152.056948,787,0
instrument,False,0,2312,152.116885,788,0
instrument,False,0,2313,152.176835,788,0
instrument,False,0,2314,152.236841,788,0
instrument,False,0,2315,152.296757,789,0
instrument,False,0,2316,152.356867,789,0
instrument,False,0,2317,152.417074,789,0
instrument,False,0,2318,152.476679,790,0
instrument,False,0,2319,152.536688,790,0
instrument,False,0,2320,152.596638,790,0
instrument,False,0,2321,152.656725,791,0
instrument,False,0,2322,152.716696,791,0
instrument,False,0,2323,152.77657,791,0
instrument,False,0,2324,152.836766,792,0
instrument,False,0,2325,152.896473,792,0
instrument,False,0,2326,152.956818,792,0
instrument,False,0,2327,153.016416,793,0
instrument,False,0,2328,153.076496,793,0
instrument,False,0,2329,153.136278,793,0
instrument,False,0,2330,153.19669,794,0
instrument,False,0,2331,153.256384,794,0
instrument,False,0,2332,153.316274,794,0
instrument,False,0,2333,153.376561,795,0
instrument,False,0,2334,153.436281,795,0
instrument,False,0,2335,153.496668,795,0
instrument,False,0,2336,153.55612,795,0
instrument,False,0,2337,153.616177,796,0
instrument,False,0,2338,153.676145,796,0
instrument,False,0,2339,153.736438,796,0
instrument,False,0,2340,153.795923,797,0
instrument,False,0,2341,153.855936,797,0
instrument,False,0,2342,153.915897,797,0
instrument,False,0,2343,153.975855,798,0
instrument,False,0,2344,154.035792,798,0
instrument,False,0,2345,154.095773,798,0
instrument,False,0,2346,154.156769,799,0
instrument,False,0,2347,154.216114,799,0
instrument,False,0,2348,154.27567,799,0
instrument,False,0,2349,154.335729,800,0
instrument,False,0,2350,154.395769,800,0
instrument,False,0,2351,154.455552,800,0
instrument,False,0,2352,154.515615,801,0
instrument,False,0,2353,154.575508,801,0
instrument,False,0,2354,154.635491,801,0
instrument,False,0,2355,154.695454,802,0
instrument,False,0,2356,154.755196,802,0
instrument,False,0,2357,154.815204,802,0
instrument,False,0,2358,154.875023,803,0
instrument,False,0,2359,154.935098,803,0
instrument,False,0,2360,154.995198,803,0
instrument,False,0,2361,155.055574,804,0
instrument,False,0,2362,155.11496,804,0
instrument,False,0,2363,155.17483,804,0
instrument,False,0,2364,155.235026,805,0
instrument,False,0,2365,155.294911,805,0
instrument,False,0,2366,155.35479,805,0
instrument,False,0,2367,155.41509,806,0
instrument,False,0,2368,155.474753,806,0
instrument,False,0,2369,155.534627,806,0
instrument,False,0,2370,155.594612,807,0
instrument,False,0,2371,155.654608,807,0
instrument,False,0,2372,155.714535,807,0
instrument,False,0,2373,155.774503,808,0
instrument,False,0,2374,155.834747,808,0
instrument,False,0,2375,155.89445,808,0
instrument,False,0,2376,155.954904,809,0
instrument,False,0,2377,156.014401,809,0
instrument,False,0,2378,156.074381,809,0
instrument,False,0,2379,156.134296,809,0
instrument,False,0,2380,156.194273,810,0
instrument,False,0,2381,156.254218,810,0
instrument,False,0,2382,156.319755,810,0
instrument,False,0,2383,156.434129,811,0
instrument,False,0,2384,156.494334,811,0
instrument,False,0,2385,156.554048,812,0
instrument,False,0,2386,156.629347,812,0
instrument,False,0,2387,156.690275,812,0
instrument,False,0,2388,156.758024,813,0
instrument,False,0,2389,156.824002,813,0
instrument,False,0,2390,156.883986,814,0
instrument,False,0,2391,156.943961,814,0
instrument,False,0,2392,157.003959,814,0
instrument,False,0,2393,157.063898,815,0
instrument,False,0,2394,157.124188,815,0
instrument,False,0,2395,157.183894,815,0
instrument,False,0,2396,157.244073,815,0
instrument,False,0,2397,157.303877,816,0
instrument,False,0,2398,157.363742,816,0
instrument,False,0,2399,157.426737,816,0
instrument,False,0,2400,157.483595,817,0
instrument,False,0,2401,157.783682,818,0
instrument,False,0,2402,157.858419,819,0
instrument,False,0,2403,157.918429,819,0
instrument,False,0,2404,157.978464,819,0
instrument,False,0,2405,158.038499,820,0
instrument,False,0,2406,158.11338,820,0
instrument,False,0,2407,158.173369,821,0
instrument,False,0,2408,158.233675,821,0
instrument,False,0,2409,158.293268,821,0
instrument,False,0,2410,158.355687,822,0
instrument,False,0,2411,158.413215,822,0
instrument,False,0,2412,158.473153,822,0
instrument,False,0,2413,158.533127,823,0
instrument,False,0,2414,158.593119,823,0
instrument,False,0,2415,158.653098,823,0
instrument,False,0,2416,158.713125,823,0
instrument,False,0,2417,158.773008,824,0
instrument,False,0,2418,158.833372,824,0
instrument,False,0,2419,158.893383,824,0
instrument,False,0,2420,158.953025,825,0
instrument,False,0,2421,159.013039,825,0
instrument,False,0,2422,159.07394,825,0
instrument,False,0,2423,159.13459,826,0
instrument,False,0,2424,159.193263,826,0
instrument,False,0,2425,159.252923,826,0
instrument,False,0,2426,159.315957,827,0
instrument,False,0,2427,159.372883,827,0
instrument,False,0,2428,159.432863,827,0
instrument,False,0,2429,159.49284,828,0
instrument,False,0,2430,159.552909,828,0
instrument,False,0,2431,159.612888,828,0
instrument,False,0,2432,159.672818,829,0
instrument,False,0,2433,159.732347,829,0
instrument,False,0,2434,159.792422,829,0
instrument,False,0,2435,159.852462,830,0
instrument,False,0,2436,159.912286,830,0
instrument,False,0,2437,159.972344,830,0
instrument,False,0,2438,160.032304,831,0
instrument,False,0,2439,160.094154,831,0
instrument,False,0,2440,160.152097,831,0
instrument,False,0,2441,160.212121,832,0
instrument,False,0,2442,160.27202,832,0
instrument,False,0,2443,160.332014,832,0
instrument,False,0,2444,160.391976,833,0
instrument,False,0,2445,160.451921,833,0
instrument,False,0,2446,160.512014,833,0
instrument,False,0,2447,160.571876,834,0
instrument,False,0,2448,160.6319,834,0
instrument,False,0,2449,160.691816,834,0
instrument,False,0,2450,160.751825,835,0
instrument,False,0,2451,160.816058,835,0
instrument,False,0,2452,160.871739,835,0
instrument,False,0,2453,160.931735,835,0
instrument,False,0,2454,160.991785,836,0
instrument,False,0,2455,161.052121,836,0
instrument,False,0,2456,161.111672,836,0
instrument,False,0,2457,161.171596,837,0
instrument,False,0,2458,161.231653,837,0
instrument,False,0,2459,161.291641,837,0
instrument,False,0,2460,161.351628,838,0
instrument,False,0,2461,161.411461,838,0
instrument,False,0,2462,161.472173,838,0
instrument,False,0,2463,161.531594,839,0
instrument,False,0,2464,161.591468,839,0
instrument,False,0,2465,161.651351,839,0
instrument,False,0,2466,161.711622,840,0
instrument,False,0,2467,161.771292,840,0
instrument,False,0,2468,161.831315,840,0
instrument,False,0,2469,161.891179,841,0
instrument,False,0,2470,161.951125,841,0
instrument,False,0,2471,162.011113,841,0
instrument,False,0,2472,162.071186,842,0
instrument,False,0,2473,162.13416,842,0
instrument,False,0,2474,162.191292,842,0
instrument,False,0,2475,162.251101,843,0
instrument,False,0,2476,162.311082,843,0
instrument,False,0,2477,162.371143,843,0
instrument,False,0,2478,162.431004,844,0
instrument,False,0,2479,162.491122,844,0
instrument,False,0,2480,162.550918,844,0
instrument,False,0,2481,162.610901,845,0
instrument,False,0,2482,162.670869,845,0
instrument,False,0,2483,162.730782,845,0
instrument,False,0,2484,162.790821,846,0
instrument,False,0,2485,162.850842,846,0
instrument,False,0,2486,162.910842,846,0
instrument,False,0,2487,162.994217,847,0
instrument,False,0,2488,163.060659,847,0
instrument,False,0,2489,163.120651,847,0
instrument,False,0,2490,163.192333,848,0
instrument,False,0,2491,163.270509,848,0
instrument,False,0,2492,163.330837,849,0
instrument,False,0,2493,163.390438,849,0
instrument,False,0,2494,163.450971,849,0
instrument,False,0,2495,163.510606,849,0
instrument,False,0,2496,163.57062,850,0
instrument,False,0,2497,163.630409,850,0
instrument,False,0,2498,163.69135,850,0
instrument,False,0,2499,163.750344,851,0
instrument,False,0,2500,163.810305,851,0
instrument,False,0,2501,163.87028,851,0
instrument,False,0,2502,163.945329,852,0
instrument,False,0,2503,164.005321,852,0
instrument,False,0,2504,164.065843,852,0
instrument,False,0,2505,164.125324,853,0
instrument,False,0,2506,164.185199,853,0
instrument,False,0,2507,164.24518,853,0
instrument,False,0,2508,164.305157,854,0
instrument,False,0,2509,164.365648,854,0
instrument,False,0,2510,164.425125,854,0
instrument,False,0,2511,164.486402,855,0
instrument,False,0,2512,164.545013,855,0
instrument,False,0,2513,164.604918,855,0
instrument,False,0,2514,164.665896,856,0
instrument,False,0,2515,164.724584,856,0
instrument,False,0,2516,164.785258,856,0
instrument,False,0,2517,164.844663,857,0
instrument,False,0,2518,164.904649,857,0
instrument,False,0,2519,164.964579,857,0
instrument,False,0,2520,165.02456,858,0
instrument,False,0,2521,165.084546,858,0
instrument,False,0,2522,165.144514,858,0
instrument,False,0,2523,165.205341,859,0
instrument,False,0,2524,165.26462,859,0
instrument,False,0,2525,165.324811,859,0
instrument,False,0,2526,165.384458,860,0
instrument,False,0,2527,165.444454,860,0
instrument,False,0,2528,165.50424,860,0
instrument,False,0,2529,165.564238,861,0
instrument,False,0,2530,165.624368,861,0
instrument,False,0,2531,165.684803,861,0
instrument,False,0,2532,165.789097,862,0
instrument,False,0,2533,165.849083,862,0
instrument,False,0,2534,165.910745,862,0
instrument,False,0,2535,165.968935,863,0
instrument,False,0,2536,166.029045,863,0
instrument,False,0,2537,166.08891,863,0
instrument,False,0,2538,166.148967,864,0
instrument,False,0,2539,166.208956,864,0
instrument,False,0,2540,166.268955,864,0
instrument,False,0,2541,166.32931,865,0
instrument,False,0,2542,166.388967,865,0
instrument,False,0,2543,166.449422,865,0
instrument,False,0,2544,166.511544,866,0
instrument,False,0,2545,166.568815,866,0
instrument,False,0,2546,166.628719,866,0
instrument,False,0,2547,166.688727,867,0
instrument,False,0,2548,166.749063,867,0
instrument,False,0,2549,166.80866,867,0
instrument,False,0,2550,166.868616,868,0
instrument,False,0,2551,166.928606,868,0
instrument,False,0,2552,166.988711,868,0
instrument,False,0,2553,167.048559,869,0
instrument,False,0,2554,167.108472,869,0
instrument,False,0,2555,167.16995,869,0
instrument,False,0,2556,167.228441,870,0
instrument,False,0,2557,167.288906,870,0
instrument,False,0,2558,167.3485,870,0
instrument,False,0,2559,167.408592,871,0
instrument,False,0,2560,167.46863,871,0
instrument,False,0,2561,167.528185,871,2
instrument,False,0,2562,167.993041,874,0
instrument,False,0,2563,168.052964,874,0
instrument,False,0,2564,168.11677,874,0
instrument,False,0,2565,168.172878,875,0
instrument,False,0,2566,168.232825,875,0
instrument,False,0,2567,168.292937,875,0
instrument,False,0,2568,168.352809,876,0
instrument,False,0,2569,168.41311,876,0
instrument,False,0,2570,168.47297,876,0
instrument,False,0,2571,168.532793,877,0
instrument,False,0,2572,168.592628,877,0
instrument,False,0,2573,168.652945,877,0
instrument,False,0,2574,168.712583,878,0
instrument,False,0,2575,168.772524,878,0
instrument,False,0,2576,168.832527,878,0
instrument,False,0,2577,168.897733,879,0
instrument,False,0,2578,168.952547,879,0
instrument,False,0,2579,169.012504,879,0
instrument,False,0,2580,169.072487,880,0
instrument,False,0,2581,169.132417,880,0
instrument,False,0,2582,169.192896,880,0
instrument,False,0,2583,169.252398,881,0
instrument,False,0,2584,169.312322,881,0
instrument,False,0,2585,169.37244,881,0
instrument,False,0,2586,169.432284,882,0
instrument,False,0,2587,169.507246,882,0
instrument,False,0,2588,169.567882,882,0
instrument,False,0,2589,169.627198,883,0
instrument,False,0,2590,169.687069,883,0
instrument,False,0,2591,169.747698,883,0
instrument,False,0,2592,169.807673,884,0
instrument,False,0,2593,169.867698,884,0
instrument,False,0,2594,169.927594,884,0
instrument,False,0,2595,170.002625,885,0
instrument,False,0,2596,170.063474,885,0
instrument,False,0,2597,170.122585,885,0
instrument,False,0,2598,170.189442,886,0
instrument,False,0,2599,170.248436,886,0
instrument,False,0,2600,170.302843,886,0
instrument,False,0,2601,170.362421,887,0
instrument,False,0,2602,170.422102,887,0
instrument,False,0,2603,170.482377,887,0
instrument,False,0,2604,170.542119,888,0
instrument,False,0,2605,170.602055,888,0
instrument,False,0,2606,170.662021,888,0
instrument,False,0,2607,170.722007,889,0
instrument,False,0,2608,170.781982,889,0
instrument,False,0,2609,170.841943,889,0
instrument,False,0,2610,170.901962,890,0
instrument,False,0,2611,170.961861,890,0
instrument,False,0,2612,171.022345,890,0
instrument,False,0,2613,171.081792,891,0
instrument,False,0,2614,171.141751,891,0
instrument,False,0,2615,171.201704,891,0
instrument,False,0,2616,171.262386,892,0
instrument,False,0,2617,171.32163,892,0
instrument,False,0,2618,171.381601,892,0
instrument,False,0,2619,171.441832,892,0
instrument,False,0,2620,171.501531,893,0
instrument,False,0,2621,171.561916,893,0
instrument,False,0,2622,171.621578,893,0
instrument,False,0,2623,171.681567,894,0
instrument,False,0,2624,171.7415,894,0
instrument,False,0,2625,171.801499,894,0
instrument,False,0,2626,171.861452,895,0
instrument,False,0,2627,171.921439,895,0
instrument,False,0,2628,171.981383,895,0
instrument,False,0,2629,172.041497,896,0
instrument,False,0,2630,172.101319,896,0
instrument,False,0,2631,172.161271,896,0
instrument,False,0,2632,172.221271,897,0
instrument,False,0,2633,172.281354,897,0
instrument,False,0,2634,172.341526,897,0
instrument,False,0,2635,172.401134,898,0
instrument,False,0,2636,172.461249,898,0
instrument,False,0,2637,172.525025,898,0
instrument,False,0,2638,172.581431,899,0
instrument,False,0,2639,172.641005,899,0
instrument,False,0,2640,172.701044,899,0
instrument,False,0,2641,172.7611,900,0
instrument,False,0,2642,172.820944,900,0
instrument,False,0,2643,172.880858,900,0
instrument,False,0,2644,172.94082,901,0
instrument,False,0,2645,173.000962,901,0
instrument,False,0,2646,173.060928,901,0
instrument,False,0,2647,173.120818,902,0
instrument,False,0,2648,173.180859,902,0
instrument,False,0,2649,173.24087,902,0
instrument,False,0,2650,173.300814,903,0
instrument,False,0,2651,173.363072,903,0
instrument,False,0,2652,173.420676,903,0
instrument,False,0,2653,173.480645,904,0
instrument,False,0,2654,173.540749,904,0
instrument,False,0,2655,173.600564,904,0
instrument,False,0,2656,173.66067,905,0
instrument,False,0,2657,173.720618,905,0
instrument,False,0,2658,173.780496,905,0
instrument,False,0,2659,173.841617,906,0
instrument,False,0,2660,173.90038,906,0
instrument,False,0,2661,173.96102,906,0
instrument,False,0,2662,174.020503,906,0
instrument,False,0,2663,174.080541,907,0
instrument,False,0,2664,174.140349,907,0
instrument,False,0,2665,174.200361,907,0
instrument,False,0,2666,174.260399,908,0
instrument,False,0,2667,174.320294,908,0
instrument,False,0,2668,174.380249,908,0
instrument,False,0,2669,174.440481,909,0
instrument,False,0,2670,174.500202,909,0
instrument,False,0,2671,174.560247,909,0
instrument,False,0,2672,174.620252,910,0
instrument,False,0,2673,174.680082,910,0
instrument,False,0,2674,174.739397,910,0
instrument,False,0,2675,174.799266,911,0
instrument,False,0,2676,175.129273,913,0
instrument,False,0,2677,175.189121,913,0
instrument,False,0,2678,175.249445,913,0
instrument,False,0,2679,175.309963,913,0
instrument,False,0,2680,175.369016,914,0
instrument,False,0,2681,175.429054,914,0
instrument,False,0,2682,175.488949,914,0
instrument,False,0,2683,175.548992,915,0
instrument,False,0,2684,175.613828,915,0
instrument,False,0,2685,175.681313,915,0
instrument,False,0,2686,175.744463,916,0
instrument,False,0,2687,175.804467,916,0
instrument,False,0,2688,175.864708,916,0
instrument,False,0,2689,175.924339,917,0
instrument,False,0,2690,175.98532,917,0
instrument,False,0,2691,176.044443,917,0
instrument,False,0,2692,176.10443,918,0
instrument,False,0,2693,176.164191,918,0
instrument,False,0,2694,176.224179,918,0
instrument,False,0,2695,176.284221,919,0
instrument,False,0,2696,176.344121,919,0
instrument,False,0,2697,176.404193,919,0
instrument,False,0,2698,176.464485,920,0
instrument,False,0,2699,176.523978,920,0
instrument,False,0,2700,176.583976,920,0
instrument,False,0,2701,176.644338,921,0
instrument,False,0,2702,176.703913,921,0
instrument,False,0,2703,176.76443,921,0
instrument,False,0,2704,176.824502,922,0
instrument,False,0,2705,176.884483,922,0
instrument,False,0,2706,176.944321,922,0
instrument,False,0,2707,177.004384,923,0
instrument,False,0,2708,177.064393,923,0
instrument,False,0,2709,177.124351,923,0
instrument,False,0,2710,177.18431,924,0
instrument,False,0,2711,177.244389,924,0
instrument,False,0,2712,177.304207,924,0
instrument,False,0,2713,177.364212,925,0
instrument,False,0,2714,177.42429,925,0
instrument,False,0,2715,177.484125,925,0
instrument,False,0,2716,177.544385,926,0
instrument,False,0,2717,177.604394,926,0
instrument,False,0,2718,177.664502,926,0
instrument,False,0,2719,177.724123,927,0
instrument,False,0,2720,177.784388,927,0
instrument,False,0,2721,177.843929,927,0
instrument,False,0,2722,177.903885,928,0
instrument,False,0,2723,177.963983,928,0
instrument,False,0,2724,178.02395,928,0
instrument,False,0,2725,178.083814,929,0
instrument,False,0,2726,178.143754,929,0
instrument,False,0,2727,178.203657,929,0
instrument,False,0,2728,178.264267,929,0
instrument,False,0,2729,178.324041,930,0
instrument,False,0,2730,178.38369,930,0
instrument,False,0,2731,178.449223,930,0
instrument,False,0,2732,178.503771,931,0
instrument,False,0,2733,178.565623,931,0
instrument,False,0,2734,178.623557,931,0
instrument,False,0,2735,178.683827,932,0
instrument,False,0,2736,178.747484,932,0
instrument,False,0,2737,178.803494,932,0
instrument,False,0,2738,178.863564,933,0
instrument,False,0,2739,178.923417,933,0
instrument,False,0,2740,178.983386,933,0
instrument,False,0,2741,179.043471,934,0
instrument,False,0,2742,179.104378,934,0
instrument,False,0,2743,179.163529,934,0
instrument,False,0,2744,179.223416,935,0
instrument,False,0,2745,179.28333,935,0
instrument,False,0,2746,179.3441,935,0
instrument,False,0,2747,179.403486,936,0
instrument,False,0,2748,179.478275,936,0
instrument,False,0,2749,179.538743,936,0
instrument,False,0,2750,179.598228,937,0
instrument,False,0,2751,179.658159,937,0
instrument,False,0,2752,179.717886,937,0
instrument,False,0,2753,179.777806,938,0
instrument,False,0,2754,179.837861,938,0
instrument,False,0,2755,179.897852,938,0
instrument,False,0,2756,179.957757,939,0
instrument,False,0,2757,180.017717,939,0
instrument,False,0,2758,180.077657,939,0
instrument,False,0,2759,180.137643,940,0
instrument,False,0,2760,180.197614,940,0
instrument,False,0,2761,180.257727,940,0
instrument,False,0,2762,180.317587,941,0
instrument,False,0,2763,180.377632,941,0
instrument,False,0,2764,180.437481,941,0
instrument,False,0,2765,180.497634,942,0
instrument,False,0,2766,180.557445,942,0
instrument,False,0,2767,180.617984,942,0
instrument,False,0,2768,180.6775,943,0
instrument,False,0,2769,180.737388,943,0
instrument,False,0,2770,180.797666,943,0
instrument,False,0,2771,180.857299,944,0
instrument,False,0,2772,180.91729,944,0
instrument,False,0,2773,180.977531,944,0
instrument,False,0,2774,181.037162,945,0
instrument,False,0,2775,181.101701,945,0
instrument,False,0,2776,181.157232,945,0
instrument,False,0,2777,181.217163,946,0
instrument,False,0,2778,181.277153,946,0
instrument,False,0,2779,181.337271,946,0
instrument,False,0,2780,181.397262,946,0
instrument,False,0,2781,181.458042,947,0
instrument,False,0,2782,181.516984,947,0
instrument,False,0,2783,181.576969,947,0
instrument,False,0,2784,181.636939,948,0
instrument,False,0,2785,181.696869,948,0
instrument,False,0,2786,181.756862,948,0
instrument,False,0,2787,181.816809,949,0
instrument,False,0,2788,181.87679,949,0
instrument,False,0,2789,181.967873,950,0
instrument,False,0,2790,182.026877,950,0
instrument,False,0,2791,182.08668,950,0
instrument,False,0,2792,182.14682,951,0
instrument,False,0,2793,182.206606,951,0
instrument,False,0,2794,182.267669,951,0
instrument,False,0,2795,182.326541,952,0
instrument,False,0,2796,182.386502,952,0
instrument,False,0,2797,182.446936,952,0
instrument,False,0,2798,182.506533,953,0
instrument,False,0,2799,182.566486,953,0
instrument,False,0,2800,182.626448,953,0
instrument,False,0,2801,182.686511,953,0
instrument,False,0,2802,182.746615,954,0
instrument,False,0,2803,182.811347,954,0
instrument,False,0,2804,182.88138,955,0
instrument,False,0,2805,182.941297,955,0
instrument,False,0,2806,183.001412,955,0
instrument,False,0,2807,183.061214,956,0
instrument,False,0,2808,183.121287,956,0
instrument,False,0,2809,183.181161,956,0
instrument,False,0,2810,183.241193,956,0
instrument,False,0,2811,183.301092,957,0
instrument,False,0,2812,183.361024,957,0
instrument,False,0,2813,183.436051,958,0
instrument,False,0,2814,183.495997,958,0
instrument,False,0,2815,183.555916,958,0
instrument,False,0,2816,183.615966,959,0
instrument,False,0,2817,183.675879,959,0
instrument,False,0,2818,183.736232,959,0
instrument,False,0,2819,183.795907,959,0
instrument,False,0,2820,183.855769,960,0
instrument,False,0,2821,183.915932,960,0
instrument,False,0,2822,183.975999,960,0
instrument,False,0,2823,184.035784,961,0
instrument,False,0,2824,184.095771,961,0
instrument,False,0,2825,184.155851,961,0
instrument,False,0,2826,184.215888,962,0
instrument,False,0,2827,184.290603,962,0
instrument,False,0,2828,184.39573,963,0
instrument,False,0,2829,184.455582,963,0
instrument,False,0,2830,184.515568,963,0
instrument,False,0,2831,184.575564,964,0
instrument,False,0,2832,184.635417,964,0
instrument,False,0,2833,184.695801,964,0
instrument,False,0,2834,184.755059,965,0
instrument,False,0,2835,184.815123,965,0
instrument,False,0,2836,184.875077,965,0
instrument,False,0,2837,184.934986,966,0
instrument,False,0,2838,184.994964,966,0
instrument,False,0,2839,185.054898,966,0
instrument,False,0,2840,185.11527,967,0
instrument,False,0,2841,185.174881,967,0
instrument,False,0,2842,185.234734,967,2
instrument,False,0,2843,185.759538,970,0
instrument,False,0,2844,185.819515,970,0
instrument,False,0,2845,185.879474,971,0
instrument,False,0,2846,185.939683,971,0
instrument,False,0,2847,185.999378,971,0
instrument,False,0,2848,186.059353,972,0
instrument,False,0,2849,186.119369,972,0
instrument,False,0,2850,186.179186,972,0
instrument,False,0,2851,186.239246,973,0
instrument,False,0,2852,186.299182,973,0
instrument,False,0,2853,186.359167,973,0
instrument,False,0,2854,186.419085,974,0
instrument,False,0,2855,186.479093,974,0
instrument,False,0,2856,186.53903,974,0
instrument,False,0,2857,186.598995,975,0
instrument,False,0,2858,186.659118,975,0
instrument,False,0,2859,186.719088,975,0
instrument,False,0,2860,186.779016,976,0
instrument,False,0,2861,186.838977,976,0
instrument,False,0,2862,186.914036,976,0
instrument,False,0,2863,186.974017,977,0
instrument,False,0,2864,187.048876,977,0
instrument,False,0,2865,187.108913,977,0
instrument,False,0,2866,187.168819,978,0
instrument,False,0,2867,187.228817,978,0
instrument,False,0,2868,187.288726,978,0
instrument,False,0,2869,187.348814,979,0
instrument,False,0,2870,187.408654,979,0
instrument,False,0,2871,187.468622,979,0
instrument,False,0,2872,187.528593,980,0
instrument,False,0,2873,187.588577,980,0
instrument,False,0,2874,187.648629,980,0
instrument,False,0,2875,187.708473,981,0
instrument,False,0,2876,187.768501,981,0
instrument,False,0,2877,187.828441,981,0
instrument,False,0,2878,187.8884,982,0
instrument,False,0,2879,187.948424,982,0
instrument,False,0,2880,188.008548,982,0
instrument,False,0,2881,188.069728,983,0
instrument,False,0,2882,188.128476,983,0
instrument,False,0,2883,188.188336,983,0
instrument,False,0,2884,188.24828,984,0
instrument,False,0,2885,188.316225,984,0
instrument,False,0,2886,188.368308,984,0
instrument,False,0,2887,188.428186,985,0
instrument,False,0,2888,188.488228,985,0
instrument,False,0,2889,188.548148,985,0
instrument,False,0,2890,188.626388,986,0
instrument,False,0,2891,188.683144,986,0
instrument,False,0,2892,188.743022,986,0
instrument,False,0,2893,188.802996,987,0
instrument,False,0,2894,188.862946,987,0
instrument,False,0,2895,188.922978,987,0
instrument,False,0,2896,188.984408,988,0
instrument,False,0,2897,189.042989,988,0
instrument,False,0,2898,189.129392,988,0
instrument,False,0,2899,189.192953,989,0
instrument,False,0,2900,189.252859,989,0
instrument,False,0,2901,189.312772,989,0
instrument,False,0,2902,189.373722,990,0
instrument,False,0,2903,189.432824,990,0
instrument,False,0,2904,189.492762,990,0
instrument,False,0,2905,189.553061,991,0
instrument,False,0,2906,189.613126,991,0
instrument,False,0,2907,189.672613,991,0
instrument,False,0,2908,189.733096,992,0
instrument,False,0,2909,189.793315,992,0
instrument,False,0,2910,189.852997,992,0
instrument,False,0,2911,189.912967,993,0
instrument,False,0,2912,189.97294,993,0
instrument,False,0,2913,190.032915,993,0
instrument,False,0,2914,190.092899,994,0
instrument,False,0,2915,190.153199,994,0
instrument,False,0,2916,190.212812,994,0
instrument,False,0,2917,190.27281,995,0
instrument,False,0,2918,190.332746,995,0
instrument,False,0,2919,190.392747,995,0
instrument,False,0,2920,190.452675,996,0
instrument,False,0,2921,190.512622,996,0
instrument,False,0,2922,190.573584,996,0
instrument,False,0,2923,190.632699,997,0
instrument,False,0,2924,190.692669,997,0
instrument,False,0,2925,190.752621,997,0
instrument,False,0,2926,190.812898,998,0
instrument,False,0,2927,190.872561,998,0
instrument,False,0,2928,190.932487,998,0
instrument,False,0,2929,190.992466,999,0
instrument,False,0,2930,191.052429,999,0
instrument,False,0,2931,191.112416,999,0
instrument,False,0,2932,191.172471,999,0
instrument,False,0,2933,191.232515,1000,0
instrument,False,0,2934,191.292316,1000,0
instrument,False,0,2935,191.352277,1000,0
instrument,False,0,2936,191.412249,1001,0
instrument,False,0,2937,191.47562,1001,0
instrument,False,0,2938,191.541265,1001,0
instrument,False,0,2939,191.607284,1002,0
instrument,False,0,2940,191.667062,1002,0
instrument,False,0,2941,191.727973,1003,0
instrument,False,0,2942,191.787008,1003,0
instrument,False,0,2943,191.847002,1003,0
instrument,False,0,2944,191.906996,1003,0
instrument,False,0,2945,191.968858,1004,0
instrument,False,0,2946,192.026993,1004,0
instrument,False,0,2947,192.087052,1004,0
instrument,False,0,2948,192.147177,1005,0
instrument,False,0,2949,192.20698,1005,0
instrument,False,0,2950,192.266882,1005,0
instrument,False,0,2951,192.331021,1006,0
instrument,False,0,2952,192.386825,1006,0
instrument,False,0,2953,192.446743,1006,0
instrument,False,0,2954,192.506737,1007,0
instrument,False,0,2955,192.566713,1007,0
instrument,False,0,2956,192.62678,1007,0
instrument,False,0,2957,192.686637,1008,0
instrument,False,0,2958,192.746589,1008,0
instrument,False,0,2959,192.806553,1008,0
instrument,False,0,2960,192.866463,1009,0
instrument,False,0,2961,193.226302,1011,0
instrument,False,0,2962,193.286479,1011,0
instrument,False,0,2963,193.346335,1011,0
instrument,False,0,2964,193.406595,1012,0
instrument,False,0,2965,193.465998,1012,0
instrument,False,0,2966,193.525887,1012,0
instrument,False,0,2967,193.585806,1013,0
instrument,False,0,2968,193.645787,1013,0
instrument,False,0,2969,193.70575,1013,0
instrument,False,0,2970,193.765735,1014,0
instrument,False,0,2971,193.82592,1014,0
instrument,False,0,2972,193.885758,1014,0
instrument,False,0,2973,193.945605,1015,0
instrument,False,0,2974,194.006359,1015,0
instrument,False,0,2975,194.065793,1015,0
instrument,False,0,2976,194.126144,1016,0
instrument,False,0,2977,194.185591,1016,0
instrument,False,0,2978,194.245578,1016,0
instrument,False,0,2979,194.306214,1017,0
instrument,False,0,2980,194.365536,1017,0
instrument,False,0,2981,194.425578,1017,0
instrument,False,0,2982,194.485714,1017,0
instrument,False,0,2983,194.546664,1018,0
instrument,False,0,2984,194.605396,1018,0
instrument,False,0,2985,194.665316,1018,0
instrument,False,0,2986,194.725389,1019,0
instrument,False,0,2987,194.785451,1019,0
instrument,False,0,2988,194.845459,1019,0
instrument,False,0,2989,194.905603,1020,0
instrument,False,0,2990,194.965411,1020,0
instrument,False,0,2991,195.025422,1020,0
instrument,False,0,2992,195.085417,1021,0
instrument,False,0,2993,195.145282,1021,0
instrument,False,0,2994,195.205569,1021,0
instrument,False,0,2995,195.265228,1022,0
instrument,False,0,2996,195.325239,1022,0
instrument,False,0,2997,195.385029,1022,0
instrument,False,0,2998,195.44504,1023,0
instrument,False,0,2999,195.505101,1023,0
instrument,False,0,3000,195.564956,1023,0
instrument,False,0,3001,195.624918,1024,0
instrument,False,0,3002,195.684843,1024,0
instrument,False,0,3003,195.744994,1024,0
instrument,False,0,3004,195.80487,1025,0
instrument,False,0,3005,195.86477,1025,0
instrument,False,0,3006,195.924802,1025,0
instrument,False,0,3007,195.984945,1026,0
instrument,False,0,3008,196.044745,1026,0
instrument,False,0,3009,196.104543,1026,0
instrument,False,0,3010,196.1645,1027,0
instrument,False,0,3011,196.224649,1027,0
instrument,False,0,3012,196.284583,1027,0
instrument,False,0,3013,196.344522,1028,0
instrument,False,0,3014,196.404466,1028,0
instrument,False,0,3015,196.465085,1028,0
instrument,False,0,3016,196.524326,1029,0
instrument,False,0,3017,196.584363,1029,0
instrument,False,0,3018,196.64462,1029,0
instrument,False,0,3019,196.704296,1029,0
instrument,False,0,3020,196.764245,1030,0
instrument,False,0,3021,196.824768,1030,0
instrument,False,0,3022,196.884143,1030,0
instrument,False,0,3023,196.944147,1031,0
instrument,False,0,3024,197.004337,1031,0
instrument,False,0,3025,197.063998,1031,0
instrument,False,0,3026,197.124628,1032,0
instrument,False,0,3027,197.183976,1032,0
instrument,False,0,3028,197.244104,1032,0
instrument,False,0,3029,197.304252,1033,0
instrument,False,0,3030,197.36393,1033,0
instrument,False,0,3031,197.423859,1033,0
instrument,False,0,3032,197.483867,1034,0
instrument,False,0,3033,197.544064,1034,0
instrument,False,0,3034,197.603935,1034,0
instrument,False,0,3035,197.663927,1035,0
instrument,False,0,3036,197.723759,1035,0
instrument,False,0,3037,197.794765,1035,0
instrument,False,0,3038,197.858744,1036,0
instrument,False,0,3039,197.918692,1036,0
instrument,False,0,3040,197.978746,1036,0
instrument,False,0,3041,198.038612,1037,0
instrument,False,0,3042,198.11357,1037,0
instrument,False,0,3043,198.177145,1037,0
instrument,False,0,3044,198.23346,1038,0
instrument,False,0,3045,198.293419,1038,0
instrument,False,0,3046,198.353401,1038,0
instrument,False,0,3047,198.447136,1039,0
instrument,False,0,3048,198.518342,1039,0
instrument,False,0,3049,198.578339,1040,0
instrument,False,0,3050,198.638253,1040,0
instrument,False,0,3051,198.698471,1040,0
instrument,False,0,3052,198.758379,1041,0
instrument,False,0,3053,198.818212,1041,0
instrument,False,0,3054,198.878355,1041,0
instrument,False,0,3055,198.938268,1042,0
instrument,False,0,3056,198.998166,1042,0
instrument,False,0,3057,199.058649,1042,0
instrument,False,0,3058,199.118274,1043,0
instrument,False,0,3059,199.178067,1043,0
instrument,False,0,3060,199.238016,1043,0
instrument,False,0,3061,199.298053,1044,0
instrument,False,0,3062,199.357938,1044,0
instrument,False,0,3063,199.419159,1044,0
instrument,False,0,3064,199.477919,1045,0
instrument,False,0,3065,199.537924,1045,0
instrument,False,0,3066,199.597787,1045,0
instrument,False,0,3067,199.657738,1046,0
instrument,False,0,3068,199.718337,1046,0
instrument,False,0,3069,199.778301,1046,0
instrument,False,0,3070,199.838425,1046,0
instrument,False,0,3071,199.898175,1047,0
instrument,False,0,3072,199.964681,1047,0
instrument,False,0,3073,200.018233,1047,0
instrument,False,0,3074,200.078185,1048,0
instrument,False,0,3075,200.138202,1048,0
instrument,False,0,3076,200.198074,1048,0
instrument,False,0,3077,200.258207,1049,0
instrument,False,0,3078,200.318018,1049,0
instrument,False,0,3079,200.377822,1049,0
instrument,False,0,3080,200.437807,1050,0
instrument,False,0,3081,200.498188,1050,0
instrument,False,0,3082,200.557735,1050,0
instrument,False,0,3083,200.61773,1051,0
instrument,False,0,3084,200.677702,1051,0
instrument,False,0,3085,200.737607,1051,0
instrument,False,0,3086,200.797848,1052,0
instrument,False,0,3087,200.857744,1052,0
instrument,False,0,3088,200.917535,1052,0
instrument,False,0,3089,200.977588,1053,0
instrument,False,0,3090,201.037532,1053,0
instrument,False,0,3091,201.097633,1053,0
instrument,False,0,3092,201.157451,1054,0
instrument,False,0,3093,201.217574,1054,0
instrument,False,0,3094,201.277739,1054,0
instrument,False,0,3095,201.337406,1055,0
instrument,False,0,3096,201.397314,1055,0
instrument,False,0,3097,201.457259,1055,0
instrument,False,0,3098,201.517254,1056,0
instrument,False,0,3099,201.577286,1056,0
instrument,False,0,3100,201.637243,1056,0
instrument,False,0,3101,201.69737,1057,0
instrument,False,0,3102,201.772289,1057,0
instrument,False,0,3103,201.832128,1057,0
instrument,False,0,3104,201.892181,1058,0
instrument,False,0,3105,201.952066,1058,0
instrument,False,0,3106,202.012049,1058,0
instrument,False,0,3107,202.072157,1059,0
instrument,False,0,3108,202.132047,1059,0
instrument,False,0,3109,202.19194,1059,0
instrument,False,0,3110,202.251946,1060,0
instrument,False,0,3111,202.311872,1060,0
instrument,False,0,3112,202.37182,1060,0
instrument,False,0,3113,202.431949,1061,0
instrument,False,0,3114,202.491778,1061,0
instrument,False,0,3115,202.551744,1061,0
instrument,False,0,3116,202.611829,1062,0
instrument,False,0,3117,202.671683,1062,0
instrument,False,0,3118,202.731665,1062,0
instrument,False,0,3119,202.791613,1063,0
instrument,False,0,3120,202.851569,1063,0
instrument,False,0,3121,202.911536,1063,0
instrument,False,0,3122,202.972965,1063,0
instrument,False,0,3123,203.031692,1064,0
instrument,False,0,3124,203.09233,1064,0
instrument,False,0,3125,203.151682,1064,0
instrument,False,0,3126,203.21146,1065,0
instrument,False,0,3127,203.271424,1065,0
instrument,False,0,3128,203.331405,1065,0
instrument,False,0,3129,203.391505,1066,0
instrument,False,0,3130,203.45144,1066,0
instrument,False,0,3131,203.51133,1066,0
instrument,False,0,3132,203.57128,1067,0
instrument,False,0,3133,203.631347,1067,0
instrument,False,0,3134,203.69119,1067,0
instrument,False,0,3135,203.75129,1068,0
instrument,False,0,3136,203.811256,1068,0
instrument,False,0,3137,203.871042,1068,2
instrument,False,0,3138,204.380832,1071,0
instrument,False,0,3139,204.440838,1071,0
instrument,False,0,3140,204.500783,1072,0
instrument,False,0,3141,204.560888,1072,0
instrument,False,0,3142,204.620737,1072,0
instrument,False,0,3143,204.699632,1073,0
instrument,False,0,3144,204.77065,1073,0
instrument,False,0,3145,204.830324,1074,0
instrument,False,0,3146,204.890356,1074,0
instrument,False,0,3147,204.95032,1074,0
instrument,False,0,3148,205.010154,1075,0
instrument,False,0,3149,205.070483,1075,0
instrument,False,0,3150,205.130069,1075,0
instrument,False,0,3151,205.190421,1076,0
instrument,False,0,3152,205.250356,1076,0
instrument,False,0,3153,205.309975,1076,0
instrument,False,0,3154,205.370926,1076,0
instrument,False,0,3155,205.429949,1077,0
instrument,False,0,3156,205.490022,1077,0
instrument,False,0,3157,205.549867,1077,0
instrument,False,0,3158,205.61006,1078,0
instrument,False,0,3159,205.670093,1078,0
instrument,False,0,3160,205.744948,1079,0
instrument,False,0,3161,205.808777,1079,0
instrument,False,0,3162,205.864814,1079,0
instrument,False,0,3163,205.92592,1080,0
instrument,False,0,3164,205.984754,1080,0
instrument,False,0,3165,206.044811,1080,0
instrument,False,0,3166,206.104644,1080,0
instrument,False,0,3167,206.164706,1081,0
instrument,False,0,3168,206.234513,1081,0
instrument,False,0,3169,206.299629,1082,0
instrument,False,0,3170,206.359549,1082,0
instrument,False,0,3171,206.449796,1082,0
instrument,False,0,3172,206.509825,1083,0
instrument,False,0,3173,206.569802,1083,0
instrument,False,0,3174,206.629792,1083,0
instrument,False,0,3175,206.689299,1084,0
instrument,False,0,3176,206.74927,1084,0
instrument,False,0,3177,206.80929,1084,0
instrument,False,0,3178,206.869269,1085,0
instrument,False,0,3179,206.929168,1085,0
instrument,False,0,3180,206.989495,1085,0
instrument,False,0,3181,207.04923,1086,0
instrument,False,0,3182,207.109196,1086,0
instrument,False,0,3183,207.169183,1086,0
instrument,False,0,3184,207.229212,1087,0
instrument,False,0,3185,207.289103,1087,0
instrument,False,0,3186,207.349168,1087,0
instrument,False,0,3187,207.409028,1088,0
instrument,False,0,3188,207.469287,1088,0
instrument,False,0,3189,207.528966,1088,0
instrument,False,0,3190,207.589051,1089,0
instrument,False,0,3191,207.649331,1089,0
instrument,False,0,3192,207.709268,1089,0
instrument,False,0,3193,207.769811,1090,0
instrument,False,0,3194,207.830766,1090,0
instrument,False,0,3195,207.88873,1090,0
instrument,False,0,3196,207.950506,1091,0
instrument,False,0,3197,208.008797,1091,0
instrument,False,0,3198,208.068784,1091,0
instrument,False,0,3199,208.128946,1091,0
instrument,False,0,3200,208.188557,1092,0
instrument,False,0,3201,208.248635,1092,0
instrument,False,0,3202,208.308646,1092,0
instrument,False,0,3203,208.383854,1093,0
instrument,False,0,3204,208.446759,1093,0
instrument,False,0,3205,208.504664,1093,0
instrument,False,0,3206,208.563956,1094,0
instrument,False,0,3207,208.623449,1094,0
instrument,False,0,3208,208.683395,1094,0
instrument,False,0,3209,208.743353,1095,0
instrument,False,0,3210,208.803333,1095,0
instrument,False,0,3211,208.863522,1095,0
instrument,False,0,3212,208.923401,1096,0
instrument,False,0,3213,208.983677,1096,0
instrument,False,0,3214,209.043243,1096,0
instrument,False,0,3215,209.103321,1097,0
instrument,False,0,3216,209.163634,1097,0
instrument,False,0,3217,209.223255,1097,0
instrument,False,0,3218,209.283193,1098,0
instrument,False,0,3219,209.358122,1098,0
instrument,False,0,3220,209.418491,1098,0
instrument,False,0,3221,209.478183,1099,0
instrument,False,0,3222,209.538148,1099,0
instrument,False,0,3223,209.598126,1099,0
instrument,False,0,3224,209.657946,1100,0
instrument,False,0,3225,209.717582,1100,0
instrument,False,0,3226,209.777761,1100,0
instrument,False,0,3227,209.837671,1101,0
instrument,False,0,3228,209.897585,1101,0
instrument,False,0,3229,209.957677,1101,0
instrument,False,0,3230,210.017523,1102,0
instrument,False,0,3231,210.077523,1102,0
instrument,False,0,3232,210.138089,1102,0
instrument,False,0,3233,210.213447,1103,0
instrument,False,0,3234,210.272416,1103,0
instrument,False,0,3235,210.332374,1103,0
instrument,False,0,3236,210.39241,1104,0
instrument,False,0,3237,210.45232,1104,0
instrument,False,0,3238,210.51318,1104,0
instrument,False,0,3239,210.57222,1105,0
instrument,False,0,3240,210.641174,1105,0
instrument,False,0,3241,210.707182,1105,0
instrument,False,0,3242,210.773667,1106,0
instrument,False,0,3243,210.827099,1106,0
instrument,False,0,3244,210.887156,1106,0
instrument,False,0,3245,210.949797,1107,0
instrument,False,0,3246,211.021975,1107,0
instrument,False,0,3247,211.08246,1107,0
instrument,False,0,3248,211.142216,1108,0
instrument,False,0,3249,211.203036,1108,0
instrument,False,0,3250,211.262161,1108,0
instrument,False,0,3251,211.322128,1109,0
instrument,False,0,3252,211.382113,1109,0
instrument,False,0,3253,211.44203,1109,0
instrument,False,0,3254,211.507672,1110,0
instrument,False,0,3255,211.561989,1110,0
instrument,False,0,3256,211.62197,1110,0
instrument,False,0,3257,211.681914,1111,0
instrument,False,0,3258,211.74189,1111,0
instrument,False,0,3259,211.801817,1111,0
instrument,False,0,3260,211.861801,1112,1
instrument,False,0,3261,212.266656,1114,0
instrument,False,0,3262,212.326576,1114,0
instrument,False,0,3263,212.386923,1115,0
instrument,False,0,3264,212.446461,1115,0
instrument,False,0,3265,212.506763,1115,0
instrument,False,0,3266,212.566583,1116,0
instrument,False,0,3267,212.626478,1116,0
instrument,False,0,3268,212.686471,1116,0
instrument,False,0,3269,212.746938,1116,0
instrument,False,0,3270,212.806391,1117,0
instrument,False,0,3271,212.867268,1117,0
instrument,False,0,3272,212.926308,1117,0
instrument,False,0,3273,212.986282,1118,0
instrument,False,0,3274,213.046256,1118,0
instrument,False,0,3275,213.106266,1118,0
instrument,False,0,3276,213.166147,1119,0
instrument,False,0,3277,213.227228,1119,0
instrument,False,0,3278,213.286094,1119,0
instrument,False,0,3279,213.346452,1120,0
instrument,False,0,3280,213.406037,1120,0
instrument,False,0,3281,213.466051,1120,0
instrument,False,0,3282,213.525994,1121,0
instrument,False,0,3283,213.58638,1121,0
instrument,False,0,3284,213.645964,1121,0
instrument,False,0,3285,213.720857,1122,0
instrument,False,0,3286,213.780875,1122,0
instrument,False,0,3287,213.840867,1122,0
instrument,False,0,3288,213.900884,1123,0
instrument,False,0,3289,213.962199,1123,0
instrument,False,0,3290,214.020791,1123,0
instrument,False,0,3291,214.083126,1124,0
instrument,False,0,3292,214.140946,1124,0
instrument,False,0,3293,214.200795,1124,0
instrument,False,0,3294,214.26092,1125,0
instrument,False,0,3295,214.320706,1125,0
instrument,False,0,3296,214.380686,1125,0
instrument,False,0,3297,214.440601,1126,0
instrument,False,0,3298,214.500633,1126,0
instrument,False,0,3299,214.567804,1126,0
instrument,False,0,3300,214.635718,1127,0
instrument,False,0,3301,214.695438,1127,0
instrument,False,0,3302,214.75613,1127,0
instrument,False,0,3303,214.815982,1128,0
instrument,False,0,3304,214.875951,1128,0
instrument,False,0,3305,214.935906,1128,0
instrument,False,0,3306,214.995855,1129,0
instrument,False,0,3307,215.055889,1129,0
instrument,False,0,3308,215.11582,1129,0
instrument,False,0,3309,215.175817,1130,0
instrument,False,0,3310,215.265765,1130,0
instrument,False,0,3311,215.327104,1130,0
instrument,False,0,3312,215.386956,1131,0
instrument,False,0,3313,215.445774,1131,0
instrument,False,0,3314,215.520736,1132,0
instrument,False,0,3315,215.580956,1132,0
instrument,False,0,3316,215.641029,1132,0
instrument,False,0,3317,215.700633,1133,0
instrument,False,0,3318,215.76064,1133,0
instrument,False,0,3319,215.820543,1133,0
instrument,False,0,3320,215.880619,1133,0
instrument,False,0,3321,215.947435,1134,0
instrument,False,0,3322,216.00047,1134,0
instrument,False,0,3323,216.060398,1134,0
instrument,False,0,3324,216.120773,1135,0
instrument,False,0,3325,216.180327,1135,0
instrument,False,0,3326,216.240343,1135,0
instrument,False,0,3327,216.300251,1136,0
instrument,False,0,3328,216.360294,1136,0
instrument,False,0,3329,216.420207,1136,0
instrument,False,0,3330,216.480149,1137,0
instrument,False,0,3331,216.540198,1137,0
instrument,False,0,3332,216.600285,1137,0
instrument,False,0,3333,216.660359,1138,0
instrument,False,0,3334,216.720175,1138,0
instrument,False,0,3335,216.780136,1138,0
instrument,False,0,3336,216.840094,1139,0
instrument,False,0,3337,216.900509,1139,0
instrument,False,0,3338,216.962945,1139,0
instrument,False,0,3339,217.019971,1140,0
instrument,False,0,3340,217.080301,1140,0
instrument,False,0,3341,217.139925,1140,0
instrument,False,0,3342,217.214886,1141,0
instrument,False,0,3343,217.277215,1141,0
instrument,False,0,3344,217.334797,1141,0
instrument,False,0,3345,217.395011,1142,0
instrument,False,0,3346,217.454731,1142,0
instrument,False,0,3347,217.514666,1142,0
instrument,False,0,3348,217.574703,1143,0
instrument,False,0,3349,217.635265,1143,0
instrument,False,0,3350,217.694629,1143,0
instrument,False,0,3351,217.754606,1144,0
instrument,False,0,3352,217.814596,1144,0
instrument,False,0,3353,217.874487,1144,0
instrument,False,0,3354,217.934883,1145,0
instrument,False,0,3355,218.009682,1145,0
instrument,False,0,3356,218.069533,1145,0
instrument,False,0,3357,218.129432,1146,0
instrument,False,0,3358,218.189445,1146,0
instrument,False,0,3359,218.249389,1146,0
instrument,False,0,3360,218.323617,1147,0
instrument,False,0,3361,218.384292,1147,0
instrument,False,0,3362,218.444275,1147,0
instrument,False,0,3363,218.504252,1148,0
instrument,False,0,3364,218.565797,1148,0
instrument,False,0,3365,218.624462,1148,0
instrument,False,0,3366,218.684492,1149,0
instrument,False,0,3367,218.762053,1149,0
instrument,False,0,3368,218.819035,1149,0
instrument,False,0,3369,218.879028,1150,0
instrument,False,0,3370,218.938967,1150,0
instrument,False,0,3371,218.999024,1150,0
instrument,False,0,3372,219.0589,1151,0
instrument,False,0,3373,219.118869,1151,0
instrument,False,0,3374,219.178951,1151,0
instrument,False,0,3375,219.238972,1152,0
instrument,False,0,3376,219.298867,1152,0
instrument,False,0,3377,219.358843,1152,0
instrument,False,0,3378,219.418814,1153,0
instrument,False,0,3379,219.478789,1153,0
instrument,False,0,3380,219.553762,1153,0
instrument,False,0,3381,219.613712,1154,0
instrument,False,0,3382,219.673973,1154,0
instrument,False,0,3383,219.73445,1154,0
instrument,False,0,3384,219.79426,1155,0
instrument,False,0,3385,219.854249,1155,0
instrument,False,0,3386,219.914223,1155,0
instrument,False,0,3387,219.974156,1156,0
instrument,False,0,3388,220.0346,1156,0
instrument,False,0,3389,220.094143,1156,0
instrument,False,0,3390,220.154223,1157,0
instrument,False,0,3391,220.214066,1157,0
instrument,False,0,3392,220.273955,1157,0
instrument,False,0,3393,220.334117,1158,0
instrument,False,0,3394,220.401868,1158,0
instrument,False,0,3395,220.483914,1158,0
instrument,False,0,3396,220.544357,1159,0
instrument,False,0,3397,220.603858,1159,0
instrument,False,0,3398,220.663781,1159,0
instrument,False,0,3399,220.724088,1160,0
instrument,False,0,3400,220.783794,1160,0
instrument,False,0,3401,220.843746,1160,0
instrument,False,0,3402,220.903727,1161,0
instrument,False,0,3403,220.963706,1161,0
instrument,False,0,3404,221.023652,1161,0
instrument,False,0,3405,221.084023,1162,0
instrument,False,0,3406,221.14361,1162,0
instrument,False,0,3407,221.203635,1162,0
instrument,False,0,3408,221.26356,1163,0
instrument,False,0,3409,221.323476,1163,0
instrument,False,0,3410,221.3835,1163,0
instrument,False,0,3411,221.446002,1164,0
instrument,False,0,3412,221.503764,1164,0
instrument,False,0,3413,221.563377,1164,0
instrument,False,0,3414,221.623291,1165,0
instrument,False,0,3415,221.691219,1165,0
instrument,False,0,3416,221.743304,1165,0
instrument,False,0,3417,221.803622,1166,0
instrument,False,0,3418,221.893173,1166,0
instrument,False,0,3419,221.961199,1166,0
instrument,False,0,3420,222.028165,1167,0
instrument,False,0,3421,222.088202,1167,0
instrument,False,0,3422,222.148066,1167,0
instrument,False,0,3423,222.208546,1168,0
instrument,False,0,3424,222.268043,1168,0
instrument,False,0,3425,222.328014,1168,0
instrument,False,0,3426,222.390242,1169,0
instrument,False,0,3427,222.447941,1169,0
instrument,False,0,3428,222.508061,1169,0
instrument,False,0,3429,222.567866,1170,0
instrument,False,0,3430,222.628966,1170,0
instrument,False,0,3431,222.688075,1170,0
instrument,False,0,3432,222.747879,1171,0
instrument,False,0,3433,222.807751,1171,0
instrument,False,0,3434,222.867755,1171,0
instrument,False,0,3435,222.927728,1172,0
instrument,False,0,3436,222.987655,1172,0
instrument,False,0,3437,223.04763,1172,0
instrument,False,0,3438,223.10757,1173,0
instrument,False,0,3439,223.167555,1173,0
instrument,False,0,3440,223.227496,1173,0
instrument,False,0,3441,223.287457,1174,0
instrument,False,0,3442,223.347445,1174,0
instrument,False,0,3443,223.407498,1174,0
instrument,False,0,3444,223.467498,1175,0
instrument,False,0,3445,223.527405,1175,2
instrument,False,0,3446,224.082111,1178,0
instrument,False,0,3447,224.142532,1178,0
instrument,False,0,3448,224.202218,1179,0
instrument,False,0,3449,224.262555,1179,0
instrument,False,0,3450,224.322091,1179,0
instrument,False,0,3451,224.382171,1180,0
instrument,False,0,3452,224.442105,1180,0
instrument,False,0,3453,224.502176,1180,0
instrument,False,0,3454,224.561975,1181,0
instrument,False,0,3455,224.62195,1181,0
instrument,False,0,3456,224.681884,1181,0
instrument,False,0,3457,224.741542,1182,0
instrument,False,0,3458,224.801313,1182,0
instrument,False,0,3459,224.861323,1182,0
instrument,False,0,3460,224.921293,1183,0
instrument,False,0,3461,224.981157,1183,0
instrument,False,0,3462,225.041213,1183,0
instrument,False,0,3463,225.101233,1184,0
instrument,False,0,3464,225.161949,1184,0
instrument,False,0,3465,225.221007,1184,0
instrument,False,0,3466,225.280998,1184,0
instrument,False,0,3467,225.341474,1185,0
instrument,False,0,3468,225.401288,1185,0
instrument,False,0,3469,225.460993,1185,0
instrument,False,0,3470,225.520808,1186,0
instrument,False,0,3471,225.580872,1186,0
instrument,False,0,3472,225.640744,1186,0
instrument,False,0,3473,225.700718,1187,0
instrument,False,0,3474,225.760692,1187,0
instrument,False,0,3475,225.820852,1187,0
instrument,False,0,3476,225.880619,1188,0
instrument,False,0,3477,225.940598,1188,0
instrument,False,0,3478,226.00056,1188,0
instrument,False,0,3479,226.060512,1189,0
instrument,False,0,3480,226.120617,1189,0
instrument,False,0,3481,226.180527,1189,0
instrument,False,0,3482,226.240524,1190,0
instrument,False,0,3483,226.300425,1190,0
instrument,False,0,3484,226.360974,1190,0
instrument,False,0,3485,226.421051,1191,0
instrument,False,0,3486,226.495352,1191,0
instrument,False,0,3487,226.555366,1191,0
instrument,False,0,3488,226.619286,1192,0
instrument,False,0,3489,226.675437,1192,0
instrument,False,0,3490,226.735317,1192,0
instrument,False,0,3491,226.795236,1193,0
instrument,False,0,3492,226.863146,1193,0
instrument,False,0,3493,226.930381,1193,0
instrument,False,0,3494,226.990046,1194,0
instrument,False,0,3495,227.05003,1194,0
instrument,False,0,3496,227.110148,1194,0
instrument,False,0,3497,227.169998,1195,0
instrument,False,0,3498,227.229929,1195,0
instrument,False,0,3499,227.289908,1195,0
instrument,False,0,3500,227.350665,1196,0
instrument,False,0,3501,227.409837,1196,0
instrument,False,0,3502,227.469774,1196,0
instrument,False,0,3503,227.52972,1197,0
instrument,False,0,3504,227.589662,1197,0
instrument,False,0,3505,227.649942,1197,0
instrument,False,0,3506,227.715839,1198,0
instrument,False,0,3507,227.769565,1198,0
instrument,False,0,3508,227.829605,1198,0
instrument,False,0,3509,227.889484,1199,0
instrument,False,0,3510,227.949469,1199,0
instrument,False,0,3511,228.009626,1199,0
instrument,False,0,3512,228.069378,1200,0
instrument,False,0,3513,228.129368,1200,0
instrument,False,0,3514,228.189309,1200,0
instrument,False,0,3515,228.249353,1201,0
instrument,False,0,3516,228.30941,1201,0
instrument,False,0,3517,228.369265,1201,0
instrument,False,0,3518,228.439302,1202,0
instrument,False,0,3519,228.504126,1202,0
instrument,False,0,3520,228.564117,1202,0
instrument,False,0,3521,228.624049,1203,0
instrument,False,0,3522,228.684127,1203,0
instrument,False,0,3523,228.743991,1203,0
instrument,False,0,3524,228.804188,1204,0
instrument,False,0,3525,228.864069,1204,0
instrument,False,0,3526,228.924006,1204,0
instrument,False,0,3527,228.983996,1205,0
instrument,False,0,3528,229.043992,1205,0
instrument,False,0,3529,229.103893,1205,0
instrument,False,0,3530,229.163909,1206,0
instrument,False,0,3531,229.223894,1206,0
instrument,False,0,3532,229.283801,1206,0
instrument,False,0,3533,229.344007,1207,0
instrument,False,0,3534,229.404108,1207,0
instrument,False,0,3535,229.463753,1207,0
instrument,False,0,3536,229.523741,1207,0
instrument,False,0,3537,229.583685,1208,0
instrument,False,0,3538,229.64365,1208,0
instrument,False,0,3539,229.70334,1208,0
instrument,False,0,3540,229.763218,1209,0
instrument,False,0,3541,229.830171,1209,0
instrument,False,0,3542,229.883191,1209,0
instrument,False,0,3543,229.943137,1210,0
instrument,False,0,3544,230.00312,1210,0
instrument,False,0,3545,230.074038,1210,0
instrument,False,0,3546,230.138039,1211,0
instrument,False,0,3547,230.198261,1211,0
instrument,False,0,3548,230.258548,1211,0
instrument,False,0,3549,230.318012,1212,0
instrument,False,0,3550,230.393101,1212,0
instrument,False,0,3551,230.453005,1213,0
instrument,False,0,3552,230.512952,1213,0
instrument,False,0,3553,230.57325,1213,0
instrument,False,0,3554,230.634583,1213,0
instrument,False,0,3555,230.692914,1214,0
instrument,False,0,3556,230.752905,1214,0
instrument,False,0,3557,230.812765,1214,0
instrument,False,0,3558,230.875677,1215,0
instrument,False,0,3559,230.932714,1215,0
instrument,False,0,3560,230.992772,1215,0
instrument,False,0,3561,231.052631,1216,0
instrument,False,0,3562,231.112623,1216,0
instrument,False,0,3563,231.172655,1216,0
instrument,False,0,3564,231.233604,1217,0
instrument,False,0,3565,231.307453,1217,0
instrument,False,0,3566,231.367448,1217,0
instrument,False,0,3567,231.42755,1218,0
instrument,False,0,3568,231.487496,1218,0
instrument,False,0,3569,231.547372,1218,0
instrument,False,0,3570,231.607561,1219,0
instrument,False,0,3571,231.667435,1219,0
instrument,False,0,3572,231.727483,1219,0
instrument,False,0,3573,231.787344,1220,0
instrument,False,0,3574,231.847855,1220,0
instrument,False,0,3575,231.907806,1220,0
instrument,False,0,3576,231.967236,1221,0
instrument,False,0,3577,232.02719,1221,0
instrument,False,0,3578,232.087139,1221,0
instrument,False,0,3579,232.147078,1221,1
instrument,False,0,3580,232.521961,1224,0
instrument,False,0,3581,232.581887,1224,0
instrument,False,0,3582,232.641842,1224,0
instrument,False,0,3583,232.702797,1225,0
instrument,False,0,3584,232.761761,1225,0
instrument,False,0,3585,232.821727,1225,0
instrument,False,0,3586,232.881915,1226,0
instrument,False,0,3587,232.941903,1226,0
instrument,False,0,3588,233.001723,1226,0
instrument,False,0,3589,233.061691,1227,0
instrument,False,0,3590,233.121679,1227,0
instrument,False,0,3591,233.181624,1227,0
instrument,False,0,3592,233.241638,1228,0
instrument,False,0,3593,233.302054,1228,0
instrument,False,0,3594,233.361553,1228,0
instrument,False,0,3595,233.421521,1229,0
instrument,False,0,3596,233.481448,1229,0
instrument,False,0,3597,233.54143,1229,0
instrument,False,0,3598,233.608404,1230,0
instrument,False,0,3599,233.676456,1230,0
instrument,False,0,3600,233.736896,1230,0
instrument,False,0,3601,233.796398,1231,0
instrument,False,0,3602,233.856361,1231,0
instrument,False,0,3603,233.916385,1231,0
instrument,False,0,3604,233.997787,1232,0
instrument,False,0,3605,234.05161,1232,0
instrument,False,0,3606,234.111376,1232,0
instrument,False,0,3607,234.171299,1233,0
instrument,False,0,3608,234.231276,1233,0
instrument,False,0,3609,234.291255,1233,0
instrument,False,0,3610,234.351308,1234,0
instrument,False,0,3611,234.411206,1234,0
instrument,False,0,3612,234.471209,1234,0
instrument,False,0,3613,234.534106,1235,0
instrument,False,0,3614,234.591131,1235,0
instrument,False,0,3615,234.651042,1235,0
instrument,False,0,3616,234.7117,1236,0
instrument,False,0,3617,234.7713,1236,0
instrument,False,0,3618,234.831206,1236,0
instrument,False,0,3619,234.89123,1237,0
instrument,False,0,3620,234.951156,1237,0
instrument,False,0,3621,235.011137,1237,0
instrument,False,0,3622,235.071096,1238,0
instrument,False,0,3623,235.131152,1238,0
instrument,False,0,3624,235.190974,1238,0
instrument,False,0,3625,235.251473,1239,0
instrument,False,0,3626,235.311533,1239,0
instrument,False,0,3627,235.370924,1239,0
instrument,False,0,3628,235.430889,1240,0
instrument,False,0,3629,235.490854,1240,0
instrument,False,0,3630,235.550867,1240,0
instrument,False,0,3631,235.610743,1240,0
instrument,False,0,3632,235.670845,1241,0
instrument,False,0,3633,235.731565,1241,0
instrument,False,0,3634,235.791348,1241,0
instrument,False,0,3635,235.851321,1242,0
instrument,False,0,3636,235.911255,1242,0
instrument,False,0,3637,235.971378,1242,0
instrument,False,0,3638,236.032279,1243,0
instrument,False,0,3639,236.091184,1243,0
instrument,False,0,3640,236.151217,1243,0
instrument,False,0,3641,236.211062,1244,0
instrument,False,0,3642,236.271073,1244,0
instrument,False,0,3643,236.331037,1244,0
instrument,False,0,3644,236.391008,1245,0
instrument,False,0,3645,236.452056,1245,0
instrument,False,0,3646,236.51102,1245,0
instrument,False,0,3647,236.570949,1246,0
instrument,False,0,3648,236.630917,1246,0
instrument,False,0,3649,236.691201,1246,0
instrument,False,0,3650,236.752216,1247,0
instrument,False,0,3651,236.811503,1247,0
instrument,False,0,3652,236.871424,1247,0
instrument,False,0,3653,236.931433,1248,0
instrument,False,0,3654,236.991367,1248,0
instrument,False,0,3655,237.051466,1248,0
instrument,False,0,3656,237.111321,1249,0
instrument,False,0,3657,237.186294,1249,0
instrument,False,0,3658,237.246284,1249,0
instrument,False,0,3659,237.306662,1250,0
instrument,False,0,3660,237.366223,1250,0
instrument,False,0,3661,237.435561,1250,0
instrument,False,0,3662,237.501079,1251,0
instrument,False,0,3663,237.561173,1251,0
instrument,False,0,3664,237.624865,1251,0
instrument,False,0,3665,237.681035,1252,0
instrument,False,0,3666,237.741042,1252,0
instrument,False,0,3667,237.800938,1252,0
instrument,False,0,3668,237.860989,1253,0
instrument,False,0,3669,237.92113,1253,0
instrument,False,0,3670,237.981216,1253,0
instrument,False,0,3671,238.041214,1254,0
instrument,False,0,3672,238.100819,1254,0
instrument,False,0,3673,238.160775,1254,0
instrument,False,0,3674,238.220708,1255,0
instrument,False,0,3675,238.280625,1255,0
instrument,False,0,3676,238.340651,1255,0
instrument,False,0,3677,238.40082,1256,0
instrument,False,0,3678,238.461104,1256,0
instrument,False,0,3679,238.520647,1256,0
instrument,False,0,3680,238.581017,1257,0
instrument,False,0,3681,238.640711,1257,0
instrument,False,0,3682,238.700622,1257,0
instrument,False,0,3683,238.760597,1258,0
instrument,False,0,3684,238.820517,1258,0
instrument,False,0,3685,238.880426,1258,0
instrument,False,0,3686,238.940421,1259,0
instrument,False,0,3687,239.000381,1259,0
instrument,False,0,3688,239.075354,1259,0
instrument,False,0,3689,239.135354,1260,0
instrument,False,0,3690,239.195404,1260,0
instrument,False,0,3691,239.25539,1260,0
instrument,False,0,3692,239.316163,1261,0
instrument,False,0,3693,239.37527,1261,0
instrument,False,0,3694,239.435335,1261,0
instrument,False,0,3695,239.49522,1262,0
instrument,False,0,3696,239.55554,1262,0
instrument,False,0,3697,239.615127,1262,0
instrument,False,0,3698,239.675209,1263,0
instrument,False,0,3699,239.734772,1263,0
instrument,False,0,3700,239.795351,1263,0
instrument,False,0,3701,239.854793,1264,0
instrument,False,0,3702,239.914982,1264,0
instrument,False,0,3703,239.974737,1264,0
instrument,False,0,3704,240.036136,1264,0
instrument,False,0,3705,240.094869,1265,0
instrument,False,0,3706,240.154714,1265,0
instrument,False,0,3707,240.21475,1265,0
instrument,False,0,3708,240.275288,1266,0
instrument,False,0,3709,240.334615,1266,0
instrument,False,0,3710,240.395157,1266,0
instrument,False,0,3711,240.454502,1267,0
instrument,False,0,3712,240.514469,1267,0
instrument,False,0,3713,240.574767,1267,0
instrument,False,0,3714,240.63437,1268,0
instrument,False,0,3715,240.694332,1268,0
instrument,False,0,3716,240.754442,1268,0
instrument,False,0,3717,240.814584,1269,0
instrument,False,0,3718,240.874302,1269,0
instrument,False,0,3719,240.949747,1269,0
instrument,False,0,3720,241.009202,1270,0
instrument,False,0,3721,241.069129,1270,0
instrument,False,0,3722,241.130145,1270,0
instrument,False,0,3723,241.18949,1271,0
instrument,False,0,3724,241.249232,1271,0
instrument,False,0,3725,241.309442,1271,0
instrument,False,0,3726,241.369066,1272,0
instrument,False,0,3727,241.429052,1272,0
instrument,False,0,3728,241.488995,1272,0
instrument,False,0,3729,241.549234,1273,0
instrument,False,0,3730,241.609326,1273,0
instrument,False,0,3731,241.669485,1273,0
instrument,False,0,3732,241.730059,1274,0
instrument,False,0,3733,241.788902,1274,0
instrument,False,0,3734,241.848875,1274,0
instrument,False,0,3735,241.908729,1275,0
instrument,False,0,3736,241.983695,1275,0
instrument,False,0,3737,242.043662,1275,0
instrument,False,0,3738,242.103833,1276,0
instrument,False,0,3739,242.163611,1276,0
instrument,False,0,3740,242.223753,1276,0
instrument,False,0,3741,242.283523,1277,0
instrument,False,0,3742,242.3436,1277,0
instrument,False,0,3743,242.403518,1277,0
instrument,False,0,3744,242.473377,1278,0
instrument,False,0,3745,242.553502,1278,0
instrument,False,0,3746,242.61345,1278,0
instrument,False,0,3747,242.673566,1279,0
instrument,False,0,3748,242.733399,1279,0
instrument,False,0,3749,242.793499,1279,0
instrument,False,0,3750,242.853297,1280,0
instrument,False,0,3751,242.913344,1280,0
instrument,False,0,3752,242.973255,1280,0
instrument,False,0,3753,243.034358,1281,0
instrument,False,0,3754,243.094196,1281,0
instrument,False,0,3755,243.153275,1281,0
instrument,False,0,3756,243.21315,1282,0
instrument,False,0,3757,243.273139,1282,0
instrument,False,0,3758,243.333449,1282,0
instrument,False,0,3759,243.393027,1283,0
instrument,False,0,3760,243.452994,1283,0
instrument,False,0,3761,243.51299,1283,0
instrument,False,0,3762,243.57293,1284,0
instrument,False,0,3763,243.633185,1284,0
instrument,False,0,3764,243.692836,1284,0
instrument,False,0,3765,243.7528,1285,0
instrument,False,0,3766,243.828129,1285,0
instrument,False,0,3767,243.888778,1285,0
instrument,False,0,3768,243.947849,1286,0
instrument,False,0,3769,244.00782,1286,0
instrument,False,0,3770,244.067779,1286,0
instrument,False,0,3771,244.134692,1287,0
instrument,False,0,3772,244.187706,1287,0
instrument,False,0,3773,244.247641,1287,2
instrument,False,0,3774,244.787077,1290,0
instrument,False,0,3775,244.849992,1291,0
instrument,False,0,3776,244.90932,1291,0
instrument,False,0,3777,244.966976,1291,0
instrument,False,0,3778,245.027675,1292,0
instrument,False,0,3779,245.087003,1292,0
instrument,False,0,3780,245.147053,1292,0
instrument,False,0,3781,245.207364,1293,0
instrument,False,0,3782,245.266921,1293,0
instrument,False,0,3783,245.326962,1293,0
instrument,False,0,3784,245.387847,1294,0
instrument,False,0,3785,245.446846,1294,0
instrument,False,0,3786,245.506774,1294,0
instrument,False,0,3787,245.567588,1294,0
instrument,False,0,3788,245.627071,1295,0
instrument,False,0,3789,245.686683,1295,0
instrument,False,0,3790,245.746745,1295,0
instrument,False,0,3791,245.806986,1296,0
instrument,False,0,3792,245.866579,1296,0
instrument,False,0,3793,245.926541,1296,0
instrument,False,0,3794,245.986549,1297,0
instrument,False,0,3795,246.04645,1297,0
instrument,False,0,3796,246.106498,1297,0
instrument,False,0,3797,246.166381,1298,0
instrument,False,0,3798,246.226894,1298,0
instrument,False,0,3799,246.286316,1298,0
instrument,False,0,3800,246.346373,1299,0
instrument,False,0,3801,246.40643,1299,0
instrument,False,0,3802,246.466438,1299,0
instrument,False,0,3803,246.526251,1300,0
instrument,False,0,3804,246.615467,1300,0
instrument,False,0,3805,246.677419,1301,0
instrument,False,0,3806,246.736237,1301,0
instrument,False,0,3807,246.796144,1301,0
instrument,False,0,3808,246.856167,1301,0
instrument,False,0,3809,246.926085,1302,0
instrument,False,0,3810,246.991076,1302,0
instrument,False,0,3811,247.051168,1303,0
instrument,False,0,3812,247.111115,1303,0
instrument,False,0,3813,247.17093,1303,0
instrument,False,0,3814,247.230957,1304,0
instrument,False,0,3815,247.290921,1304,0
instrument,False,0,3816,247.350916,1304,0
instrument,False,0,3817,247.412138,1304,0
instrument,False,0,3818,247.470752,1305,0
instrument,False,0,3819,247.531025,1305,0
instrument,False,0,3820,247.590767,1305,0
instrument,False,0,3821,247.650817,1306,0
instrument,False,0,3822,247.710662,1306,0
instrument,False,0,3823,247.771023,1306,0
instrument,False,0,3824,247.830682,1307,0
instrument,False,0,3825,247.89052,1307,0
instrument,False,0,3826,247.950618,1307,0
instrument,False,0,3827,248.010851,1308,0
instrument,False,0,3828,248.070676,1308,0
instrument,False,0,3829,248.130534,1308,0
instrument,False,0,3830,248.192518,1309,0
instrument,False,0,3831,248.250547,1309,0
instrument,False,0,3832,248.310379,1309,0
instrument,False,0,3833,248.371244,1310,0
instrument,False,0,3834,248.430336,1310,0
instrument,False,0,3835,248.490282,1310,0
instrument,False,0,3836,248.550253,1311,0
instrument,False,0,3837,248.619184,1311,0
instrument,False,0,3838,248.685552,1311,0
instrument,False,0,3839,248.745216,1312,0
instrument,False,0,3840,248.805083,1312,0
instrument,False,0,3841,248.865108,1312,0
instrument,False,0,3842,248.925049,1313,0
instrument,False,0,3843,248.984996,1313,0
instrument,False,0,3844,249.045986,1313,0
instrument,False,0,3845,249.104921,1314,0
instrument,False,0,3846,249.164918,1314,0
instrument,False,0,3847,249.2255,1314,0
instrument,False,0,3848,249.284956,1315,0
instrument,False,0,3849,249.345078,1315,0
instrument,False,0,3850,249.404851,1315,0
instrument,False,0,3851,249.465874,1316,0
instrument,False,0,3852,249.524817,1316,0
instrument,False,0,3853,249.584882,1316,0
instrument,False,0,3854,249.644848,1317,0
instrument,False,0,3855,249.704379,1317,0
instrument,False,0,3856,249.7644,1317,0
instrument,False,0,3857,249.824451,1318,0
instrument,False,0,3858,249.884286,1318,0
instrument,False,0,3859,249.944304,1318,0
instrument,False,0,3860,250.004242,1319,0
instrument,False,0,3861,250.064281,1319,0
instrument,False,0,3862,250.124259,1319,0
instrument,False,0,3863,250.184419,1320,0
instrument,False,0,3864,250.244063,1320,0
instrument,False,0,3865,250.304008,1320,0
instrument,False,0,3866,250.364742,1321,0
instrument,False,0,3867,250.454409,1321,0
instrument,False,0,3868,250.513897,1321,0
instrument,False,0,3869,250.574432,1322,0
instrument,False,0,3870,250.633833,1322,0
instrument,False,0,3871,250.69365,1322,0
instrument,False,0,3872,250.753627,1323,0
instrument,False,0,3873,250.813619,1323,0
instrument,False,0,3874,250.873579,1323,0
instrument,False,0,3875,250.933502,1324,0
instrument,False,0,3876,250.99506,1324,0
instrument,False,0,3877,251.054185,1324,0
instrument,False,0,3878,251.11339,1325,0
instrument,False,0,3879,251.173365,1325,0
instrument,False,0,3880,251.233456,1325,0
instrument,False,0,3881,251.293327,1326,0
instrument,False,0,3882,251.353378,1326,0
instrument,False,0,3883,251.413343,1326,0
instrument,False,0,3884,251.47376,1327,0
instrument,False,0,3885,251.533307,1327,0
instrument,False,0,3886,251.593133,1327,0
instrument,False,0,3887,251.65359,1327,0
instrument,False,0,3888,251.713806,1328,0
instrument,False,0,3889,251.774749,1328,0
instrument,False,0,3890,251.833403,1328,0
instrument,False,0,3891,251.892973,1329,0
instrument,False,0,3892,251.952982,1329,0
instrument,False,0,3893,252.012893,1329,0
instrument,False,0,3894,252.072986,1330,0
instrument,False,0,3895,252.133062,1330,0
instrument,False,0,3896,252.193,1330,0
instrument,False,0,3897,252.262145,1331,0
instrument,False,0,3898,252.327912,1331,0
instrument,False,0,3899,252.387918,1331,0
instrument,False,0,3900,252.447826,1332,0
instrument,False,0,3901,252.50967,1332,0
instrument,False,0,3902,252.568325,1332,0
instrument,False,0,3903,252.62765,1333,0
instrument,False,0,3904,252.693787,1333,0
instrument,False,0,3905,252.748323,1333,0
instrument,False,0,3906,252.80756,1334,0
instrument,False,0,3907,252.867533,1334,0
instrument,False,0,3908,252.927538,1334,0
instrument,False,0,3909,252.987451,1335,0
instrument,False,0,3910,253.047787,1335,0
instrument,False,0,3911,253.107536,1335,0
instrument,False,0,3912,253.167304,1336,1
instrument,False,0,3913,253.572162,1338,0
instrument,False,0,3914,253.632105,1338,0
instrument,False,0,3915,253.694089,1339,0
instrument,False,0,3916,253.753511,1339,0
instrument,False,0,3917,253.81196,1339,0
instrument,False,0,3918,253.87197,1340,0
instrument,False,0,3919,253.941927,1340,0
instrument,False,0,3920,254.007729,1340,0
instrument,False,0,3921,254.066895,1341,0
instrument,False,0,3922,254.12727,1341,0
instrument,False,0,3923,254.186774,1341,0
instrument,False,0,3924,254.252872,1342,0
instrument,False,0,3925,254.306964,1342,0
instrument,False,0,3926,254.366794,1342,0
instrument,False,0,3927,254.427101,1343,0
instrument,False,0,3928,254.487035,1343,0
instrument,False,0,3929,254.546681,1343,0
instrument,False,0,3930,254.606654,1344,0
instrument,False,0,3931,254.666631,1344,0
instrument,False,0,3932,254.727231,1344,0
instrument,False,0,3933,254.788014,1344,0
instrument,False,0,3934,254.847291,1345,0
instrument,False,0,3935,254.907239,1345,0
instrument,False,0,3936,254.969183,1345,0
instrument,False,0,3937,255.027157,1346,0
instrument,False,0,3938,255.100107,1346,0
instrument,False,0,3939,255.162112,1347,0
instrument,False,0,3940,255.222076,1347,0
instrument,False,0,3941,255.282077,1347,0
instrument,False,0,3942,255.343125,1348,0
instrument,False,0,3943,255.401973,1348,0
instrument,False,0,3944,255.461922,1348,0
instrument,False,0,3945,255.521889,1348,0
instrument,False,0,3946,255.581864,1349,0
instrument,False,0,3947,255.641824,1349,0
instrument,False,0,3948,255.702684,1349,0
instrument,False,0,3949,255.761849,1350,0
instrument,False,0,3950,255.821873,1350,0
instrument,False,0,3951,255.881828,1350,0
instrument,False,0,3952,255.941735,1351,0
instrument,False,0,3953,256.00174,1351,0
instrument,False,0,3954,256.061771,1351,0
instrument,False,0,3955,256.121682,1352,0
instrument,False,0,3956,256.181822,1352,0
instrument,False,0,3957,256.241848,1352,0
instrument,False,0,3958,256.301659,1353,0
instrument,False,0,3959,256.361822,1353,0
instrument,False,0,3960,256.421898,1353,0
instrument,False,0,3961,256.482037,1354,0
instrument,False,0,3962,256.541542,1354,0
instrument,False,0,3963,256.601634,1354,0
instrument,False,0,3964,256.66154,1355,0
instrument,False,0,3965,256.72145,1355,0
instrument,False,0,3966,256.781415,1355,0
instrument,False,0,3967,256.863618,1356,0
instrument,False,0,3968,256.931321,1356,0
instrument,False,0,3969,256.991335,1356,0
instrument,False,0,3970,257.054586,1357,0
instrument,False,0,3971,257.111384,1357,0
instrument,False,0,3972,257.171152,1357,0
instrument,False,0,3973,257.231133,1358,0
instrument,False,0,3974,257.291522,1358,0
instrument,False,0,3975,257.351064,1358,0
instrument,False,0,3976,257.411083,1359,0
instrument,False,0,3977,257.474018,1359,0
instrument,False,0,3978,257.531075,1359,0
instrument,False,0,3979,257.591047,1360,0
instrument,False,0,3980,257.651409,1360,0
instrument,False,0,3981,257.711011,1360,0
instrument,False,0,3982,257.770961,1361,0
instrument,False,0,3983,257.831287,1361,0
instrument,False,0,3984,257.893901,1361,0
instrument,False,0,3985,257.950941,1362,0
instrument,False,0,3986,258.010747,1362,0
instrument,False,0,3987,258.070842,1362,0
instrument,False,0,3988,258.130745,1363,0
instrument,False,0,3989,258.190735,1363,0
instrument,False,0,3990,258.250686,1363,0
instrument,False,0,3991,258.31062,1364,0
instrument,False,0,3992,258.370616,1364,0
instrument,False,0,3993,258.4306,1364,0
instrument,False,0,3994,258.490554,1365,0
instrument,False,0,3995,258.550502,1365,0
instrument,False,0,3996,258.61096,1365,0
instrument,False,0,3997,258.670502,1366,0
instrument,False,0,3998,258.732349,1366,0
instrument,False,0,3999,258.790354,1366,0
instrument,False,0,4000,258.850535,1367,0
instrument,False,0,4001,258.9104,1367,0
instrument,False,0,4002,258.970743,1367,0
instrument,False,0,4003,259.031345,1368,0
instrument,False,0,4004,259.090373,1368,0
instrument,False,0,4005,259.15523,1368,0
instrument,False,0,4006,259.210262,1368,0
instrument,False,0,4007,259.270296,1369,0
instrument,False,0,4008,259.330469,1369,0
instrument,False,0,4009,259.390211,1369,0
instrument,False,0,4010,259.450171,1370,0
instrument,False,0,4011,259.510151,1370,0
instrument,False,0,4012,259.570043,1370,0
instrument,False,0,4013,259.630017,1371,0
instrument,False,0,4014,259.689977,1371,0
instrument,False,0,4015,259.750721,1371,0
instrument,False,0,4016,259.810598,1372,0
instrument,False,0,4017,259.870864,1372,0
instrument,False,0,4018,259.930496,1372,0
instrument,False,0,4019,259.990471,1373,0
instrument,False,0,4020,260.054533,1373,0
instrument,False,0,4021,260.110373,1373,0
instrument,False,0,4022,260.187273,1374,0
instrument,False,0,4023,260.247388,1374,0
instrument,False,0,4024,260.32184,1375,0
instrument,False,0,4025,260.380369,1375,0
instrument,False,0,4026,260.440291,1375,0
instrument,False,0,4027,260.500362,1375,0
instrument,False,0,4028,260.560244,1376,0
instrument,False,0,4029,260.621959,1376,0
instrument,False,0,4030,260.680186,1376,0
instrument,False,0,4031,260.74108,1377,0
instrument,False,0,4032,260.804036,1377,0
instrument,False,0,4033,260.860121,1377,0
instrument,False,0,4034,260.920102,1378,0
instrument,False,0,4035,260.980035,1378,0
instrument,False,0,4036,261.044094,1378,0
instrument,False,0,4037,261.09993,1379,0
instrument,False,0,4038,261.159864,1379,0
instrument,False,0,4039,261.219868,1379,0
instrument,False,0,4040,261.279897,1380,0
instrument,False,0,4041,261.340369,1380,0
instrument,False,0,4042,261.39996,1380,0
instrument,False,0,4043,261.459741,1381,0
instrument,False,0,4044,261.519688,1381,0
instrument,False,0,4045,261.580047,1381,0
instrument,False,0,4046,261.644345,1382,0
instrument,False,0,4047,261.69971,1382,0
instrument,False,0,4048,261.759657,1382,0
instrument,False,0,4049,261.8196,1383,0
instrument,False,0,4050,261.879583,1383,0
instrument,False,0,4051,261.939602,1383,0
instrument,False,0,4052,261.999601,1384,0
instrument,False,0,4053,262.059573,1384,0
instrument,False,0,4054,262.119581,1384,0
instrument,False,0,4055,262.17941,1385,0
instrument,False,0,4056,262.239586,1385,0
instrument,False,0,4057,262.299362,1385,0
instrument,False,0,4058,262.359327,1386,0
instrument,False,0,4059,262.419297,1386,0
instrument,False,0,4060,262.479242,1386,0
instrument,False,0,4061,262.539273,1387,0
instrument,False,0,4062,262.599279,1387,0
instrument,False,0,4063,262.659152,1387,0
instrument,False,0,4064,262.719067,1387,0
instrument,False,0,4065,262.779071,1388,0
instrument,False,0,4066,262.839392,1388,0
instrument,False,0,4067,262.901384,1388,0
instrument,False,0,4068,262.959428,1389,0
instrument,False,0,4069,263.019095,1389,0
instrument,False,0,4070,263.078913,1389,0
instrument,False,0,4071,263.138934,1390,0
instrument,False,0,4072,263.198878,1390,0
instrument,False,0,4073,263.258794,1390,0
instrument,False,0,4074,263.31926,1391,0
instrument,False,0,4075,263.379106,1391,0
instrument,False,0,4076,263.438805,1391,0
instrument,False,0,4077,263.498765,1392,0
instrument,False,0,4078,263.558644,1392,0
instrument,False,0,4079,263.618603,1392,0
instrument,False,0,4080,263.678638,1393,0
instrument,False,0,4081,263.738605,1393,0
instrument,False,0,4082,263.798553,1393,0
instrument,False,0,4083,263.874937,1394,0
instrument,False,0,4084,263.949565,1394,0
instrument,False,0,4085,264.008485,1394,0
instrument,False,0,4086,264.06854,1395,0
instrument,False,0,4087,264.134568,1395,0
instrument,False,0,4088,264.188395,1395,0
instrument,False,0,4089,264.248413,1396,0
instrument,False,0,4090,264.30881,1396,0
instrument,False,0,4091,264.368435,1396,0
instrument,False,0,4092,264.428399,1397,0
instrument,False,0,4093,264.488325,1397,0
instrument,False,0,4094,264.548429,1397,0
instrument,False,0,4095,264.608333,1398,0
instrument,False,0,4096,264.668255,1398,0
instrument,False,0,4097,264.72811,1398,0
instrument,False,0,4098,264.78783,1399,0
instrument,False,0,4099,264.847752,1399,0
instrument,False,0,4100,264.907859,1399,0
instrument,False,0,4101,264.968261,1400,0
instrument,False,0,4102,265.02787,1400,0
instrument,False,0,4103,265.087715,1400,0
instrument,False,0,4104,265.148153,1401,0
instrument,False,0,4105,265.207603,1401,0
instrument,False,0,4106,265.267953,1401,0
instrument,False,0,4107,265.327583,1402,0
instrument,False,0,4108,265.387467,1402,0
instrument,False,0,4109,265.447489,1402,0
instrument,False,0,4110,265.511559,1403,0
instrument,False,0,4111,265.567352,1403,0
instrument,False,0,4112,265.627489,1403,0
instrument,False,0,4113,265.687635,1404,0
instrument,False,0,4114,265.747534,1404,0
instrument,False,0,4115,265.807351,1404,0
instrument,False,0,4116,265.867668,1405,0
instrument,False,0,4117,265.927243,1405,0
instrument,False,0,4118,265.987367,1405,0
instrument,False,0,4119,266.047205,1405,3
instrument,False,0,4120,266.632022,1409,0
instrument,False,0,4121,266.69186,1409,0
instrument,False,0,4122,266.751859,1409,0
instrument,False,0,4123,266.811886,1410,0
instrument,False,0,4124,266.871784,1410,0
instrument,False,0,4125,266.931889,1410,0
instrument,False,0,4126,266.991836,1411,0
instrument,False,0,4127,267.051763,1411,0
instrument,False,0,4128,267.126744,1411,0
instrument,False,0,4129,267.186688,1412,0
instrument,False,0,4130,267.246701,1412,0
instrument,False,0,4131,267.306649,1412,0
instrument,False,0,4132,267.366634,1413,0
instrument,False,0,4133,267.427514,1413,0
instrument,False,0,4134,267.486538,1413,0
instrument,False,0,4135,267.546519,1414,0
instrument,False,0,4136,267.606459,1414,0
instrument,False,0,4137,267.666516,1414,0
instrument,False,0,4138,267.726446,1415,0
instrument,False,0,4139,267.786351,1415,0
instrument,False,0,4140,267.850327,1415,0
instrument,False,0,4141,267.906289,1416,0
instrument,False,0,4142,267.967367,1416,0
instrument,False,0,4143,268.027107,1416,0
instrument,False,0,4144,268.086168,1417,0
instrument,False,0,4145,268.146624,1417,0
instrument,False,0,4146,268.206144,1417,0
instrument,False,0,4147,268.266072,1418,0
instrument,False,0,4148,268.326035,1418,0
instrument,False,0,4149,268.416888,1418,0
instrument,False,0,4150,268.491101,1419,0
instrument,False,0,4151,268.566021,1419,0
instrument,False,0,4152,268.626071,1420,0
instrument,False,0,4153,268.685983,1420,0
instrument,False,0,4154,268.745937,1420,0
instrument,False,0,4155,268.805864,1421,0
instrument,False,0,4156,268.86722,1421,0
instrument,False,0,4157,268.92588,1421,0
instrument,False,0,4158,268.986363,1421,0
instrument,False,0,4159,269.045761,1422,0
instrument,False,0,4160,269.106919,1422,0
instrument,False,0,4161,269.16592,1422,0
instrument,False,0,4162,269.225651,1423,0
instrument,False,0,4163,269.285607,1423,0
instrument,False,0,4164,269.348569,1423,0
instrument,False,0,4165,269.405588,1424,0
instrument,False,0,4166,269.465499,1424,0
instrument,False,0,4167,269.525521,1424,0
instrument,False,0,4168,269.601344,1425,0
instrument,False,0,4169,269.660537,1425,0
instrument,False,0,4170,269.720195,1425,0
instrument,False,0,4171,269.780122,1426,0
instrument,False,0,4172,269.840221,1426,0
instrument,False,0,4173,269.900045,1426,0
instrument,False,0,4174,269.961313,1427,0
instrument,False,0,4175,270.020186,1427,0
instrument,False,0,4176,270.079967,1427,0
instrument,False,0,4177,270.141831,1428,0
instrument,False,0,4178,270.19989,1428,0
instrument,False,0,4179,270.259839,1428,0
instrument,False,0,4180,270.319778,1429,0
instrument,False,0,4181,270.379764,1429,0
instrument,False,0,4182,270.439747,1429,0
instrument,False,0,4183,270.499701,1430,0
instrument,False,0,4184,270.559807,1430,0
instrument,False,0,4185,270.619622,1430,0
instrument,False,0,4186,270.67995,1431,0
instrument,False,0,4187,270.739595,1431,0
instrument,False,0,4188,270.799517,1431,0
instrument,False,0,4189,270.859923,1432,0
instrument,False,0,4190,270.919865,1432,0
instrument,False,0,4191,270.979427,1432,0
instrument,False,0,4192,271.039392,1433,0
instrument,False,0,4193,271.099352,1433,0
instrument,False,0,4194,271.176416,1433,0
instrument,False,0,4195,271.234408,1434,0
instrument,False,0,4196,271.2989,1434,0
instrument,False,0,4197,271.354328,1434,0
instrument,False,0,4198,271.417271,1435,0
instrument,False,0,4199,271.489262,1435,0
instrument,False,0,4200,271.579642,1436,0
instrument,False,0,4201,271.639477,1436,0
instrument,False,0,4202,271.699159,1436,0
instrument,False,0,4203,271.75929,1437,0
instrument,False,0,4204,271.819223,1437,0
instrument,False,0,4205,271.879174,1437,0
instrument,False,0,4206,271.939959,1438,0
instrument,False,0,4207,271.99894,1438,0
instrument,False,0,4208,272.058918,1438,0
instrument,False,0,4209,272.119622,1438,0
instrument,False,0,4210,272.178849,1439,0
instrument,False,0,4211,272.248787,1439,0
instrument,False,0,4212,272.313775,1440,0
instrument,False,0,4213,272.373779,1440,0
instrument,False,0,4214,272.433769,1440,0
instrument,False,0,4215,272.493767,1441,0
instrument,False,0,4216,272.553793,1441,0
instrument,False,0,4217,272.613813,1441,0
instrument,False,0,4218,272.673648,1441,0
instrument,False,0,4219,272.733656,1442,0
instrument,False,0,4220,272.793628,1442,0
instrument,False,0,4221,272.853558,1442,0
instrument,False,0,4222,272.913547,1443,0
instrument,False,0,4223,272.973509,1443,0
instrument,False,0,4224,273.033441,1443,0
instrument,False,0,4225,273.096516,1444,0
instrument,False,0,4226,273.154052,1444,0
instrument,False,0,4227,273.25833,1445,0
instrument,False,0,4228,273.318297,1445,0
instrument,False,0,4229,273.378281,1445,0
instrument,False,0,4230,273.44216,1446,0
instrument,False,0,4231,273.498189,1446,0
instrument,False,0,4232,273.558181,1446,0
instrument,False,0,4233,273.618145,1447,0
instrument,False,0,4234,273.678082,1447,0
instrument,False,0,4235,273.73806,1447,0
instrument,False,0,4236,273.798301,1448,0
instrument,False,0,4237,273.858218,1448,0
instrument,False,0,4238,273.91805,1448,0
instrument,False,0,4239,273.993102,1449,0
instrument,False,0,4240,274.052988,1449,0
instrument,False,0,4241,274.113263,1449,0
instrument,False,0,4242,274.173028,1450,0
instrument,False,0,4243,274.232988,1450,0
instrument,False,0,4244,274.292895,1450,0
instrument,False,0,4245,274.35284,1451,0
instrument,False,0,4246,274.412769,1451,0
instrument,False,0,4247,274.472887,1451,0
instrument,False,0,4248,274.532737,1452,0
instrument,False,0,4249,274.592908,1452,0
instrument,False,0,4250,274.652726,1452,0
instrument,False,0,4251,274.712252,1453,0
instrument,False,0,4252,274.772566,1453,0
instrument,False,0,4253,274.832195,1453,0
instrument,False,0,4254,274.892233,1454,0
instrument,False,0,4255,274.952222,1454,0
instrument,False,0,4256,275.012232,1454,0
instrument,False,0,4257,275.073925,1455,0
instrument,False,0,4258,275.132313,1455,0
instrument,False,0,4259,275.192222,1455,0
instrument,False,0,4260,275.252464,1455,0
instrument,False,0,4261,275.312058,1456,0
instrument,False,0,4262,275.372007,1456,0
instrument,False,0,4263,275.432354,1456,0
instrument,False,0,4264,275.491935,1457,1
instrument,False,0,4265,275.896732,1459,0
instrument,False,0,4266,275.956691,1459,0
instrument,False,0,4267,276.016675,1460,0
instrument,False,0,4268,276.076632,1460,0
instrument,False,0,4269,276.136569,1460,0
instrument,False,0,4270,276.196602,1461,0
instrument,False,0,4271,276.256516,1461,0
instrument,False,0,4272,276.316475,1461,0
instrument,False,0,4273,276.376489,1462,0
instrument,False,0,4274,276.436448,1462,0
instrument,False,0,4275,276.496403,1462,0
instrument,False,0,4276,276.556381,1463,0
instrument,False,0,4277,276.616532,1463,0
instrument,False,0,4278,276.704485,1463,0
instrument,False,0,4279,276.767123,1464,0
instrument,False,0,4280,276.826307,1464,0
instrument,False,0,4281,276.887215,1464,0
instrument,False,0,4282,276.946236,1465,0
instrument,False,0,4283,277.006338,1465,0
instrument,False,0,4284,277.066236,1465,0
instrument,False,0,4285,277.12614,1466,0
instrument,False,0,4286,277.186236,1466,0
instrument,False,0,4287,277.246142,1466,0
instrument,False,0,4288,277.306013,1467,0
instrument,False,0,4289,277.366405,1467,0
instrument,False,0,4290,277.426434,1467,0
instrument,False,0,4291,277.485937,1468,0
instrument,False,0,4292,277.545875,1468,0
instrument,False,0,4293,277.605905,1468,0
instrument,False,0,4294,277.694204,1469,0
instrument,False,0,4295,277.755813,1469,0
instrument,False,0,4296,277.81571,1469,0
instrument,False,0,4297,277.875701,1470,0
instrument,False,0,4298,277.935884,1470,0
instrument,False,0,4299,277.995765,1470,0
instrument,False,0,4300,278.055771,1471,0
instrument,False,0,4301,278.115675,1471,0
instrument,False,0,4302,278.179617,1471,0
instrument,False,0,4303,278.257916,1472,0
instrument,False,0,4304,278.310591,1472,0
instrument,False,0,4305,278.370701,1472,0
instrument,False,0,4306,278.430501,1473,0
instrument,False,0,4307,278.490463,1473,0
instrument,False,0,4308,278.55043,1473,0
instrument,False,0,4309,278.610481,1474,0
instrument,False,0,4310,278.670735,1474,0
instrument,False,0,4311,278.732393,1474,0
instrument,False,0,4312,278.795302,1475,0
instrument,False,0,4313,278.850869,1475,0
instrument,False,0,4314,278.910254,1475,0
instrument,False,0,4315,278.975489,1476,0
instrument,False,0,4316,279.03016,1476,0
instrument,False,0,4317,279.090228,1476,0
instrument,False,0,4318,279.150088,1477,0
instrument,False,0,4319,279.210063,1477,0
instrument,False,0,4320,279.270049,1477,0
instrument,False,0,4321,279.330166,1478,0
instrument,False,0,4322,279.390121,1478,0
instrument,False,0,4323,279.450374,1478,0
instrument,False,0,4324,279.509993,1479,0
instrument,False,0,4325,279.57003,1479,0
instrument,False,0,4326,279.644904,1479,0
instrument,False,0,4327,279.704508,1480,0
instrument,False,0,4328,279.764439,1480,0
instrument,False,0,4329,279.854454,1480,0
instrument,False,0,4330,279.915624,1481,0
instrument,False,0,4331,279.974467,1481,0
instrument,False,0,4332,280.03443,1481,0
instrument,False,0,4333,280.094415,1482,0
instrument,False,0,4334,280.154368,1482,0
instrument,False,0,4335,280.214325,1482,0
instrument,False,0,4336,280.27427,1483,0
instrument,False,0,4337,280.33432,1483,0
instrument,False,0,4338,280.394916,1483,0
instrument,False,0,4339,280.454296,1484,0
instrument,False,0,4340,280.514164,1484,0
instrument,False,0,4341,280.574661,1484,0
instrument,False,0,4342,280.657811,1485,0
instrument,False,0,4343,280.724065,1485,0
instrument,False,0,4344,280.784046,1485,0
instrument,False,0,4345,280.845939,1486,0
instrument,False,0,4346,280.90391,1486,0
instrument,False,0,4347,280.96401,1486,0
instrument,False,0,4348,281.02389,1487,0
instrument,False,0,4349,281.083834,1487,0
instrument,False,0,4350,281.143731,1487,0
instrument,False,0,4351,281.203771,1488,0
instrument,False,0,4352,281.263771,1488,0
instrument,False,0,4353,281.323898,1488,0
instrument,False,0,4354,281.383759,1489,0
instrument,False,0,4355,281.443783,1489,0
instrument,False,0,4356,281.503679,1489,0
instrument,False,0,4357,281.563682,1490,0
instrument,False,0,4358,281.624012,1490,0
instrument,False,0,4359,281.687948,1490,0
instrument,False,0,4360,281.743552,1491,0
instrument,False,0,4361,281.818577,1491,0
instrument,False,0,4362,281.879317,1491,0
instrument,False,0,4363,281.938575,1492,0
instrument,False,0,4364,281.998422,1492,0
instrument,False,0,4365,282.058847,1492,0
instrument,False,0,4366,282.118822,1493,0
instrument,False,0,4367,282.178427,1493,0
instrument,False,0,4368,282.238424,1493,0
instrument,False,0,4369,282.29833,1494,0
instrument,False,0,4370,282.358665,1494,0
instrument,False,0,4371,282.418328,1494,0
instrument,False,0,4372,282.478248,1495,0
instrument,False,0,4373,282.538154,1495,0
instrument,False,0,4374,282.598208,1495,0
instrument,False,0,4375,282.658176,1496,0
instrument,False,0,4376,282.718348,1496,0
instrument,False,0,4377,282.778077,1496,0
instrument,False,0,4378,282.83836,1497,0
instrument,False,0,4379,282.898001,1497,0
instrument,False,0,4380,282.957975,1497,0
instrument,False,0,4381,283.017948,1498,0
instrument,False,0,4382,283.077911,1498,0
instrument,False,0,4383,283.137951,1498,0
instrument,False,0,4384,283.19785,1499,0
instrument,False,0,4385,283.257844,1499,0
instrument,False,0,4386,283.317909,1499,0
instrument,False,0,4387,283.377771,1500,0
instrument,False,0,4388,283.438789,1500,0
instrument,False,0,4389,283.497868,1500,0
instrument,False,0,4390,283.557756,1501,0
instrument,False,0,4391,283.617707,1501,0
instrument,False,0,4392,283.677734,1501,0
instrument,False,0,4393,283.737639,1501,0
instrument,False,0,4394,283.873665,1502,0
instrument,False,0,4395,283.932577,1503,0
instrument,False,0,4396,283.992553,1503,0
instrument,False,0,4397,284.052483,1503,0
instrument,False,0,4398,284.112626,1504,0
instrument,False,0,4399,284.172435,1504,0
instrument,False,0,4400,284.232801,1504,0
instrument,False,0,4401,284.293907,1505,0
instrument,False,0,4402,284.352734,1505,0
instrument,False,0,4403,284.412409,1505,0
instrument,False,0,4404,284.472361,1505,0
instrument,False,0,4405,284.532292,1506,0
instrument,False,0,4406,284.592285,1506,0
instrument,False,0,4407,284.655087,1506,0
instrument,False,0,4408,284.712306,1507,0
instrument,False,0,4409,284.772053,1507,0
instrument,False,0,4410,284.831856,1507,0
instrument,False,0,4411,284.892001,1508,0
instrument,False,0,4412,284.951864,1508,0
instrument,False,0,4413,285.01185,1508,0
instrument,False,0,4414,285.071743,1509,0
instrument,False,0,4415,285.131867,1509,0
instrument,False,0,4416,285.191758,1509,0
instrument,False,0,4417,285.251665,1510,0
instrument,False,0,4418,285.326704,1510,0
instrument,False,0,4419,285.38654,1510,0
instrument,False,0,4420,285.446754,1511,0
instrument,False,0,4421,285.506783,1511,0
instrument,False,0,4422,285.566431,1511,0
instrument,False,0,4423,285.627781,1512,0
instrument,False,0,4424,285.686362,1512,0
instrument,False,0,4425,285.746687,1512,0
instrument,False,0,4426,285.806272,1513,0
instrument,False,0,4427,285.866249,1513,0
instrument,False,0,4428,285.926252,1513,0
instrument,False,0,4429,285.986162,1514,0
instrument,False,0,4430,286.046136,1514,0
instrument,False,0,4431,286.10631,1514,0
instrument,False,0,4432,286.166175,1515,0
instrument,False,0,4433,286.226147,1515,0
instrument,False,0,4434,286.286101,1515,0
instrument,False,0,4435,286.346071,1516,0
instrument,False,0,4436,286.406172,1516,0
instrument,False,0,4437,286.466125,1516,0
instrument,False,0,4438,286.526033,1517,0
instrument,False,0,4439,286.585945,1517,0
instrument,False,0,4440,286.646032,1517,0
instrument,False,0,4441,286.70601,1518,0
instrument,False,0,4442,286.766161,1518,0
instrument,False,0,4443,286.825864,1518,0
instrument,False,0,4444,286.885779,1519,0
instrument,False,0,4445,286.946152,1519,0
instrument,False,0,4446,287.007677,1519,0
instrument,False,0,4447,287.06569,1520,0
instrument,False,0,4448,287.12586,1520,0
instrument,False,0,4449,287.232846,1520,0
instrument,False,0,4450,287.29058,1521,0
instrument,False,0,4451,287.350548,1521,0
instrument,False,0,4452,287.410865,1521,0
instrument,False,0,4453,287.473435,1522,0
instrument,False,0,4454,287.532492,1522,0
instrument,False,0,4455,287.590507,1522,0
instrument,False,0,4456,287.651479,1523,0
instrument,False,0,4457,287.710434,1523,0
instrument,False,0,4458,287.770418,1523,0
instrument,False,0,4459,287.830342,1524,0
instrument,False,0,4460,287.890304,1524,0
instrument,False,0,4461,287.950277,1524,0
instrument,False,0,4462,288.010241,1525,0
instrument,False,0,4463,288.072113,1525,0
instrument,False,0,4464,288.130272,1525,0
instrument,False,0,4465,288.190154,1526,0
instrument,False,0,4466,288.250148,1526,0
instrument,False,0,4467,288.310081,1526,0
instrument,False,0,4468,288.370045,1527,0
instrument,False,0,4469,288.430002,1527,0
instrument,False,0,4470,288.491065,1527,0
instrument,False,0,4471,288.549976,1528,0
instrument,False,0,4472,288.610272,1528,0
instrument,False,0,4473,288.669857,1528,0
instrument,False,0,4474,288.758851,1529,0
instrument,False,0,4475,288.820162,1529,0
instrument,False,0,4476,288.87998,1529,0
instrument,False,0,4477,288.939836,1530,0
instrument,False,0,4478,288.999789,1530,0
instrument,False,0,4479,289.059725,1530,3
instrument,False,0,4480,289.704612,1534,0
instrument,False,0,4481,289.764007,1534,0
instrument,False,0,4482,289.823979,1535,0
instrument,False,0,4483,289.883924,1535,0
instrument,False,0,4484,289.94401,1535,0
instrument,False,0,4485,290.003991,1535,0
instrument,False,0,4486,290.063918,1536,0
instrument,False,0,4487,290.123884,1536,0
instrument,False,0,4488,290.183874,1536,0
instrument,False,0,4489,290.243853,1537,0
instrument,False,0,4490,290.306808,1537,0
instrument,False,0,4491,290.363808,1537,0
instrument,False,0,4492,290.42375,1538,0
instrument,False,0,4493,290.488719,1538,0
instrument,False,0,4494,290.543743,1538,0
instrument,False,0,4495,290.603677,1539,0
instrument,False,0,4496,290.663621,1539,0
instrument,False,0,4497,290.723884,1539,0
instrument,False,0,4498,290.78357,1540,0
instrument,False,0,4499,290.863396,1540,0
instrument,False,0,4500,290.918495,1540,0
instrument,False,0,4501,290.984957,1541,0
instrument,False,0,4502,291.038422,1541,0
instrument,False,0,4503,291.099031,1541,0
instrument,False,0,4504,291.173402,1542,0
instrument,False,0,4505,291.233285,1542,0
instrument,False,0,4506,291.293274,1542,0
instrument,False,0,4507,291.353245,1543,0
instrument,False,0,4508,291.413222,1543,0
instrument,False,0,4509,291.473176,1543,0
instrument,False,0,4510,291.533575,1544,0
instrument,False,0,4511,291.593273,1544,0
instrument,False,0,4512,291.653163,1544,0
instrument,False,0,4513,291.714893,1545,0
instrument,False,0,4514,291.7731,1545,0
instrument,False,0,4515,291.833084,1545,0
instrument,False,0,4516,291.893058,1546,0
instrument,False,0,4517,291.953431,1546,0
instrument,False,0,4518,292.013354,1546,0
instrument,False,0,4519,292.07294,1547,0
instrument,False,0,4520,292.132916,1547,0
instrument,False,0,4521,292.193285,1547,0
instrument,False,0,4522,292.252852,1548,0
instrument,False,0,4523,292.312876,1548,0
instrument,False,0,4524,292.373146,1548,0
instrument,False,0,4525,292.432821,1549,0
instrument,False,0,4526,292.492754,1549,0
instrument,False,0,4527,292.55271,1549,0
instrument,False,0,4528,292.612674,1550,0
instrument,False,0,4529,292.672606,1550,0
instrument,False,0,4530,292.732772,1550,0
instrument,False,0,4531,292.792547,1551,0
instrument,False,0,4532,292.852564,1551,0
instrument,False,0,4533,292.912518,1551,0
instrument,False,0,4534,292.972551,1552,0
instrument,False,0,4535,293.032541,1552,0
instrument,False,0,4536,293.09246,1552,0
instrument,False,0,4537,293.152458,1553,0
instrument,False,0,4538,293.212755,1553,0
instrument,False,0,4539,293.272377,1553,0
instrument,False,0,4540,293.332335,1554,0
instrument,False,0,4541,293.392336,1554,0
instrument,False,0,4542,293.452293,1554,0
instrument,False,0,4543,293.512268,1555,0
instrument,False,0,4544,293.572204,1555,0
instrument,False,0,4545,293.632182,1555,0
instrument,False,0,4546,293.692145,1555,0
instrument,False,0,4547,293.75214,1556,0
instrument,False,0,4548,293.812107,1556,0
instrument,False,0,4549,293.872295,1556,0
instrument,False,0,4550,293.931968,1557,0
instrument,False,0,4551,293.991983,1557,0
instrument,False,0,4552,294.051911,1557,0
instrument,False,0,4553,294.127099,1558,0
instrument,False,0,4554,294.186831,1558,0
instrument,False,0,4555,294.248482,1558,0
instrument,False,0,4556,294.307034,1559,0
instrument,False,0,4557,294.366988,1559,0
instrument,False,0,4558,294.426798,1559,0
instrument,False,0,4559,294.487163,1560,0
instrument,False,0,4560,294.546754,1560,0
instrument,False,0,4561,294.60676,1560,0
instrument,False,0,4562,294.666803,1561,0
instrument,False,0,4563,294.726903,1561,0
instrument,False,0,4564,294.787172,1561,0
instrument,False,0,4565,294.847009,1562,0
instrument,False,0,4566,294.906773,1562,0
instrument,False,0,4567,294.966873,1562,0
instrument,False,0,4568,295.02683,1563,0
instrument,False,0,4569,295.086943,1563,0
instrument,False,0,4570,295.146788,1563,0
instrument,False,0,4571,295.206845,1564,0
instrument,False,0,4572,295.266728,1564,0
instrument,False,0,4573,295.326783,1564,0
instrument,False,0,4574,295.38662,1565,0
instrument,False,0,4575,295.446961,1565,0
instrument,False,0,4576,295.506732,1565,0
instrument,False,0,4577,295.566533,1566,0
instrument,False,0,4578,295.626484,1566,0
instrument,False,0,4579,295.700552,1566,0
instrument,False,0,4580,295.761186,1567,0
instrument,False,0,4581,295.821756,1567,0
instrument,False,0,4582,295.881229,1567,0
instrument,False,0,4583,295.941102,1568,0
instrument,False,0,4584,296.001421,1568,0
instrument,False,0,4585,296.061025,1568,0
instrument,False,0,4586,296.121122,1569,0
instrument,False,0,4587,296.180947,1569,0
instrument,False,0,4588,296.241095,1569,0
instrument,False,0,4589,296.30091,1570,0
instrument,False,0,4590,296.360923,1570,0
instrument,False,0,4591,296.420838,1570,0
instrument,False,0,4592,296.481218,1571,0
instrument,False,0,4593,296.540867,1571,0
instrument,False,0,4594,296.605709,1571,0
instrument,False,0,4595,296.6757,1572,0
instrument,False,0,4596,296.739908,1572,0
instrument,False,0,4597,296.795284,1572,0
instrument,False,0,4598,296.855249,1573,0
instrument,False,0,4599,296.91515,1573,0
instrument,False,0,4600,296.975179,1573,0
instrument,False,0,4601,297.03527,1574,0
instrument,False,0,4602,297.096264,1574,0
instrument,False,0,4603,297.15519,1574,0
instrument,False,0,4604,297.215174,1575,0
instrument,False,0,4605,297.275146,1575,0
instrument,False,0,4606,297.335108,1575,0
instrument,False,0,4607,297.395066,1576,0
instrument,False,0,4608,297.455052,1576,0
instrument,False,0,4609,297.51604,1576,0
instrument,False,0,4610,297.574981,1577,0
instrument,False,0,4611,297.634939,1577,0
instrument,False,0,4612,297.694906,1577,0
instrument,False,0,4613,297.755028,1578,0
instrument,False,0,4614,297.814943,1578,0
instrument,False,0,4615,297.889886,1578,0
instrument,False,0,4616,297.950114,1579,0
instrument,False,0,4617,298.009818,1579,0
instrument,False,0,4618,298.11576,1579,0
instrument,False,0,4619,298.174762,1580,0
instrument,False,0,4620,298.234735,1580,0
instrument,False,0,4621,298.294662,1580,0
instrument,False,0,4622,298.355978,1581,0
instrument,False,0,4623,298.414782,1581,0
instrument,False,0,4624,298.475065,1581,0
instrument,False,0,4625,298.534796,1582,0
instrument,False,0,4626,298.594591,1582,0
instrument,False,0,4627,298.654626,1582,0
instrument,False,0,4628,298.714587,1583,0
instrument,False,0,4629,298.779047,1583,0
instrument,False,0,4630,298.834678,1583,0
instrument,False,0,4631,298.894471,1584,0
instrument,False,0,4632,298.954471,1584,0
instrument,False,0,4633,299.014513,1584,0
instrument,False,0,4634,299.074322,1584,1
instrument,False,0,4635,299.509664,1587,0
instrument,False,0,4636,299.56992,1587,0
instrument,False,0,4637,299.629118,1588,0
instrument,False,0,4638,299.689034,1588,0
instrument,False,0,4639,299.750208,1588,0
instrument,False,0,4640,299.811831,1589,0
instrument,False,0,4641,299.869663,1589,0
instrument,False,0,4642,299.954843,1589,0
instrument,False,0,4643,300.019557,1590,0
instrument,False,0,4644,300.083451,1590,0
instrument,False,0,4645,300.139455,1590,0
instrument,False,0,4646,300.199419,1591,0
instrument,False,0,4647,300.260345,1591,0
instrument,False,0,4648,300.331326,1591,0
instrument,False,0,4649,300.394293,1592,0
instrument,False,0,4650,300.454294,1592,0
instrument,False,0,4651,300.514469,1592,0
instrument,False,0,4652,300.574233,1593,0
instrument,False,0,4653,300.634156,1593,0
instrument,False,0,4654,300.694267,1593,0
instrument,False,0,4655,300.754103,1594,0
instrument,False,0,4656,300.814197,1594,0
instrument,False,0,4657,300.874059,1594,0
instrument,False,0,4658,300.93486,1595,0
instrument,False,0,4659,300.994088,1595,0
instrument,False,0,4660,301.054045,1595,0
instrument,False,0,4661,301.11398,1596,0
instrument,False,0,4662,301.173969,1596,0
instrument,False,0,4663,301.235032,1596,0
instrument,False,0,4664,301.293951,1597,0
instrument,False,0,4665,301.35397,1597,0
instrument,False,0,4666,301.413857,1597,0
instrument,False,0,4667,301.473812,1598,0
instrument,False,0,4668,301.533945,1598,0
instrument,False,0,4669,301.593735,1598,0
instrument,False,0,4670,301.653708,1599,0
instrument,False,0,4671,301.715034,1599,0
instrument,False,0,4672,301.774035,1599,0
instrument,False,0,4673,301.834192,1600,0
instrument,False,0,4674,301.893709,1600,0
instrument,False,0,4675,301.953601,1600,0
instrument,False,0,4676,302.013903,1601,0
instrument,False,0,4677,302.073485,1601,0
instrument,False,0,4678,302.133843,1601,0
instrument,False,0,4679,302.193452,1602,0
instrument,False,0,4680,302.253413,1602,0
instrument,False,0,4681,302.317498,1602,0
instrument,False,0,4682,302.373437,1603,0
instrument,False,0,4683,302.433795,1603,0
instrument,False,0,4684,302.493461,1603,0
instrument,False,0,4685,302.553924,1604,0
instrument,False,0,4686,302.616267,1604,0
instrument,False,0,4687,302.673666,1604,0
instrument,False,0,4688,302.734379,1605,0
instrument,False,0,4689,302.79319,1605,0
instrument,False,0,4690,302.868334,1605,0
instrument,False,0,4691,302.928253,1606,0
instrument,False,0,4692,302.988057,1606,0
instrument,False,0,4693,303.04802,1606,0
instrument,False,0,4694,303.108066,1607,0
instrument,False,0,4695,303.168321,1607,0
instrument,False,0,4696,303.228334,1607,0
instrument,False,0,4697,303.288404,1608,0
instrument,False,0,4698,303.347839,1608,0
instrument,False,0,4699,303.40782,1608,0
instrument,False,0,4700,303.468164,1608,0
instrument,False,0,4701,303.527768,1609,0
instrument,False,0,4702,303.588106,1609,0
instrument,False,0,4703,303.648232,1609,0
instrument,False,0,4704,303.708037,1610,0
instrument,False,0,4705,303.767745,1610,0
instrument,False,0,4706,303.827575,1610,0
instrument,False,0,4707,303.888235,1611,0
instrument,False,0,4708,303.979917,1611,0
instrument,False,0,4709,304.079327,1612,0
instrument,False,0,4710,304.142539,1612,0
instrument,False,0,4711,304.202887,1612,0
instrument,False,0,4712,304.262463,1613,0
instrument,False,0,4713,304.322396,1613,0
instrument,False,0,4714,304.385784,1613,0
instrument,False,0,4715,304.449314,1614,0
instrument,False,0,4716,304.50246,1614,0
instrument,False,0,4717,304.562407,1614,0
instrument,False,0,4718,304.622254,1615,0
instrument,False,0,4719,304.682204,1615,0
instrument,False,0,4720,304.760016,1615,0
instrument,False,0,4721,304.816866,1616,0
instrument,False,0,4722,304.876768,1616,0
instrument,False,0,4723,304.936724,1616,0
instrument,False,0,4724,304.996783,1617,0
instrument,False,0,4725,305.056743,1617,0
instrument,False,0,4726,305.116694,1617,0
instrument,False,0,4727,305.176863,1618,0
instrument,False,0,4728,305.249272,1618,0
instrument,False,0,4729,305.312394,1618,0
instrument,False,0,4730,305.373558,1619,0
instrument,False,0,4731,305.46159,1619,0
instrument,False,0,4732,305.521614,1620,0
instrument,False,0,4733,305.581492,1620,0
instrument,False,0,4734,305.641412,1620,0
instrument,False,0,4735,305.721332,1621,0
instrument,False,0,4736,305.77684,1621,0
instrument,False,0,4737,305.8363,1621,0
instrument,False,0,4738,305.896254,1622,0
instrument,False,0,4739,305.956267,1622,0
instrument,False,0,4740,306.0162,1622,0
instrument,False,0,4741,306.076182,1623,0
instrument,False,0,4742,306.136153,1623,0
instrument,False,0,4743,306.200065,1623,0
instrument,False,0,4744,306.256331,1624,0
instrument,False,0,4745,306.316042,1624,0
instrument,False,0,4746,306.403874,1624,0
instrument,False,0,4747,306.466117,1625,0
instrument,False,0,4748,306.525902,1625,0
instrument,False,0,4749,306.585999,1625,0
instrument,False,0,4750,306.645959,1626,0
instrument,False,0,4751,306.70592,1626,0
instrument,False,0,4752,306.765928,1626,0
instrument,False,0,4753,306.825846,1627,0
instrument,False,0,4754,306.885835,1627,0
instrument,False,0,4755,306.956068,1627,0
instrument,False,0,4756,307.020844,1628,0
instrument,False,0,4757,307.080684,1628,0
instrument,False,0,4758,307.140656,1628,0
instrument,False,0,4759,307.201061,1629,0
instrument,False,0,4760,307.260593,1629,0
instrument,False,0,4761,307.32063,1629,0
instrument,False,0,4762,307.380814,1630,0
instrument,False,0,4763,307.44052,1630,0
instrument,False,0,4764,307.500504,1630,0
instrument,False,0,4765,307.560433,1631,0
instrument,False,0,4766,307.620398,1631,0
instrument,False,0,4767,307.680429,1631,0
instrument,False,0,4768,307.740338,1632,0
instrument,False,0,4769,307.80031,1632,0
instrument,False,0,4770,307.860285,1632,0
instrument,False,0,4771,307.920491,1633,0
instrument,False,0,4772,307.983415,1633,0
instrument,False,0,4773,308.040366,1633,0
instrument,False,0,4774,308.100338,1634,0
instrument,False,0,4775,308.164719,1634,0
instrument,False,0,4776,308.220252,1634,0
instrument,False,0,4777,308.280312,1635,0
instrument,False,0,4778,308.340195,1635,0
instrument,False,0,4779,308.400263,1635,0
instrument,False,0,4780,308.460121,1636,0
instrument,False,0,4781,308.520094,1636,0
instrument,False,0,4782,308.590029,1636,0
instrument,False,0,4783,308.655123,1637,0
instrument,False,0,4784,308.71507,1637,0
instrument,False,0,4785,308.775313,1637,0
instrument,False,0,4786,308.840874,1638,0
instrument,False,0,4787,308.909872,1638,0
instrument,False,0,4788,308.969881,1638,0
instrument,False,0,4789,309.029844,1639,0
instrument,False,0,4790,309.089766,1639,0
instrument,False,0,4791,309.149663,1639,0
instrument,False,0,4792,309.209753,1640,0
instrument,False,0,4793,309.269657,1640,0
instrument,False,0,4794,309.329685,1640,0
instrument,False,0,4795,309.405876,1641,0
instrument,False,0,4796,309.464664,1641,0
instrument,False,0,4797,309.524609,1641,0
instrument,False,0,4798,309.584576,1642,0
instrument,False,0,4799,309.644575,1642,0
instrument,False,0,4800,309.704328,1642,0
instrument,False,0,4801,309.764297,1643,0
instrument,False,0,4802,309.824262,1643,0
instrument,False,0,4803,309.884239,1643,0
instrument,False,0,4804,309.944274,1644,0
instrument,False,0,4805,310.004894,1644,0
instrument,False,0,4806,310.064221,1644,0
instrument,False,0,4807,310.124577,1645,0
instrument,False,0,4808,310.18416,1645,0
instrument,False,0,4809,310.244474,1645,0
instrument,False,0,4810,310.304111,1646,0
instrument,False,0,4811,310.364091,1646,0
instrument,False,0,4812,310.424046,1646,0
instrument,False,0,4813,310.493012,1647,0
instrument,False,0,4814,310.559601,1647,0
instrument,False,0,4815,310.619009,1647,0
instrument,False,0,4816,310.678982,1648,0
instrument,False,0,4817,310.739036,1648,0
instrument,False,0,4818,310.798924,1648,0
instrument,False,0,4819,310.859059,1649,0
instrument,False,0,4820,310.918878,1649,0
instrument,False,0,4821,310.982211,1649,0
instrument,False,0,4822,311.038838,1650,0
instrument,False,0,4823,311.09883,1650,0
instrument,False,0,4824,311.16082,1650,0
instrument,False,0,4825,311.218814,1651,0
instrument,False,0,4826,311.302923,1651,0
instrument,False,0,4827,311.368758,1651,0
instrument,False,0,4828,311.428576,1652,0
instrument,False,0,4829,311.488562,1652,0
instrument,False,0,4830,311.548879,1652,0
instrument,False,0,4831,311.630594,1653,0
instrument,False,0,4832,311.68389,1653,0
instrument,False,0,4833,311.749867,1653,0
instrument,False,0,4834,311.803509,1654,0
instrument,False,0,4835,311.863358,1654,0
instrument,False,0,4836,311.923303,1654,0
instrument,False,0,4837,311.983287,1655,0
instrument,False,0,4838,312.043966,1655,0
instrument,False,0,4839,312.103327,1655,0
instrument,False,0,4840,312.164329,1656,0
instrument,False,0,4841,312.223267,1656,0
instrument,False,0,4842,312.283371,1656,0
instrument,False,0,4843,312.343458,1657,0
instrument,False,0,4844,312.403165,1657,0
instrument,False,0,4845,312.463109,1657,0
instrument,False,0,4846,312.523114,1658,0
instrument,False,0,4847,312.583568,1658,0
instrument,False,0,4848,312.644337,1658,0
instrument,False,0,4849,312.703056,1659,0
instrument,False,0,4850,312.763068,1659,0
instrument,False,0,4851,312.82311,1659,0
instrument,False,0,4852,312.883143,1660,0
instrument,False,0,4853,312.943021,1660,0
instrument,False,0,4854,313.002942,1660,0
instrument,False,0,4855,313.062963,1661,0
instrument,False,0,4856,313.122874,1661,0
instrument,False,0,4857,313.182831,1661,0
instrument,False,0,4858,313.243496,1661,0
instrument,False,0,4859,313.30278,1662,2
instrument,False,0,4860,313.962666,1665,0
instrument,False,0,4861,314.022464,1666,0
instrument,False,0,4862,314.082378,1666,0
instrument,False,0,4863,314.14913,1666,0
instrument,False,0,4864,314.217257,1667,0
instrument,False,0,4865,314.277264,1667,0
instrument,False,0,4866,314.337242,1667,0
instrument,False,0,4867,314.397232,1668,0
instrument,False,0,4868,314.4571,1668,0
instrument,False,0,4869,314.518087,1668,0
instrument,False,0,4870,314.577037,1669,0
instrument,False,0,4871,314.637036,1669,0
instrument,False,0,4872,314.697101,1669,0
instrument,False,0,4873,314.756709,1670,0
instrument,False,0,4874,314.816783,1670,0
instrument,False,0,4875,314.876731,1670,0
instrument,False,0,4876,314.93657,1671,0
instrument,False,0,4877,315.011498,1671,0
instrument,False,0,4878,315.071504,1671,0
instrument,False,0,4879,315.146481,1672,0
instrument,False,0,4880,315.206495,1672,0
instrument,False,0,4881,315.266472,1672,0
instrument,False,0,4882,315.32642,1673,0
instrument,False,0,4883,315.386368,1673,0
instrument,False,0,4884,315.446385,1673,0
instrument,False,0,4885,315.521256,1674,0
instrument,False,0,4886,315.581352,1674,0
instrument,False,0,4887,315.64118,1675,0
instrument,False,0,4888,315.70114,1675,0
instrument,False,0,4889,315.761128,1675,0
instrument,False,0,4890,315.821941,1675,0
instrument,False,0,4891,315.881881,1676,0
instrument,False,0,4892,315.941161,1676,0
instrument,False,0,4893,316.001005,1676,0
instrument,False,0,4894,316.061045,1677,0
instrument,False,0,4895,316.121103,1677,0
instrument,False,0,4896,316.181107,1677,0
instrument,False,0,4897,316.24229,1678,0
instrument,False,0,4898,316.300921,1678,0
instrument,False,0,4899,316.361052,1678,0
instrument,False,0,4900,316.420956,1679,0
instrument,False,0,4901,316.480935,1679,0
instrument,False,0,4902,316.540971,1679,0
instrument,False,0,4903,316.600741,1680,0
instrument,False,0,4904,316.660777,1680,0
instrument,False,0,4905,316.72067,1680,0
instrument,False,0,4906,316.780645,1681,0
instrument,False,0,4907,316.840758,1681,0
instrument,False,0,4908,316.900626,1681,0
instrument,False,0,4909,316.960937,1682,0
instrument,False,0,4910,317.020553,1682,0
instrument,False,0,4911,317.080865,1682,0
instrument,False,0,4912,317.140569,1683,0
instrument,False,0,4913,317.200538,1683,0
instrument,False,0,4914,317.260526,1683,0
instrument,False,0,4915,317.32034,1684,0
instrument,False,0,4916,317.386778,1684,0
instrument,False,0,4917,317.440282,1684,0
instrument,False,0,4918,317.500798,1685,0
instrument,False,0,4919,317.56033,1685,0
instrument,False,0,4920,317.6203,1685,0
instrument,False,0,4921,317.680263,1686,0
instrument,False,0,4922,317.740564,1686,0
instrument,False,0,4923,317.800938,1686,0
instrument,False,0,4924,317.860136,1687,0
instrument,False,0,4925,317.92015,1687,0
instrument,False,0,4926,317.980078,1687,0
instrument,False,0,4927,318.040143,1688,0
instrument,False,0,4928,318.108393,1688,0
instrument,False,0,4929,318.160037,1688,0
instrument,False,0,4930,318.22164,1689,0
instrument,False,0,4931,318.279919,1689,0
instrument,False,0,4932,318.340247,1689,0
instrument,False,0,4933,318.399842,1689,0
instrument,False,0,4934,318.459793,1690,0
instrument,False,0,4935,318.523797,1690,0
instrument,False,0,4936,318.579854,1690,0
instrument,False,0,4937,318.639721,1691,0
instrument,False,0,4938,318.700012,1691,0
instrument,False,0,4939,318.759607,1691,0
instrument,False,0,4940,318.819934,1692,0
instrument,False,0,4941,318.879664,1692,0
instrument,False,0,4942,318.939864,1692,0
instrument,False,0,4943,319.004012,1693,0
instrument,False,0,4944,319.059555,1693,0
instrument,False,0,4945,319.119553,1693,0
instrument,False,0,4946,319.179511,1694,0
instrument,False,0,4947,319.239477,1694,0
instrument,False,0,4948,319.299418,1694,0
instrument,False,0,4949,319.359458,1695,0
instrument,False,0,4950,319.419348,1695,0
instrument,False,0,4951,319.479364,1695,0
instrument,False,0,4952,319.542286,1696,0
instrument,False,0,4953,319.599329,1696,0
instrument,False,0,4954,319.659217,1696,0
instrument,False,0,4955,319.718885,1697,0
instrument,False,0,4956,319.77889,1697,0
instrument,False,0,4957,319.838835,1697,0
instrument,False,0,4958,319.898774,1698,0
instrument,False,0,4959,319.958875,1698,0
instrument,False,0,4960,320.018778,1698,0
instrument,False,0,4961,320.078794,1699,0
instrument,False,0,4962,320.138791,1699,0
instrument,False,0,4963,320.198709,1699,0
instrument,False,0,4964,320.258689,1700,0
instrument,False,0,4965,320.318807,1700,0
instrument,False,0,4966,320.378745,1700,0
instrument,False,0,4967,320.438632,1701,0
instrument,False,0,4968,320.499252,1701,0
instrument,False,0,4969,320.558611,1701,0
instrument,False,0,4970,320.619425,1702,0
instrument,False,0,4971,320.678467,1702,0
instrument,False,0,4972,320.738426,1702,0
instrument,False,0,4973,320.798489,1702,0
instrument,False,0,4974,320.858641,1703,0
instrument,False,0,4975,320.918336,1703,0
instrument,False,0,4976,320.978323,1703,0
instrument,False,0,4977,321.038371,1704,0
instrument,False,0,4978,321.113217,1704,0
instrument,False,0,4979,321.17319,1705,0
instrument,False,0,4980,321.233473,1705,0
instrument,False,0,4981,321.293089,1705,0
instrument,False,0,4982,321.353853,1705,0
instrument,False,0,4983,321.413377,1706,0
instrument,False,0,4984,321.473028,1706,0
instrument,False,0,4985,321.533042,1706,0
instrument,False,0,4986,321.593071,1707,0
instrument,False,0,4987,321.674261,1707,0
instrument,False,0,4988,321.728006,1708,0
instrument,False,0,4989,321.787915,1708,0
instrument,False,0,4990,321.847932,1708,0
instrument,False,0,4991,321.90953,1709,0
instrument,False,0,4992,321.967827,1709,0
instrument,False,0,4993,322.02807,1709,0
instrument,False,0,4994,322.087789,1709,0
instrument,False,0,4995,322.147714,1710,0
instrument,False,0,4996,322.207676,1710,0
instrument,False,0,4997,322.267664,1710,0
instrument,False,0,4998,322.327639,1711,0
instrument,False,0,4999,322.387618,1711,0
instrument,False,0,5000,322.447533,1711,0
instrument,False,0,5001,322.520787,1712,0
instrument,False,0,5002,322.58252,1712,0
instrument,False,0,5003,322.643089,1712,0
instrument,False,0,5004,322.703198,1713,0
instrument,False,0,5005,322.762403,1713,0
instrument,False,0,5006,322.827534,1713,0
instrument,False,0,5007,322.882341,1714,0
instrument,False,0,5008,322.957366,1714,0
instrument,False,0,5009,323.017376,1715,0
instrument,False,0,5010,323.077298,1715,0
instrument,False,0,5011,323.137408,1715,0
instrument,False,0,5012,323.198135,1715,0
instrument,False,0,5013,323.257401,1716,0
instrument,False,0,5014,323.317184,1716,0
instrument,False,0,5015,323.377125,1716,0
instrument,False,0,5016,323.437509,1717,0
instrument,False,0,5017,323.503429,1717,0
instrument,False,0,5018,323.557192,1717,0
instrument,False,0,5019,323.616949,1718,0
instrument,False,0,5020,323.677007,1718,0
instrument,False,0,5021,323.73742,1718,0
instrument,False,0,5022,323.805115,1719,0
instrument,False,0,5023,323.866557,1719,0
instrument,False,0,5024,323.935914,1719,0
instrument,False,0,5025,323.991741,1720,1
instrument,False,0,5026,324.456523,1722,0
instrument,False,0,5027,324.51649,1723,0
instrument,False,0,5028,324.57647,1723,0
instrument,False,0,5029,324.636404,1723,0
instrument,False,0,5030,324.696403,1724,0
instrument,False,0,5031,324.75614,1724,0
instrument,False,0,5032,324.815968,1724,0
instrument,False,0,5033,324.876198,1725,0
instrument,False,0,5034,324.936043,1725,0
instrument,False,0,5035,324.995858,1725,0
instrument,False,0,5036,325.055986,1726,0
instrument,False,0,5037,325.116011,1726,0
instrument,False,0,5038,325.175976,1726,0
instrument,False,0,5039,325.235858,1727,0
instrument,False,0,5040,325.300792,1727,0
instrument,False,0,5041,325.355801,1727,0
instrument,False,0,5042,325.415757,1728,0
instrument,False,0,5043,325.475734,1728,0
instrument,False,0,5044,325.53578,1728,0
instrument,False,0,5045,325.595658,1728,0
instrument,False,0,5046,325.655805,1729,0
instrument,False,0,5047,325.715754,1729,0
instrument,False,0,5048,325.776095,1729,0
instrument,False,0,5049,325.835622,1730,0
instrument,False,0,5050,325.896219,1730,0
instrument,False,0,5051,325.955608,1730,0
instrument,False,0,5052,326.015542,1731,0
instrument,False,0,5053,326.075518,1731,0
instrument,False,0,5054,326.135821,1731,0
instrument,False,0,5055,326.195632,1732,0
instrument,False,0,5056,326.255458,1732,0
instrument,False,0,5057,326.315472,1732,0
instrument,False,0,5058,326.385007,1733,0
instrument,False,0,5059,326.45032,1733,0
instrument,False,0,5060,326.51047,1733,0
instrument,False,0,5061,326.570372,1734,0
instrument,False,0,5062,326.630192,1734,0
instrument,False,0,5063,326.690243,1734,0
instrument,False,0,5064,326.750256,1735,0
instrument,False,0,5065,326.810186,1735,0
instrument,False,0,5066,326.871617,1735,0
instrument,False,0,5067,326.930373,1736,0
instrument,False,0,5068,326.990049,1736,0
instrument,False,0,5069,327.050112,1736,0
instrument,False,0,5070,327.125592,1737,0
instrument,False,0,5071,327.184964,1737,0
instrument,False,0,5072,327.245008,1737,0
instrument,False,0,5073,327.304971,1738,0
instrument,False,0,5074,327.365168,1738,0
instrument,False,0,5075,327.425747,1738,0
instrument,False,0,5076,327.484803,1739,0
instrument,False,0,5077,327.545084,1739,0
instrument,False,0,5078,327.604742,1739,0
instrument,False,0,5079,327.664749,1740,0
instrument,False,0,5080,327.725002,1740,0
instrument,False,0,5081,327.784589,1740,0
instrument,False,0,5082,327.84461,1741,0
instrument,False,0,5083,327.904564,1741,0
instrument,False,0,5084,327.980472,1741,0
instrument,False,0,5085,328.040912,1742,0
instrument,False,0,5086,328.099933,1742,0
instrument,False,0,5087,328.159511,1742,0
instrument,False,0,5088,328.219547,1743,0
instrument,False,0,5089,328.279431,1743,0
instrument,False,0,5090,328.33945,1743,0
instrument,False,0,5091,328.399461,1744,0
instrument,False,0,5092,328.464629,1744,0
instrument,False,0,5093,328.534482,1744,0
instrument,False,0,5094,328.594267,1745,0
instrument,False,0,5095,328.654349,1745,0
instrument,False,0,5096,328.714434,1745,0
instrument,False,0,5097,328.77511,1746,0
instrument,False,0,5098,328.83502,1746,0
instrument,False,0,5099,328.894194,1746,0
instrument,False,0,5100,328.954183,1747,0
instrument,False,0,5101,329.014107,1747,0
instrument,False,0,5102,329.07601,1747,0
instrument,False,0,5103,329.134158,1748,0
instrument,False,0,5104,329.194548,1748,0
instrument,False,0,5105,329.254079,1748,0
instrument,False,0,5106,329.313917,1749,0
instrument,False,0,5107,329.373928,1749,0
instrument,False,0,5108,329.434439,1749,0
instrument,False,0,5109,329.493826,1750,0
instrument,False,0,5110,329.553735,1750,0
instrument,False,0,5111,329.613707,1750,0
instrument,False,0,5112,329.673719,1751,0
instrument,False,0,5113,329.733671,1751,0
instrument,False,0,5114,329.793857,1751,0
instrument,False,0,5115,329.85339,1752,0
instrument,False,0,5116,329.913295,1752,0
instrument,False,0,5117,329.973429,1752,0
instrument,False,0,5118,330.033409,1753,0
instrument,False,0,5119,330.09351,1753,0
instrument,False,0,5120,330.153508,1753,0
instrument,False,0,5121,330.213654,1754,0
instrument,False,0,5122,330.273334,1754,0
instrument,False,0,5123,330.333214,1754,0
instrument,False,0,5124,330.393278,1755,0
instrument,False,0,5125,330.453272,1755,0
instrument,False,0,5126,330.513155,1755,0
instrument,False,0,5127,330.573644,1755,0
instrument,False,0,5128,330.633092,1756,0
instrument,False,0,5129,330.693993,1756,0
instrument,False,0,5130,330.753005,1756,0
instrument,False,0,5131,330.813001,1757,0
instrument,False,0,5132,330.872947,1757,0
instrument,False,0,5133,330.932933,1757,0
instrument,False,0,5134,330.993035,1758,0
instrument,False,0,5135,331.053538,1758,0
instrument,False,0,5136,331.113102,1758,0
instrument,False,0,5137,331.173079,1759,0
instrument,False,0,5138,331.233139,1759,0
instrument,False,0,5139,331.293029,1759,0
instrument,False,0,5140,331.352975,1760,0
instrument,False,0,5141,331.412932,1760,0
instrument,False,0,5142,331.473555,1760,0
instrument,False,0,5143,331.533396,1761,0
instrument,False,0,5144,331.593036,1761,0
instrument,False,0,5145,331.652774,1761,0
instrument,False,0,5146,331.712793,1762,0
instrument,False,0,5147,331.772854,1762,0
instrument,False,0,5148,331.833657,1762,0
instrument,False,0,5149,331.89312,1763,0
instrument,False,0,5150,331.952719,1763,0
instrument,False,0,5151,332.01255,1763,0
instrument,False,0,5152,332.072732,1764,0
instrument,False,0,5153,332.132552,1764,0
instrument,False,0,5154,332.192594,1764,0
instrument,False,0,5155,332.252495,1765,0
instrument,False,0,5156,332.327464,1765,0
instrument,False,0,5157,332.387467,1765,0
instrument,False,0,5158,332.447352,1766,0
instrument,False,0,5159,332.50749,1766,0
instrument,False,0,5160,332.567497,1766,0
instrument,False,0,5161,332.63735,1767,0
instrument,False,0,5162,332.702308,1767,0
instrument,False,0,5163,332.762333,1767,0
instrument,False,0,5164,332.822274,1768,0
instrument,False,0,5165,332.888422,1768,0
instrument,False,0,5166,332.956653,1768,0
instrument,False,0,5167,333.032321,1769,0
instrument,False,0,5168,333.09231,1769,0
instrument,False,0,5169,333.152565,1769,0
instrument,False,0,5170,333.213856,1770,0
instrument,False,0,5171,333.272015,1770,0
instrument,False,0,5172,333.332099,1770,0
instrument,False,0,5173,333.391951,1771,0
instrument,False,0,5174,333.451891,1771,0
instrument,False,0,5175,333.511846,1771,0
instrument,False,0,5176,333.571966,1772,0
instrument,False,0,5177,333.632921,1772,0
instrument,False,0,5178,333.69224,1772,0
instrument,False,0,5179,333.751867,1773,0
instrument,False,0,5180,333.811885,1773,0
instrument,False,0,5181,333.871858,1773,0
instrument,False,0,5182,333.931874,1774,0
instrument,False,0,5183,333.991708,1774,0
instrument,False,0,5184,334.051961,1774,0
instrument,False,0,5185,334.111761,1775,0
instrument,False,0,5186,334.171586,1775,0
instrument,False,0,5187,334.231698,1775,0
instrument,False,0,5188,334.291496,1776,0
instrument,False,0,5189,334.351519,1776,0
instrument,False,0,5190,334.411575,1776,0
instrument,False,0,5191,334.471724,1777,0
instrument,False,0,5192,334.531434,1777,0
instrument,False,0,5193,334.591496,1777,0
instrument,False,0,5194,334.662295,1778,0
instrument,False,0,5195,334.725962,1778,0
instrument,False,0,5196,334.785938,1778,0
instrument,False,0,5197,334.846235,1779,0
instrument,False,0,5198,334.905806,1779,0
instrument,False,0,5199,334.966197,1779,0
instrument,False,0,5200,335.025903,1780,0
instrument,False,0,5201,335.086197,1780,0
instrument,False,0,5202,335.145854,1780,0
instrument,False,0,5203,335.205837,1781,0
instrument,False,0,5204,335.265763,1781,0
instrument,False,0,5205,335.325725,1781,0
instrument,False,0,5206,335.386337,1782,0
instrument,False,0,5207,335.44565,1782,0
instrument,False,0,5208,335.505742,1782,0
instrument,False,0,5209,335.569557,1783,0
instrument,False,0,5210,335.625547,1783,0
instrument,False,0,5211,335.685528,1783,0
instrument,False,0,5212,335.745497,1784,0
instrument,False,0,5213,335.805463,1784,0
instrument,False,0,5214,335.865429,1784,0
instrument,False,0,5215,335.925378,1785,0
instrument,False,0,5216,335.985411,1785,0
instrument,False,0,5217,336.045285,1785,0
instrument,False,0,5218,336.105221,1785,0
instrument,False,0,5219,336.165312,1786,0
instrument,False,0,5220,336.225195,1786,0
instrument,False,0,5221,336.285151,1786,0
instrument,False,0,5222,336.345137,1787,0
instrument,False,0,5223,336.405137,1787,0
instrument,False,0,5224,336.466156,1787,0
instrument,False,0,5225,336.525046,1788,0
instrument,False,0,5226,336.585116,1788,0
instrument,False,0,5227,336.645462,1788,0
instrument,False,0,5228,336.705085,1789,0
instrument,False,0,5229,336.765023,1789,0
instrument,False,0,5230,336.824986,1789,0
instrument,False,0,5231,336.884996,1790,0
instrument,False,0,5232,336.944928,1790,0
instrument,False,0,5233,337.004985,1790,0
instrument,False,0,5234,337.064851,1791,0
instrument,False,0,5235,337.12515,1791,0
instrument,False,0,5236,337.185192,1791,0
instrument,False,0,5237,337.244864,1792,0
instrument,False,0,5238,337.304714,1792,0
instrument,False,0,5239,337.364663,1792,0
instrument,False,0,5240,337.42467,1793,0
instrument,False,0,5241,337.484644,1793,0
instrument,False,0,5242,337.545513,1793,0
instrument,False,0,5243,337.604529,1794,0
instrument,False,0,5244,337.6645,1794,0
instrument,False,0,5245,337.724627,1794,0
instrument,False,0,5246,337.785687,1795,0
instrument,False,0,5247,337.844474,1795,0
instrument,False,0,5248,337.904488,1795,0
instrument,False,0,5249,337.964873,1796,0
instrument,False,0,5250,338.024947,1796,0
instrument,False,0,5251,338.084369,1796,0
instrument,False,0,5252,338.144525,1797,0
instrument,False,0,5253,338.204457,1797,0
instrument,False,0,5254,338.264222,1797,0
instrument,False,0,5255,338.324633,1798,0
instrument,False,0,5256,338.384352,1798,0
instrument,False,0,5257,338.444228,1798,0
instrument,False,0,5258,338.505076,1799,0
instrument,False,0,5259,338.56412,1799,0
instrument,False,0,5260,338.624236,1799,0
instrument,False,0,5261,338.684449,1799,0
instrument,False,0,5262,338.744011,1800,0
instrument,False,0,5263,338.804037,1800,0
instrument,False,0,5264,338.864126,1800,0
instrument,False,0,5265,338.924249,1801,0
instrument,False,0,5266,338.983935,1801,0
instrument,False,0,5267,339.044447,1801,0
instrument,False,0,5268,339.103912,1802,2
instrument,False,0,5269,339.794214,1806,0
instrument,False,0,5270,339.85402,1806,0
instrument,False,0,5271,339.913984,1806,0
instrument,False,0,5272,339.974108,1806,0
instrument,False,0,5273,340.033964,1807,0
instrument,False,0,5274,340.093955,1807,0
instrument,False,0,5275,340.153998,1807,0
instrument,False,0,5276,340.213941,1808,0
instrument,False,0,5277,340.273878,1808,0
instrument,False,0,5278,340.333854,1808,0
instrument,False,0,5279,340.394099,1809,0
instrument,False,0,5280,340.453734,1809,0
instrument,False,0,5281,340.514031,1809,0
instrument,False,0,5282,340.574048,1810,0
instrument,False,0,5283,340.633645,1810,0
instrument,False,0,5284,340.693725,1810,0
instrument,False,0,5285,340.753724,1811,0
instrument,False,0,5286,340.813669,1811,0
instrument,False,0,5287,340.873618,1811,0
instrument,False,0,5288,340.933615,1812,0
instrument,False,0,5289,340.993519,1812,0
instrument,False,0,5290,341.053545,1812,0
instrument,False,0,5291,341.113898,1813,0
instrument,False,0,5292,341.173706,1813,0
instrument,False,0,5293,341.233392,1813,0
instrument,False,0,5294,341.293745,1814,0
instrument,False,0,5295,341.353357,1814,0
instrument,False,0,5296,341.428287,1814,0
instrument,False,0,5297,341.488352,1815,0
instrument,False,0,5298,341.567467,1815,0
instrument,False,0,5299,341.623206,1815,0
instrument,False,0,5300,341.683449,1816,0
instrument,False,0,5301,341.743143,1816,0
instrument,False,0,5302,341.803167,1816,0
instrument,False,0,5303,341.863043,1817,0
instrument,False,0,5304,341.922985,1817,0
instrument,False,0,5305,341.983214,1817,0
instrument,False,0,5306,342.043049,1818,0
instrument,False,0,5307,342.103182,1818,0
instrument,False,0,5308,342.162961,1818,0
instrument,False,0,5309,342.233954,1819,0
instrument,False,0,5310,342.297904,1819,0
instrument,False,0,5311,342.357861,1819,0
instrument,False,0,5312,342.417884,1820,0
instrument,False,0,5313,342.477804,1820,0
instrument,False,0,5314,342.53775,1820,0
instrument,False,0,5315,342.59776,1821,0
instrument,False,0,5316,342.657707,1821,0
instrument,False,0,5317,342.722662,1821,0
instrument,False,0,5318,342.792611,1822,0
instrument,False,0,5319,342.85265,1822,0
instrument,False,0,5320,342.912582,1822,0
instrument,False,0,5321,342.977123,1823,0
instrument,False,0,5322,343.039856,1823,0
instrument,False,0,5323,343.09247,1823,0
instrument,False,0,5324,343.155619,1824,0
instrument,False,0,5325,343.212533,1824,0
instrument,False,0,5326,343.272454,1824,0
instrument,False,0,5327,343.332401,1825,0
instrument,False,0,5328,343.392348,1825,0
instrument,False,0,5329,343.45231,1825,0
instrument,False,0,5330,343.512744,1826,0
instrument,False,0,5331,343.572395,1826,0
instrument,False,0,5332,343.632211,1826,0
instrument,False,0,5333,343.692187,1827,0
instrument,False,0,5334,343.752247,1827,0
instrument,False,0,5335,343.812126,1827,0
instrument,False,0,5336,343.872397,1828,0
instrument,False,0,5337,343.932162,1828,0
instrument,False,0,5338,343.992131,1828,0
instrument,False,0,5339,344.052136,1829,0
instrument,False,0,5340,344.112052,1829,0
instrument,False,0,5341,344.17233,1829,0
instrument,False,0,5342,344.232001,1830,0
instrument,False,0,5343,344.292023,1830,0
instrument,False,0,5344,344.352295,1830,0
instrument,False,0,5345,344.411983,1831,0
instrument,False,0,5346,344.471854,1831,0
instrument,False,0,5347,344.531841,1831,0
instrument,False,0,5348,344.591776,1832,0
instrument,False,0,5349,344.651763,1832,0
instrument,False,0,5350,344.712357,1832,0
instrument,False,0,5351,344.77242,1832,0
instrument,False,0,5352,344.832391,1833,0
instrument,False,0,5353,344.892535,1833,0
instrument,False,0,5354,344.952512,1833,0
instrument,False,0,5355,345.012293,1834,0
instrument,False,0,5356,345.072232,1834,0
instrument,False,0,5357,345.132509,1834,0
instrument,False,0,5358,345.192235,1835,0
instrument,False,0,5359,345.252174,1835,0
instrument,False,0,5360,345.3122,1835,0
instrument,False,0,5361,345.372144,1836,0
instrument,False,0,5362,345.432177,1836,0
instrument,False,0,5363,345.492075,1836,0
instrument,False,0,5364,345.552028,1837,0
instrument,False,0,5365,345.612375,1837,0
instrument,False,0,5366,345.672423,1837,0
instrument,False,0,5367,345.731944,1838,0
instrument,False,0,5368,345.791904,1838,0
instrument,False,0,5369,345.851835,1838,0
instrument,False,0,5370,345.911836,1839,0
instrument,False,0,5371,345.972311,1839,0
instrument,False,0,5372,346.031746,1839,0
instrument,False,0,5373,346.091818,1840,0
instrument,False,0,5374,346.154177,1840,0
instrument,False,0,5375,346.212098,1840,0
instrument,False,0,5376,346.27178,1841,0
instrument,False,0,5377,346.331745,1841,0
instrument,False,0,5378,346.392072,1841,0
instrument,False,0,5379,346.451846,1842,0
instrument,False,0,5380,346.511583,1842,0
instrument,False,0,5381,346.571556,1842,0
instrument,False,0,5382,346.63165,1843,0
instrument,False,0,5383,346.693021,1843,0
instrument,False,0,5384,346.751472,1843,0
instrument,False,0,5385,346.811449,1844,0
instrument,False,0,5386,346.871382,1844,0
instrument,False,0,5387,346.933837,1844,0
instrument,False,0,5388,346.991288,1845,0
instrument,False,0,5389,347.051284,1845,0
instrument,False,0,5390,347.111285,1845,0
instrument,False,0,5391,347.172025,1846,0
instrument,False,0,5392,347.23118,1846,0
instrument,False,0,5393,347.291111,1846,0
instrument,False,0,5394,347.353712,1846,0
instrument,False,0,5395,347.411111,1847,0
instrument,False,0,5396,347.471541,1847,0
instrument,False,0,5397,347.532179,1847,0
instrument,False,0,5398,347.60052,1848,0
instrument,False,0,5399,347.666049,1848,0
instrument,False,0,5400,347.725996,1849,0
instrument,False,0,5401,347.78597,1849,0
instrument,False,0,5402,347.845932,1849,0
instrument,False,0,5403,347.905829,1849,0
instrument,False,0,5404,347.965833,1850,0
instrument,False,0,5405,348.025866,1850,0
instrument,False,0,5406,348.085765,1850,0
instrument,False,0,5407,348.145886,1851,0
instrument,False,0,5408,348.205901,1851,0
instrument,False,0,5409,348.265681,1851,0
instrument,False,0,5410,348.325621,1852,0
instrument,False,0,5411,348.385656,1852,0
instrument,False,0,5412,348.445679,1852,0
instrument,False,0,5413,348.505629,1853,0
instrument,False,0,5414,348.580529,1853,0
instrument,False,0,5415,348.641428,1853,0
instrument,False,0,5416,348.700443,1854,0
instrument,False,0,5417,348.760858,1854,0
instrument,False,0,5418,348.820928,1854,0
instrument,False,0,5419,348.881777,1855,0
instrument,False,0,5420,348.942014,1855,0
instrument,False,0,5421,349.002231,1855,0
instrument,False,0,5422,349.062171,1856,0
instrument,False,0,5423,349.122128,1856,0
instrument,False,0,5424,349.18182,1856,0
instrument,False,0,5425,349.241804,1857,0
instrument,False,0,5426,349.309979,1857,0
instrument,False,0,5427,349.361693,1857,0
instrument,False,0,5428,349.422237,1858,0
instrument,False,0,5429,349.481323,1858,0
instrument,False,0,5430,349.541249,1858,0
instrument,False,0,5431,349.601189,1859,0
instrument,False,0,5432,349.661208,1859,0
instrument,False,0,5433,349.721311,1859,0
instrument,False,0,5434,349.78384,1860,0
instrument,False,0,5435,349.843746,1860,0
instrument,False,0,5436,349.900774,1860,0
instrument,False,0,5437,349.960794,1861,0
instrument,False,0,5438,350.020641,1861,0
instrument,False,0,5439,350.080819,1861,0
instrument,False,0,5440,350.141479,1862,0
instrument,False,0,5441,350.216117,1862,0
instrument,False,0,5442,350.275594,1862,0
instrument,False,0,5443,350.335496,1863,2
instrument,False,0,5444,350.845867,1865,0
instrument,False,0,5445,350.905298,1866,0
instrument,False,0,5446,350.965221,1866,0
instrument,False,0,5447,351.02521,1866,0
instrument,False,0,5448,351.085472,1867,0
instrument,False,0,5449,351.145166,1867,0
instrument,False,0,5450,351.205086,1867,0
instrument,False,0,5451,351.270703,1868,0
instrument,False,0,5452,351.324996,1868,0
instrument,False,0,5453,351.385318,1868,0
instrument,False,0,5454,351.445081,1869,0
instrument,False,0,5455,351.504928,1869,0
instrument,False,0,5456,351.564955,1869,0
instrument,False,0,5457,351.624931,1870,0
instrument,False,0,5458,351.684924,1870,0
instrument,False,0,5459,351.744861,1870,0
instrument,False,0,5460,351.804849,1871,0
instrument,False,0,5461,351.8648,1871,0
instrument,False,0,5462,351.924826,1871,0
instrument,False,0,5463,351.984769,1872,0
instrument,False,0,5464,352.044742,1872,0
instrument,False,0,5465,352.104635,1872,0
instrument,False,0,5466,352.164659,1873,0
instrument,False,0,5467,352.224624,1873,0
instrument,False,0,5468,352.284616,1873,0
instrument,False,0,5469,352.344634,1874,0
instrument,False,0,5470,352.405459,1874,0
instrument,False,0,5471,352.464491,1874,0
instrument,False,0,5472,352.524436,1875,0
instrument,False,0,5473,352.584415,1875,0
instrument,False,0,5474,352.64475,1875,0
instrument,False,0,5475,352.704773,1876,0
instrument,False,0,5476,352.764539,1876,0
instrument,False,0,5477,352.824253,1876,0
instrument,False,0,5478,352.885161,1876,0
instrument,False,0,5479,352.944302,1877,0
instrument,False,0,5480,353.00431,1877,0
instrument,False,0,5481,353.064205,1877,0
instrument,False,0,5482,353.124293,1878,0
instrument,False,0,5483,353.184724,1878,0
instrument,False,0,5484,353.252387,1878,0
instrument,False,0,5485,353.350866,1879,0
instrument,False,0,5486,353.424106,1879,0
instrument,False,0,5487,353.48406,1880,0
instrument,False,0,5488,353.558956,1880,0
instrument,False,0,5489,353.618942,1880,0
instrument,False,0,5490,353.678912,1881,0
instrument,False,0,5491,353.738848,1881,0
instrument,False,0,5492,353.799941,1881,0
instrument,False,0,5493,353.858867,1882,0
instrument,False,0,5494,353.918723,1882,0
instrument,False,0,5495,353.978749,1882,0
instrument,False,0,5496,354.038724,1883,0
instrument,False,0,5497,354.098754,1883,0
instrument,False,0,5498,354.159138,1883,0
instrument,False,0,5499,354.218595,1884,0
instrument,False,0,5500,354.278644,1884,0
instrument,False,0,5501,354.338611,1884,0
instrument,False,0,5502,354.398549,1885,0
instrument,False,0,5503,354.458609,1885,0
instrument,False,0,5504,354.518485,1885,0
instrument,False,0,5505,354.579626,1886,0
instrument,False,0,5506,354.639365,1886,0
instrument,False,0,5507,354.698411,1886,0
instrument,False,0,5508,354.772624,1887,0
instrument,False,0,5509,354.832596,1887,0
instrument,False,0,5510,354.892689,1887,0
instrument,False,0,5511,354.952529,1888,0
instrument,False,0,5512,355.04546,1888,0
instrument,False,0,5513,355.102667,1889,0
instrument,False,0,5514,355.162542,1889,0
instrument,False,0,5515,355.222474,1889,0
instrument,False,0,5516,355.282516,1889,0
instrument,False,0,5517,355.342463,1890,0
instrument,False,0,5518,355.402773,1890,0
instrument,False,0,5519,355.462498,1890,0
instrument,False,0,5520,355.522435,1891,0
instrument,False,0,5521,355.582301,1891,0
instrument,False,0,5522,355.642229,1891,0
instrument,False,0,5523,355.702517,1892,0
instrument,False,0,5524,355.762287,1892,0
instrument,False,0,5525,355.822202,1892,0
instrument,False,0,5526,355.882091,1893,0
instrument,False,0,5527,355.942066,1893,0
instrument,False,0,5528,356.002365,1893,0
instrument,False,0,5529,356.061994,1894,0
instrument,False,0,5530,356.122492,1894,0
instrument,False,0,5531,356.181913,1894,0
instrument,False,0,5532,356.242624,1895,0
instrument,False,0,5533,356.30189,1895,0
instrument,False,0,5534,356.361801,1895,0
instrument,False,0,5535,356.421776,1896,0
instrument,False,0,5536,356.481713,1896,0
instrument,False,0,5537,356.541705,1896,0
instrument,False,0,5538,356.601662,1897,0
instrument,False,0,5539,356.661942,1897,0
instrument,False,0,5540,356.721726,1897,0
instrument,False,0,5541,356.781398,1898,0
instrument,False,0,5542,356.841283,1898,0
instrument,False,0,5543,356.901212,1898,0
instrument,False,0,5544,356.961948,1899,0
instrument,False,0,5545,357.021251,1899,0
instrument,False,0,5546,357.08123,1899,0
instrument,False,0,5547,357.141432,1900,0
instrument,False,0,5548,357.201179,1900,0
instrument,False,0,5549,357.260998,1900,0
instrument,False,0,5550,357.321117,1901,0
instrument,False,0,5551,357.388897,1901,0
instrument,False,0,5552,357.440875,1901,0
instrument,False,0,5553,357.500871,1902,0
instrument,False,0,5554,357.561074,1902,0
instrument,False,0,5555,357.620928,1902,0
instrument,False,0,5556,357.682202,1903,0
instrument,False,0,5557,357.740713,1903,0
instrument,False,0,5558,357.801085,1903,0
instrument,False,0,5559,357.860756,1903,0
instrument,False,0,5560,357.920749,1904,0
instrument,False,0,5561,357.98059,1904,0
instrument,False,0,5562,358.040682,1904,0
instrument,False,0,5563,358.100608,1905,0
instrument,False,0,5564,358.160543,1905,0
instrument,False,0,5565,358.220587,1905,0
instrument,False,0,5566,358.280423,1906,0
instrument,False,0,5567,358.340377,1906,0
instrument,False,0,5568,358.402962,1906,0
instrument,False,0,5569,358.460317,1907,0
instrument,False,0,5570,358.520645,1907,0
instrument,False,0,5571,358.580216,1907,0
instrument,False,0,5572,358.640261,1908,0
instrument,False,0,5573,358.700163,1908,0
instrument,False,0,5574,358.760486,1908,0
instrument,False,0,5575,358.820128,1909,0
instrument,False,0,5576,358.880255,1909,0
instrument,False,0,5577,358.940043,1909,0
instrument,False,0,5578,358.999998,1910,0
instrument,False,0,5579,359.060355,1910,0
instrument,False,0,5580,359.120347,1910,0
instrument,False,0,5581,359.179999,1911,0
instrument,False,0,5582,359.239995,1911,0
instrument,False,0,5583,359.299838,1911,0
instrument,False,0,5584,359.359813,1912,0
instrument,False,0,5585,359.419827,1912,0
instrument,False,0,5586,359.47971,1912,0
instrument,False,0,5587,359.539899,1913,0
instrument,False,0,5588,359.599676,1913,0
instrument,False,0,5589,359.659652,1913,0
instrument,False,0,5590,359.720443,1914,0
instrument,False,0,5591,359.77938,1914,0
instrument,False,0,5592,359.839403,1914,0
instrument,False,0,5593,359.899298,1915,0
instrument,False,0,5594,359.95925,1915,0
instrument,False,0,5595,360.019194,1915,0
instrument,False,0,5596,360.079163,1916,0
instrument,False,0,5597,360.139149,1916,0
instrument,False,0,5598,360.199203,1916,0
instrument,False,0,5599,360.259158,1916,0
instrument,False,0,5600,360.320199,1917,0
instrument,False,0,5601,360.379083,1917,0
instrument,False,0,5602,360.43909,1917,0
instrument,False,0,5603,360.499015,1918,0
instrument,False,0,5604,360.558971,1918,0
instrument,False,0,5605,360.628401,1918,0
instrument,False,0,5606,360.694042,1919,0
instrument,False,0,5607,360.754271,1919,0
instrument,False,0,5608,360.814354,1919,0
instrument,False,0,5609,360.873806,1920,0
instrument,False,0,5610,360.934199,1920,0
instrument,False,0,5611,360.993799,1920,0
instrument,False,0,5612,361.053725,1921,0
instrument,False,0,5613,361.113708,1921,0
instrument,False,0,5614,361.174054,1921,0
instrument,False,0,5615,361.233748,1922,0
instrument,False,0,5616,361.293634,1922,0
instrument,False,0,5617,361.353737,1922,0
instrument,False,0,5618,361.41354,1923,0
instrument,False,0,5619,361.473851,1923,0
instrument,False,0,5620,361.533454,1923,0
instrument,False,0,5621,361.593457,1924,0
instrument,False,0,5622,361.653416,1924,0
instrument,False,0,5623,361.713525,1924,0
instrument,False,0,5624,361.773699,1925,0
instrument,False,0,5625,361.833506,1925,0
instrument,False,0,5626,361.89324,1925,0
instrument,False,0,5627,361.953699,1926,0
instrument,False,0,5628,362.013364,1926,0
instrument,False,0,5629,362.073179,1926,0
instrument,False,0,5630,362.133141,1927,0
instrument,False,0,5631,362.193105,1927,0
instrument,False,0,5632,362.268062,1927,0
instrument,False,0,5633,362.328058,1928,0
instrument,False,0,5634,362.388015,1928,0
instrument,False,0,5635,362.44802,1928,0
instrument,False,0,5636,362.507984,1929,0
instrument,False,0,5637,362.56795,1929,0
instrument,False,0,5638,362.627911,1929,0
instrument,False,0,5639,362.687889,1930,0
instrument,False,0,5640,362.74826,1930,0
instrument,False,0,5641,362.807867,1930,0
instrument,False,0,5642,362.867808,1931,0
instrument,False,0,5643,362.927772,1931,0
instrument,False,0,5644,362.98771,1931,0
instrument,False,0,5645,363.047688,1932,0
instrument,False,0,5646,363.107645,1932,0
instrument,False,0,5647,363.167737,1932,0
instrument,False,0,5648,363.22821,1933,0
instrument,False,0,5649,363.287534,1933,0
instrument,False,0,5650,363.347679,1933,0
instrument,False,0,5651,363.407507,1934,0
instrument,False,0,5652,363.467418,1934,0
instrument,False,0,5653,363.527484,1934,0
instrument,False,0,5654,363.587604,1935,0
instrument,False,0,5655,363.647356,1935,0
instrument,False,0,5656,363.707319,1935,0
instrument,False,0,5657,363.76726,1936,0
instrument,False,0,5658,363.827793,1936,0
instrument,False,0,5659,363.88765,1936,0
instrument,False,0,5660,363.947662,1936,0
instrument,False,0,5661,364.007592,1937,0
instrument,False,0,5662,364.067933,1937,0
instrument,False,0,5663,364.127514,1937,0
instrument,False,0,5664,364.189067,1938,0
instrument,False,0,5665,364.247453,1938,0
instrument,False,0,5666,364.307431,1938,0
instrument,False,0,5667,364.367411,1939,0
instrument,False,0,5668,364.442355,1939,0
instrument,False,0,5669,364.517651,1940,0
instrument,False,0,5670,364.577614,1940,0
instrument,False,0,5671,364.637273,1940,0
instrument,False,0,5672,364.697309,1941,0
instrument,False,0,5673,364.76475,1941,0
instrument,False,0,5674,364.833333,1941,0
instrument,False,0,5675,364.892711,1942,0
instrument,False,0,5676,364.952685,1942,0
instrument,False,0,5677,365.012621,1942,0
instrument,False,0,5678,365.072613,1943,0
instrument,False,0,5679,365.132546,1943,0
instrument,False,0,5680,365.193155,1943,0
instrument,False,0,5681,365.267629,1944,0
instrument,False,0,5682,365.328538,1944,0
instrument,False,0,5683,365.38757,1944,0
instrument,False,0,5684,365.447612,1945,0
instrument,False,0,5685,365.507455,1945,0
instrument,False,0,5686,365.567429,1945,0
instrument,False,0,5687,365.627381,1946,0
instrument,False,0,5688,365.687374,1946,0
instrument,False,0,5689,365.747442,1946,0
instrument,False,0,5690,365.807274,1947,0
instrument,False,0,5691,365.867709,1947,0
instrument,False,0,5692,365.927242,1947,0
instrument,False,0,5693,366.00834,1948,0
instrument,False,0,5694,366.062889,1948,0
instrument,False,0,5695,366.122099,1948,0
instrument,False,0,5696,366.182666,1949,0
instrument,False,0,5697,366.241982,1949,3
instrument,False,0,5698,366.976687,1953,0
instrument,False,0,5699,367.036591,1953,0
instrument,False,0,5700,367.096571,1954,0
instrument,False,0,5701,367.156732,1954,0
instrument,False,0,5702,367.216491,1954,0
instrument,False,0,5703,367.276435,1955,0
instrument,False,0,5704,367.336983,1955,0
instrument,False,0,5705,367.396457,1955,0
instrument,False,0,5706,367.456371,1956,0
instrument,False,0,5707,367.516371,1956,0
instrument,False,0,5708,367.576284,1956,0
instrument,False,0,5709,367.636894,1956,0
instrument,False,0,5710,367.696555,1957,0
instrument,False,0,5711,367.758138,1957,0
instrument,False,0,5712,367.816504,1957,0
instrument,False,0,5713,367.876101,1958,0
instrument,False,0,5714,367.951184,1958,0
instrument,False,0,5715,368.011641,1959,0
instrument,False,0,5716,368.07173,1959,0
instrument,False,0,5717,368.131457,1959,0
instrument,False,0,5718,368.191208,1959,0
instrument,False,0,5719,368.265867,1960,0
instrument,False,0,5720,368.326139,1960,0
instrument,False,0,5721,368.385929,1961,0
instrument,False,0,5722,368.445887,1961,0
instrument,False,0,5723,368.505983,1961,0
instrument,False,0,5724,368.566102,1962,0
instrument,False,0,5725,368.626798,1962,0
instrument,False,0,5726,368.685758,1962,0
instrument,False,0,5727,368.745777,1963,0
instrument,False,0,5728,368.820684,1963,0
instrument,False,0,5729,368.895699,1963,0
instrument,False,0,5730,368.955699,1964,0
instrument,False,0,5731,369.015595,1964,0
instrument,False,0,5732,369.075637,1964,0
instrument,False,0,5733,369.135546,1965,0
instrument,False,0,5734,369.195559,1965,0
instrument,False,0,5735,369.255434,1965,0
instrument,False,0,5736,369.315568,1966,0
instrument,False,0,5737,369.375529,1966,0
instrument,False,0,5738,369.439396,1966,0
instrument,False,0,5739,369.496397,1967,0
instrument,False,0,5740,369.555361,1967,0
instrument,False,0,5741,369.61569,1967,0
instrument,False,0,5742,369.67539,1968,0
instrument,False,0,5743,369.735022,1968,0
instrument,False,0,5744,369.795235,1968,0
instrument,False,0,5745,369.855906,1969,0
instrument,False,0,5746,369.915134,1969,0
instrument,False,0,5747,369.974898,1969,0
instrument,False,0,5748,370.036159,1970,0
instrument,False,0,5749,370.094742,1970,0
instrument,False,0,5750,370.15563,1970,0
instrument,False,0,5751,370.215241,1970,0
instrument,False,0,5752,370.274667,1971,0
instrument,False,0,5753,370.334731,1971,0
instrument,False,0,5754,370.394656,1971,0
instrument,False,0,5755,370.454594,1972,0
instrument,False,0,5756,370.514572,1972,0
instrument,False,0,5757,370.574581,1972,0
instrument,False,0,5758,370.634566,1973,0
instrument,False,0,5759,370.694221,1973,0
instrument,False,0,5760,370.754202,1973,0
instrument,False,0,5761,370.814165,1974,0
instrument,False,0,5762,370.874161,1974,0
instrument,False,0,5763,370.93446,1974,0
instrument,False,0,5764,370.994062,1975,0
instrument,False,0,5765,371.054071,1975,0
instrument,False,0,5766,371.115442,1975,0
instrument,False,0,5767,371.174378,1976,0
instrument,False,0,5768,371.233986,1976,0
instrument,False,0,5769,371.293894,1976,0
instrument,False,0,5770,371.354204,1977,0
instrument,False,0,5771,371.415816,1977,0
instrument,False,0,5772,371.473831,1977,0
instrument,False,0,5773,371.533795,1978,0
instrument,False,0,5774,371.594776,1978,0
instrument,False,0,5775,371.657651,1978,0
instrument,False,0,5776,371.713694,1979,0
instrument,False,0,5777,371.773607,1979,0
instrument,False,0,5778,371.833607,1979,0
instrument,False,0,5779,371.893566,1980,0
instrument,False,0,5780,371.953513,1980,0
instrument,False,0,5781,372.013628,1980,0
instrument,False,0,5782,372.073533,1981,0
instrument,False,0,5783,372.133497,1981,0
instrument,False,0,5784,372.212422,1981,0
instrument,False,0,5785,372.28337,1982,0
instrument,False,0,5786,372.3435,1982,0
instrument,False,0,5787,372.403678,1982,0
instrument,False,0,5788,372.463251,1983,0
instrument,False,0,5789,372.527541,1983,0
instrument,False,0,5790,372.583714,1983,0
instrument,False,0,5791,372.643152,1984,0
instrument,False,0,5792,372.703229,1984,0
instrument,False,0,5793,372.76308,1984,0
instrument,False,0,5794,372.823546,1985,0
instrument,False,0,5795,372.883026,1985,0
instrument,False,0,5796,372.942976,1985,0
instrument,False,0,5797,373.003003,1986,0
instrument,False,0,5798,373.062926,1986,0
instrument,False,0,5799,373.122856,1986,0
instrument,False,0,5800,373.183002,1987,0
instrument,False,0,5801,373.242814,1987,0
instrument,False,0,5802,373.303505,1987,0
instrument,False,0,5803,373.363206,1988,0
instrument,False,0,5804,373.422853,1988,0
instrument,False,0,5805,373.482796,1988,0
instrument,False,0,5806,373.542775,1989,0
instrument,False,0,5807,373.60278,1989,0
instrument,False,0,5808,373.662702,1989,0
instrument,False,0,5809,373.72261,1989,0
instrument,False,0,5810,373.782687,1990,0
instrument,False,0,5811,373.842627,1990,0
instrument,False,0,5812,373.902534,1990,0
instrument,False,0,5813,373.962809,1991,0
instrument,False,0,5814,374.022597,1991,0
instrument,False,0,5815,374.082581,1991,0
instrument,False,0,5816,374.142532,1992,0
instrument,False,0,5817,374.532301,1994,0
instrument,False,0,5818,374.592319,1994,0
instrument,False,0,5819,374.652273,1995,0
instrument,False,0,5820,374.712814,1995,0
instrument,False,0,5821,374.772886,1995,0
instrument,False,0,5822,374.832984,1996,0
instrument,False,0,5823,374.894566,1996,0
instrument,False,0,5824,374.95319,1996,0
instrument,False,0,5825,375.012763,1996,0
instrument,False,0,5826,375.072848,1997,0
instrument,False,0,5827,375.132702,1997,0
instrument,False,0,5828,375.192796,1997,0
instrument,False,0,5829,375.252773,1998,0
instrument,False,0,5830,375.312729,1998,0
instrument,False,0,5831,375.372652,1998,0
instrument,False,0,5832,375.432647,1999,0
instrument,False,0,5833,375.492624,1999,0
instrument,False,0,5834,375.55297,1999,0
instrument,False,0,5835,375.613137,2000,0
instrument,False,0,5836,375.672595,2000,0
instrument,False,0,5837,375.717767,2000,0
instrument,True,1,0,4.207281,0,0
instrument,True,1,1,4.310487,0,0
instrument,True,1,2,4.388147,0,0
instrument,True,1,3,4.456944,0,0
instrument,True,1,4,4.522636,0,0
instrument,True,1,5,4.581899,0,0
instrument,True,1,6,4.655669,0,0
instrument,True,1,7,4.75365,0,0
instrument,True,1,8,4.807905,0,0
instrument,True,1,9,4.868215,0,0
instrument,True,1,10,4.927923,0,0
instrument,True,1,11,4.987911,0,0
instrument,True,1,12,5.048296,0,0
instrument,True,1,13,5.108268,0,0
instrument,True,1,14,5.16848,0,0
instrument,True,1,15,5.22771,0,0
instrument,True,1,16,5.287774,1,0
instrument,True,1,17,5.362867,1,0
instrument,True,1,18,5.423121,1,0
instrument,True,1,19,5.498175,1,0
instrument,True,1,20,5.692498,2,0
instrument,True,1,21,5.784125,3,0
instrument,True,1,22,5.872766,3,0
instrument,True,1,23,5.962317,4,0
instrument,True,1,24,6.112449,5,0
instrument,True,1,25,6.217172,5,0
instrument,True,1,26,6.337293,6,0
instrument,True,1,27,6.442189,7,0
instrument,True,1,28,6.562022,7,0
instrument,True,1,29,6.636942,7,0
instrument,True,1,30,6.714399,7,0
instrument,True,1,31,6.831829,9,0
instrument,True,1,32,6.922251,9,0
instrument,True,1,33,7.026729,10,0
instrument,True,1,34,7.221616,10,0
instrument,True,1,35,7.341574,11,0
instrument,True,1,36,7.536462,12,0
instrument,True,1,37,7.701434,13,0
instrument,True,1,38,7.791314,14,0
instrument,True,1,39,7.881219,14,0
instrument,True,1,40,7.97574,15,0
instrument,True,1,41,8.106905,16,0
instrument,True,1,42,8.196507,16,0
instrument,True,1,43,8.376084,17,0
instrument,True,1,44,8.451011,17,0
instrument,True,1,45,8.540952,18,0
instrument,True,1,46,8.660781,18,0
instrument,True,1,47,8.781456,19,0
instrument,True,1,48,8.840704,19,0
instrument,True,1,49,8.931917,20,0
instrument,True,1,50,9.05118,21,0
instrument,True,1,51,9.171155,21,0
instrument,True,1,52,9.350999,22,0
instrument,True,1,53,9.501711,23,0
instrument,True,1,54,9.576318,24,0
instrument,True,1,55,9.710934,24,0
instrument,True,1,56,9.801316,25,0
instrument,True,1,57,9.876095,25,0
instrument,True,1,58,9.950646,25,0
instrument,True,1,59,10.056303,26,0
instrument,True,1,60,10.160976,26,0
instrument,True,1,61,10.250562,27,0
instrument,True,1,62,10.355922,28,0
instrument,True,1,63,10.506505,29,0
instrument,True,1,64,10.580351,29,0
instrument,True,1,65,10.655281,29,0
instrument,True,1,66,10.775905,30,0
instrument,True,1,67,10.865725,30,0
instrument,True,1,68,10.970149,31,0
instrument,True,1,69,11.060117,32,0
instrument,True,1,70,11.165047,32,0
instrument,True,1,71,11.239999,32,0
instrument,True,1,72,11.330566,33,0
instrument,True,1,73,11.40491,33,0
instrument,True,1,74,11.526059,34,0
instrument,True,1,75,11.617345,34,0
instrument,True,1,76,11.749787,35,0
instrument,True,1,77,11.854658,36,0
instrument,True,1,78,11.914616,36,0
instrument,True,1,79,11.992397,36,0
instrument,True,1,80,12.124501,37,0
instrument,True,1,81,12.230339,38,0
instrument,True,1,82,12.320262,38,0
instrument,True,1,83,12.469311,39,0
instrument,True,1,84,12.545089,40,0
instrument,True,1,85,12.650111,40,0
instrument,True,1,86,12.739139,41,0
instrument,True,1,87,12.829561,41,0
instrument,True,1,88,12.90405,42,0
instrument,True,1,89,13.009084,42,0
instrument,True,1,90,13.09936,42,0
instrument,True,1,91,13.188892,43,0
instrument,True,1,92,13.339287,44,0
instrument,True,1,93,13.414199,44,0
instrument,True,1,94,13.518695,45,0
instrument,True,1,95,13.612962,46,0
instrument,True,1,96,13.758988,46,0
instrument,True,1,97,13.894337,47,0
instrument,True,1,98,13.999035,48,0
instrument,True,1,99,14.149418,48,0
instrument,True,1,100,14.239052,49,0
instrument,True,1,101,14.328992,49,0
instrument,True,1,102,14.419172,50,0
instrument,True,1,103,14.523737,50,0
instrument,True,1,104,14.643839,51,0
instrument,True,1,105,14.718611,51,0
instrument,True,1,106,14.838972,52,0
instrument,True,1,107,14.959054,53,0
instrument,True,1,108,15.033506,53,0
instrument,True,1,109,15.123368,54,0
instrument,True,1,110,15.228888,54,0
instrument,True,1,111,15.303281,55,0
instrument,True,1,112,15.40822,55,0
instrument,True,1,113,15.484022,56,0
instrument,True,1,114,15.588122,56,0
instrument,True,1,115,15.678012,56,2
instrument,True,1,116,16.188294,56,0
instrument,True,1,117,16.2784,58,0
instrument,True,1,118,16.400949,59,0
instrument,True,1,119,16.488535,61,0
instrument,True,1,120,16.62252,62,0
instrument,True,1,121,16.697871,62,0
instrument,True,1,122,16.788309,63,0
instrument,True,1,123,16.937831,64,0
instrument,True,1,124,17.057283,64,0
instrument,True,1,125,17.177697,64,0
instrument,True,1,126,17.267165,64,0
instrument,True,1,127,17.357527,65,0
instrument,True,1,128,17.447224,66,0
instrument,True,1,129,17.522143,66,0
instrument,True,1,130,17.641951,67,0
instrument,True,1,131,17.792085,68,0
instrument,True,1,132,17.915603,69,0
instrument,True,1,133,18.002632,69,0
instrument,True,1,134,18.076901,70,0
instrument,True,1,135,18.181636,70,0
instrument,True,1,136,18.30225,71,0
instrument,True,1,137,18.526457,72,0
instrument,True,1,138,18.632016,73,0
instrument,True,1,139,18.75185,73,0
instrument,True,1,140,18.841294,74,0
instrument,True,1,141,19.006789,75,0
instrument,True,1,142,19.113911,75,0
instrument,True,1,143,19.231767,76,0
instrument,True,1,144,19.322088,76,0
instrument,True,1,145,19.426887,77,0
instrument,True,1,146,19.516447,77,0
instrument,True,1,147,19.636379,78,0
instrument,True,1,148,19.74132,79,0
instrument,True,1,149,19.846246,79,0
instrument,True,1,150,19.996198,80,0
instrument,True,1,151,20.086118,80,0
instrument,True,1,152,20.206494,81,0
instrument,True,1,153,20.280825,82,0
instrument,True,1,154,20.370776,82,0
instrument,True,1,155,20.446117,82,0
instrument,True,1,156,20.52073,83,0
instrument,True,1,157,20.685658,84,0
instrument,True,1,158,20.790553,84,0
instrument,True,1,159,20.880517,85,0
instrument,True,1,160,21.060861,86,0
instrument,True,1,161,21.165337,86,0
instrument,True,1,162,21.225345,87,0
instrument,True,1,163,21.301147,87,0
instrument,True,1,164,21.435869,88,0
instrument,True,1,165,21.495805,88,0
instrument,True,1,166,21.585102,89,0
instrument,True,1,167,21.690442,89,0
instrument,True,1,168,21.810476,90,0
instrument,True,1,169,22.035294,91,0
instrument,True,1,170,22.139764,92,0
instrument,True,1,171,22.214743,92,0
instrument,True,1,172,22.32015,93,0
instrument,True,1,173,22.409631,93,0
instrument,True,1,174,22.544574,94,0
instrument,True,1,175,22.679465,94,0
instrument,True,1,176,22.754885,95,0
instrument,True,1,177,22.919332,95,0
instrument,True,1,178,23.024645,96,0
instrument,True,1,179,23.084735,97,0
instrument,True,1,180,23.174301,97,0
instrument,True,1,181,23.279245,98,0
instrument,True,1,182,23.414122,99,0
instrument,True,1,183,23.519559,99,0
instrument,True,1,184,23.609182,100,0
instrument,True,1,185,23.714815,100,0
instrument,True,1,186,23.819072,101,0
instrument,True,1,187,23.924843,101,0
instrument,True,1,188,24.059345,102,0
instrument,True,1,189,24.164288,103,0
instrument,True,1,190,24.254232,103,0
instrument,True,1,191,24.404231,104,0
instrument,True,1,192,24.479104,104,0
instrument,True,1,193,24.629487,105,0
instrument,True,1,194,24.718967,105,0
instrument,True,1,195,24.794386,106,0
instrument,True,1,196,24.883893,106,0
instrument,True,1,197,25.048897,107,0
instrument,True,1,198,25.125008,108,0
instrument,True,1,199,25.288991,109,0
instrument,True,1,200,25.379233,109,0
instrument,True,1,201,25.483986,110,0
instrument,True,1,202,25.574137,110,0
instrument,True,1,203,25.664239,111,0
instrument,True,1,204,25.874221,112,0
instrument,True,1,205,25.948786,112,0
instrument,True,1,206,26.02404,113,0
instrument,True,1,207,26.113268,113,0
instrument,True,1,208,26.203193,114,0
instrument,True,1,209,26.293072,114,0
instrument,True,1,210,26.398386,115,0
instrument,True,1,211,26.562924,115,0
instrument,True,1,212,26.728261,117,0
instrument,True,1,213,26.832762,117,0
instrument,True,1,214,26.952867,118,0
instrument,True,1,215,27.057851,119,0
instrument,True,1,216,27.147695,119,0
instrument,True,1,217,27.237544,119,0
instrument,True,1,218,27.32762,120,0
instrument,True,1,219,27.432436,120,0
instrument,True,1,220,27.582743,121,0
instrument,True,1,221,27.67289,122,0
instrument,True,1,222,27.777527,122,0
instrument,True,1,223,27.987628,123,0
instrument,True,1,224,28.047879,124,0
instrument,True,1,225,28.200945,125,0
instrument,True,1,226,28.316934,125,0
instrument,True,1,227,28.436963,126,0
instrument,True,1,228,28.616833,127,0
instrument,True,1,229,28.724056,127,0
instrument,True,1,230,28.8118,128,0
instrument,True,1,231,29.007132,129,0
instrument,True,1,232,29.067089,129,0
instrument,True,1,233,29.217698,130,0
instrument,True,1,234,29.292214,131,0
instrument,True,1,235,29.397259,131,0
instrument,True,1,236,29.471883,131,0
instrument,True,1,237,29.66715,132,0
instrument,True,1,238,29.801712,133,0
instrument,True,1,239,29.907476,134,0
instrument,True,1,240,29.981582,134,0
instrument,True,1,241,30.176495,135,0
instrument,True,1,242,30.26649,136,0
instrument,True,1,243,30.371937,136,0
instrument,True,1,244,30.461302,137,0
instrument,True,1,245,30.551833,137,0
instrument,True,1,246,30.656196,138,0
instrument,True,1,247,30.746136,138,0
instrument,True,1,248,30.881554,139,0
instrument,True,1,249,30.986113,140,0
instrument,True,1,250,31.090974,140,0
instrument,True,1,251,31.255793,141,0
instrument,True,1,252,31.406069,142,0
instrument,True,1,253,31.52799,142,0
instrument,True,1,254,31.645929,143,0
instrument,True,1,255,31.735433,143,0
instrument,True,1,256,31.840366,144,0
instrument,True,1,257,31.930381,145,0
instrument,True,1,258,32.053126,145,0
instrument,True,1,259,32.200296,146,0
instrument,True,1,260,32.364813,147,3
instrument,True,1,261,33.178134,149,0
instrument,True,1,262,33.264295,152,0
instrument,True,1,263,33.354344,153,0
instrument,True,1,264,33.444174,153,0
instrument,True,1,265,33.568323,154,0
instrument,True,1,266,33.624483,154,0
instrument,True,1,267,33.699029,154,0
instrument,True,1,268,33.788975,154,0
instrument,True,1,269,33.925527,156,0
instrument,True,1,270,34.059886,156,0
instrument,True,1,271,34.149991,157,0
instrument,True,1,272,34.269308,157,0
instrument,True,1,273,34.359243,158,0
instrument,True,1,274,34.524162,159,0
instrument,True,1,275,34.614098,159,0
instrument,True,1,276,34.719028,160,0
instrument,True,1,277,34.794497,160,0
instrument,True,1,278,34.884482,161,0
instrument,True,1,279,35.004135,161,0
instrument,True,1,280,35.079348,162,0
instrument,True,1,281,35.199233,162,0
instrument,True,1,282,35.274554,163,0
instrument,True,1,283,35.409155,164,0
instrument,True,1,284,35.514248,164,0
instrument,True,1,285,35.618526,165,0
instrument,True,1,286,35.739916,165,0
instrument,True,1,287,35.858501,166,0
instrument,True,1,288,35.963346,167,0
instrument,True,1,289,36.053281,167,0
instrument,True,1,290,36.143805,168,0
instrument,True,1,291,36.21818,168,0
instrument,True,1,292,36.338118,168,0
instrument,True,1,293,36.44307,169,0
instrument,True,1,294,36.550347,170,0
instrument,True,1,295,36.653439,170,0
instrument,True,1,296,36.757873,171,0
instrument,True,1,297,36.84785,171,0
instrument,True,1,298,36.907785,172,0
instrument,True,1,299,36.997746,172,0
instrument,True,1,300,37.147664,172,0
instrument,True,1,301,37.223408,174,0
instrument,True,1,302,37.313083,174,0
instrument,True,1,303,37.402507,174,0
instrument,True,1,304,37.522444,175,0
instrument,True,1,305,37.645313,175,0
instrument,True,1,306,37.747359,176,0
instrument,True,1,307,37.882302,176,0
instrument,True,1,308,37.987253,178,0
instrument,True,1,309,38.048142,178,0
instrument,True,1,310,38.212058,179,0
instrument,True,1,311,38.332017,180,0
instrument,True,1,312,38.40763,180,0
instrument,True,1,313,38.527604,181,0
instrument,True,1,314,38.632033,181,0
instrument,True,1,315,38.73694,181,0
instrument,True,1,316,38.796714,182,0
instrument,True,1,317,38.935806,182,0
instrument,True,1,318,39.052817,183,0
instrument,True,1,319,39.157948,184,0
instrument,True,1,320,39.218623,184,0
instrument,True,1,321,39.322597,185,0
instrument,True,1,322,39.457311,185,0
instrument,True,1,323,39.517914,186,0
instrument,True,1,324,39.592241,186,0
instrument,True,1,325,39.682165,186,0
instrument,True,1,326,39.84714,188,0
instrument,True,1,327,39.937291,188,0
instrument,True,1,328,40.012664,189,0
instrument,True,1,329,40.102649,189,0
instrument,True,1,330,40.22212,190,0
instrument,True,1,331,40.342044,190,0
instrument,True,1,332,40.447456,191,0
instrument,True,1,333,40.551949,192,0
instrument,True,1,334,40.62689,192,0
instrument,True,1,335,40.71685,192,0
instrument,True,1,336,40.851989,193,0
instrument,True,1,337,40.941579,194,0
instrument,True,1,338,41.07681,194,0
instrument,True,1,339,41.166842,195,0
instrument,True,1,340,41.24192,195,0
instrument,True,1,341,41.316435,196,0
instrument,True,1,342,41.421247,196,0
instrument,True,1,343,41.511346,197,0
instrument,True,1,344,41.586644,197,0
instrument,True,1,345,41.721083,198,0
instrument,True,1,346,41.811469,198,0
instrument,True,1,347,41.901576,199,0
instrument,True,1,348,42.036264,199,0
instrument,True,1,349,42.125893,200,0
instrument,True,1,350,42.201474,200,0
instrument,True,1,351,42.275651,201,0
instrument,True,1,352,42.380607,201,0
instrument,True,1,353,42.485629,202,0
instrument,True,1,354,42.590457,202,0
instrument,True,1,355,42.70304,203,0
instrument,True,1,356,42.845826,204,0
instrument,True,1,357,42.935976,204,0
instrument,True,1,358,43.010221,204,0
instrument,True,1,359,43.115179,205,0
instrument,True,1,360,43.205696,206,0
instrument,True,1,361,43.414991,207,0
instrument,True,1,362,43.549931,208,0
instrument,True,1,363,43.670706,208,0
instrument,True,1,364,43.789796,209,0
instrument,True,1,365,43.925293,210,0
instrument,True,1,366,44.135167,211,0
instrument,True,1,367,44.227658,211,0
instrument,True,1,368,44.330123,212,0
instrument,True,1,369,44.405017,212,0
instrument,True,1,370,44.480212,213,0
instrument,True,1,371,44.555032,213,0
instrument,True,1,372,44.674871,214,0
instrument,True,1,373,44.765246,214,0
instrument,True,1,374,44.869768,215,0
instrument,True,1,375,44.944844,215,0
instrument,True,1,376,45.06543,216,0
instrument,True,1,377,45.200087,217,0
instrument,True,1,378,45.274685,217,0
instrument,True,1,379,45.36448,217,0
instrument,True,1,380,45.469884,218,0
instrument,True,1,381,45.544859,219,0
instrument,True,1,382,45.619313,219,0
instrument,True,1,383,45.679312,219,0
instrument,True,1,384,45.844181,220,0
instrument,True,1,385,45.964181,221,0
instrument,True,1,386,46.087601,222,0
instrument,True,1,387,46.159036,222,2
instrument,True,1,388,46.762636,223,0
instrument,True,1,389,46.882185,225,0
instrument,True,1,390,46.953555,226,0
instrument,True,1,391,47.075037,227,0
instrument,True,1,392,47.208414,227,0
instrument,True,1,393,47.313374,228,0
instrument,True,1,394,47.449452,229,0
instrument,True,1,395,47.523428,229,0
instrument,True,1,396,47.598202,230,0
instrument,True,1,397,47.703263,230,0
instrument,True,1,398,47.868045,231,0
instrument,True,1,399,47.943335,232,0
instrument,True,1,400,48.017948,232,0
instrument,True,1,401,48.110357,232,0
instrument,True,1,402,48.228979,233,0
instrument,True,1,403,48.31796,234,0
instrument,True,1,404,48.452702,234,0
instrument,True,1,405,48.588163,235,0
instrument,True,1,406,48.693489,236,0
instrument,True,1,407,48.782669,236,0
instrument,True,1,408,48.862311,237,0
instrument,True,1,409,48.933468,237,0
instrument,True,1,410,49.022951,238,0
instrument,True,1,411,49.113307,238,0
instrument,True,1,412,49.207496,239,0
instrument,True,1,413,49.292794,239,0
instrument,True,1,414,49.402546,240,0
instrument,True,1,415,49.473509,240,0
instrument,True,1,416,49.593024,241,0
instrument,True,1,417,49.713069,241,0
instrument,True,1,418,49.787936,242,0
instrument,True,1,419,49.907607,242,0
instrument,True,1,420,49.99748,243,0
instrument,True,1,421,50.132811,243,0
instrument,True,1,422,50.207273,244,0
instrument,True,1,423,50.357251,245,0
instrument,True,1,424,50.477124,245,0
instrument,True,1,425,50.687454,246,0
instrument,True,1,426,50.822411,247,0
instrument,True,1,427,50.942409,248,0
instrument,True,1,428,51.121762,249,0
instrument,True,1,429,51.197008,249,0
instrument,True,1,430,51.332464,250,0
instrument,True,1,431,51.451723,251,0
instrument,True,1,432,51.587039,251,0
instrument,True,1,433,51.706478,252,0
instrument,True,1,434,51.826585,253,0
instrument,True,1,435,51.992318,254,0
instrument,True,1,436,52.066221,254,0
instrument,True,1,437,52.171787,254,0
instrument,True,1,438,52.261101,255,0
instrument,True,1,439,52.411193,256,0
instrument,True,1,440,52.501194,256,0
instrument,True,1,441,52.681041,257,0
instrument,True,1,442,52.7563,258,0
instrument,True,1,443,52.860935,258,0
instrument,True,1,444,52.936774,259,0
instrument,True,1,445,53.010665,259,0
instrument,True,1,446,53.161073,260,0
instrument,True,1,447,53.235564,260,0
instrument,True,1,448,53.355488,261,0
instrument,True,1,449,53.449666,262,0
instrument,True,1,450,53.595361,262,0
instrument,True,1,451,53.685841,263,0
instrument,True,1,452,53.760247,263,0
instrument,True,1,453,53.865394,264,0
instrument,True,1,454,53.954857,264,0
instrument,True,1,455,54.045665,265,0
instrument,True,1,456,54.134692,265,0
instrument,True,1,457,54.269638,266,0
instrument,True,1,458,54.450106,267,0
instrument,True,1,459,54.570039,267,0
instrument,True,1,460,54.719477,268,0
instrument,True,1,461,54.824315,269,0
instrument,True,1,462,54.916833,269,0
instrument,True,1,463,55.155561,271,0
instrument,True,1,464,55.259451,271,0
instrument,True,1,465,55.364321,272,0
instrument,True,1,466,55.469343,272,0
instrument,True,1,467,55.543903,273,0
instrument,True,1,468,55.663819,273,0
instrument,True,1,469,55.769057,274,0
instrument,True,1,470,55.903487,275,0
instrument,True,1,471,55.993544,275,0
instrument,True,1,472,56.188904,276,0
instrument,True,1,473,56.278562,277,0
instrument,True,1,474,56.338773,277,0
instrument,True,1,475,56.413715,278,0
instrument,True,1,476,56.503141,278,0
instrument,True,1,477,56.668066,279,0
instrument,True,1,478,56.818514,280,0
instrument,True,1,479,56.922898,280,0
instrument,True,1,480,57.027837,281,0
instrument,True,1,481,57.162883,282,0
instrument,True,1,482,57.267805,282,0
instrument,True,1,483,57.417625,283,0
instrument,True,1,484,57.538024,284,0
instrument,True,1,485,57.642629,284,0
instrument,True,1,486,57.793268,285,0
instrument,True,1,487,57.882388,286,0
instrument,True,1,488,57.972309,286,0
instrument,True,1,489,58.077236,286,0
instrument,True,1,490,58.182761,287,0
instrument,True,1,491,58.347117,288,0
instrument,True,1,492,58.46748,289,0
instrument,True,1,493,58.617041,289,0
instrument,True,1,494,58.751857,290,0
instrument,True,1,495,58.846067,291,0
instrument,True,1,496,58.932482,291,0
instrument,True,1,497,59.009825,292,0
instrument,True,1,498,59.112625,292,0
instrument,True,1,499,59.277184,293,0
instrument,True,1,500,59.352116,294,0
instrument,True,1,501,59.442007,294,0
instrument,True,1,502,59.579581,294,0
instrument,True,1,503,59.667146,295,0
instrument,True,1,504,59.741928,296,0
instrument,True,1,505,59.895636,297,0
instrument,True,1,506,60.01171,297,0
instrument,True,1,507,60.101633,297,0
instrument,True,1,508,60.176967,298,0
instrument,True,1,509,60.371478,299,0
instrument,True,1,510,60.451794,300,0
instrument,True,1,511,60.611349,300,0
instrument,True,1,512,60.77642,301,0
instrument,True,1,513,60.881786,302,0
instrument,True,1,514,61.016136,302,0
instrument,True,1,515,61.211015,303,0
instrument,True,1,516,61.301074,304,0
instrument,True,1,517,61.480947,305,0
instrument,True,1,518,61.575204,306,0
instrument,True,1,519,61.705763,306,0
instrument,True,1,520,61.825697,307,0
instrument,True,1,521,61.930611,307,0
instrument,True,1,522,61.99144,308,0
instrument,True,1,523,62.066023,308,0
instrument,True,1,524,62.185622,309,0
instrument,True,1,525,62.245564,309,0
instrument,True,1,526,62.320336,310,0
instrument,True,1,527,62.425399,310,0
instrument,True,1,528,62.500364,310,0
instrument,True,1,529,62.62023,311,0
instrument,True,1,530,62.785133,312,0
instrument,True,1,531,62.890576,313,0
instrument,True,1,532,63.039982,313,0
instrument,True,1,533,63.130066,314,0
instrument,True,1,534,63.234879,315,0
instrument,True,1,535,63.339917,315,0
instrument,True,1,536,63.430173,316,0
instrument,True,1,537,63.535147,316,0
instrument,True,1,538,63.669918,317,0
instrument,True,1,539,63.779796,318,0
instrument,True,1,540,63.940075,318,0
instrument,True,1,541,64.120206,319,5
instrument,True,1,542,65.154396,319,0
instrument,True,1,543,65.289503,321,0
instrument,True,1,544,65.379683,322,0
instrument,True,1,545,65.454736,324,0
instrument,True,1,546,65.514894,326,0
instrument,True,1,547,65.592407,327,0
instrument,True,1,548,65.664132,328,0
instrument,True,1,549,65.769683,328,0
instrument,True,1,550,65.874771,329,0
instrument,True,1,551,65.948947,329,0
instrument,True,1,552,66.05773,330,0
instrument,True,1,553,66.17387,330,0
instrument,True,1,554,66.24877,331,0
instrument,True,1,555,66.323951,331,0
instrument,True,1,556,66.399202,332,0
instrument,True,1,557,66.474083,332,0
instrument,True,1,558,66.548612,332,0
instrument,True,1,559,66.653539,333,0
instrument,True,1,560,66.773653,333,0
instrument,True,1,561,66.894758,334,0
instrument,True,1,562,66.968741,335,0
instrument,True,1,563,67.062183,335,0
instrument,True,1,564,67.148278,336,0
instrument,True,1,565,67.253206,336,0
instrument,True,1,566,67.359155,337,0
instrument,True,1,567,67.448726,337,0
instrument,True,1,568,67.568601,338,0
instrument,True,1,569,67.703405,339,0
instrument,True,1,570,67.837879,339,0
instrument,True,1,571,67.927831,340,0
instrument,True,1,572,68.122716,341,0
instrument,True,1,573,68.227651,342,0
instrument,True,1,574,68.302629,342,0
instrument,True,1,575,68.39264,342,0
instrument,True,1,576,68.542931,343,0
instrument,True,1,577,68.621322,344,0
instrument,True,1,578,68.757056,345,0
instrument,True,1,579,68.827403,345,0
instrument,True,1,580,68.951757,346,0
instrument,True,1,581,69.157729,347,0
instrument,True,1,582,69.263174,347,0
instrument,True,1,583,69.367695,348,0
instrument,True,1,584,69.473045,348,0
instrument,True,1,585,69.563402,349,0
instrument,True,1,586,69.667466,349,0
instrument,True,1,587,69.817556,350,0
instrument,True,1,588,69.909162,351,0
instrument,True,1,589,69.997835,351,0
instrument,True,1,590,70.147234,352,0
instrument,True,1,591,70.253163,353,0
instrument,True,1,592,70.342153,353,0
instrument,True,1,593,70.492035,354,0
instrument,True,1,594,70.551961,354,0
instrument,True,1,595,70.626901,355,0
instrument,True,1,596,70.732734,355,0
instrument,True,1,597,70.821771,355,0
instrument,True,1,598,70.956873,356,0
instrument,True,1,599,71.016913,357,0
instrument,True,1,600,71.152063,357,0
instrument,True,1,601,71.272022,358,0
instrument,True,1,602,71.361923,359,0
instrument,True,1,603,71.437153,359,0
instrument,True,1,604,71.571499,360,0
instrument,True,1,605,71.676471,360,0
instrument,True,1,606,71.827118,361,0
instrument,True,1,607,71.901812,362,0
instrument,True,1,608,72.00662,362,0
instrument,True,1,609,72.111051,362,0
instrument,True,1,610,72.231905,363,0
instrument,True,1,611,72.320944,364,0
instrument,True,1,612,72.485794,365,0
instrument,True,1,613,72.560777,365,0
instrument,True,1,614,72.71085,366,0
instrument,True,1,615,72.845641,366,0
instrument,True,1,616,72.995562,367,0
instrument,True,1,617,73.100751,368,0
instrument,True,1,618,73.175431,368,0
instrument,True,1,619,73.280511,369,0
instrument,True,1,620,73.359188,370,0
instrument,True,1,621,73.445758,370,0
instrument,True,1,622,73.536118,370,0
instrument,True,1,623,73.62569,371,0
instrument,True,1,624,73.745147,372,0
instrument,True,1,625,73.820329,372,0
instrument,True,1,626,73.89607,372,0
instrument,True,1,627,74.016384,373,0
instrument,True,1,628,74.1357,374,0
instrument,True,1,629,74.225828,374,0
instrument,True,1,630,74.300581,375,0
instrument,True,1,631,74.39033,375,0
instrument,True,1,632,74.525384,376,0
instrument,True,1,633,74.630362,376,0
instrument,True,1,634,74.735553,377,0
instrument,True,1,635,74.855214,377,0
instrument,True,1,636,74.974983,378,0
instrument,True,1,637,75.064957,379,0
instrument,True,1,638,75.185056,379,0
instrument,True,1,639,75.305193,380,0
instrument,True,1,640,75.441902,381,0
instrument,True,1,641,75.544675,381,0
instrument,True,1,642,75.649622,382,0
instrument,True,1,643,75.739598,382,0
instrument,True,1,644,75.829523,383,0
instrument,True,1,645,75.904485,383,0
instrument,True,1,646,76.069778,384,0
instrument,True,1,647,76.145032,385,0
instrument,True,1,648,76.324228,385,0
instrument,True,1,649,76.399475,386,0
instrument,True,1,650,76.474702,386,0
instrument,True,1,651,76.654623,387,0
instrument,True,1,652,76.744016,388,0
instrument,True,1,653,76.848974,388,0
instrument,True,1,654,76.909006,389,0
instrument,True,1,655,76.984182,389,0
instrument,True,1,656,77.119263,390,0
instrument,True,1,657,77.194168,390,0
instrument,True,1,658,77.271608,390,0
instrument,True,1,659,77.373639,390,0
instrument,True,1,660,77.463591,391,0
instrument,True,1,661,77.553676,392,0
instrument,True,1,662,77.614313,393,0
instrument,True,1,663,77.718459,393,0
instrument,True,1,664,77.838391,393,0
instrument,True,1,665,77.92862,394,0
instrument,True,1,666,78.003384,394,0
instrument,True,1,667,78.078568,395,0
instrument,True,1,668,78.170998,395,0
instrument,True,1,669,78.273723,396,0
instrument,True,1,670,78.393099,397,0
instrument,True,1,671,78.483017,397,0
instrument,True,1,672,78.573135,398,0
instrument,True,1,673,78.692914,398,0
instrument,True,1,674,78.768186,399,0
instrument,True,1,675,78.842814,399,0
instrument,True,1,676,78.964175,400,0
instrument,True,1,677,79.083845,400,0
instrument,True,1,678,79.158342,401,0
instrument,True,1,679,79.323646,402,0
instrument,True,1,680,79.413244,402,0
instrument,True,1,681,79.548232,403,0
instrument,True,1,682,79.638146,403,0
instrument,True,1,683,79.743023,404,0
instrument,True,1,684,79.818404,404,0
instrument,True,1,685,79.937964,405,0
instrument,True,1,686,80.015945,405,0
instrument,True,1,687,80.222903,406,0
instrument,True,1,688,80.297695,406,0
instrument,True,1,689,80.357681,407,0
instrument,True,1,690,80.417651,408,0
instrument,True,1,691,80.507583,408,0
instrument,True,1,692,80.702592,409,0
instrument,True,1,693,80.777955,410,0
instrument,True,1,694,80.852704,410,0
instrument,True,1,695,80.942394,410,0
instrument,True,1,696,81.017781,411,0
instrument,True,1,697,81.122225,411,0
instrument,True,1,698,81.212733,412,0
instrument,True,1,699,81.347536,413,0
instrument,True,1,700,81.43716,413,0
instrument,True,1,701,81.572677,414,0
instrument,True,1,702,81.691894,415,0
instrument,True,1,703,81.872201,416,0
instrument,True,1,704,81.976886,416,0
instrument,True,1,705,82.096741,417,0
instrument,True,1,706,82.17177,417,0
instrument,True,1,707,82.295969,418,0
instrument,True,1,708,82.382125,418,0
instrument,True,1,709,82.502129,419,0
instrument,True,1,710,82.60683,419,0
instrument,True,1,711,82.708333,420,0
instrument,True,1,712,82.846268,421,0
instrument,True,1,713,82.96618,421,0
instrument,True,1,714,83.041142,422,0
instrument,True,1,715,83.146071,423,0
instrument,True,1,716,83.236606,423,0
instrument,True,1,717,83.325972,423,0
instrument,True,1,718,83.400924,424,0
instrument,True,1,719,83.476242,424,0
instrument,True,1,720,83.596268,425,0
instrument,True,1,721,83.690173,426,0
instrument,True,1,722,83.760799,426,0
instrument,True,1,723,83.835653,426,0
instrument,True,1,724,83.956158,427,0
instrument,True,1,725,84.046422,427,0
instrument,True,1,726,84.166536,428,0
instrument,True,1,727,84.288395,428,0
instrument,True,1,728,84.376903,429,0
instrument,True,1,729,84.495882,430,0
instrument,True,1,730,84.570763,430,9
instrument,True,1,731,86.312165,432,0
instrument,True,1,732,86.460219,433,0
instrument,True,1,733,86.564725,434,0
instrument,True,1,734,86.6396,436,0
instrument,True,1,735,86.729607,437,0
instrument,True,1,736,86.834622,440,0
instrument,True,1,737,86.98445,443,2
instrument,True,1,738,87.494789,444,0
instrument,True,1,739,87.584093,445,0
instrument,True,1,740,87.689542,446,0
instrument,True,1,741,87.794252,448,0
instrument,True,1,742,87.884149,448,0
instrument,True,1,743,87.973971,449,0
instrument,True,1,744,88.12622,450,0
instrument,True,1,745,88.303899,450,0
instrument,True,1,746,88.393606,451,0
instrument,True,1,747,88.470167,451,0
instrument,True,1,748,88.528567,452,0
instrument,True,1,749,88.633502,452,0
instrument,True,1,750,88.708456,453,0
instrument,True,1,751,88.878225,454,0
instrument,True,1,752,88.978902,454,0
instrument,True,1,753,89.053956,454,0
instrument,True,1,754,89.14386,455,0
instrument,True,1,755,89.218754,455,0
instrument,True,1,756,89.354241,456,0
instrument,True,1,757,89.45862,457,0
instrument,True,1,758,89.623952,458,0
instrument,True,1,759,89.728476,458,0
instrument,True,1,760,89.84912,459,0
instrument,True,1,761,89.95334,459,0
instrument,True,1,762,90.058623,460,0
instrument,True,1,763,90.163213,460,0
instrument,True,1,764,90.25316,461,0
instrument,True,1,765,90.343149,461,0
instrument,True,1,766,90.44851,462,0
instrument,True,1,767,90.553445,463,0
instrument,True,1,768,90.643012,463,0
instrument,True,1,769,90.777864,464,0
instrument,True,1,770,90.897938,465,0
instrument,True,1,771,91.032713,465,0
instrument,True,1,772,91.138149,466,0
instrument,True,1,773,91.257862,466,0
instrument,True,1,774,91.377509,467,0
instrument,True,1,775,91.482483,467,0
instrument,True,1,776,91.572841,468,0
instrument,True,1,777,91.662855,469,0
instrument,True,1,778,91.722772,469,0
instrument,True,1,779,91.872475,470,0
instrument,True,1,780,91.992588,470,0
instrument,True,1,781,92.127306,471,0
instrument,True,1,782,92.232124,472,0
instrument,True,1,783,92.336991,472,0
instrument,True,1,784,92.456992,473,0
instrument,True,1,785,92.547041,474,0
instrument,True,1,786,92.666623,474,0
instrument,True,1,787,92.771431,475,0
instrument,True,1,788,92.876384,475,0
instrument,True,1,789,93.02626,476,0
instrument,True,1,790,93.176278,477,0
instrument,True,1,791,93.26614,477,0
instrument,True,1,792,93.371188,478,0
instrument,True,1,793,93.43142,478,0
instrument,True,1,794,93.506381,479,0
instrument,True,1,795,93.596352,479,0
instrument,True,1,796,93.701742,480,0
instrument,True,1,797,93.806208,480,0
instrument,True,1,798,93.912399,481,0
instrument,True,1,799,94.092461,482,0
instrument,True,1,800,94.152242,482,0
instrument,True,1,801,94.272199,483,0
instrument,True,1,802,94.422393,484,0
instrument,True,1,803,94.49838,484,0
instrument,True,1,804,94.602902,485,0
instrument,True,1,805,94.722796,485,0
instrument,True,1,806,94.843691,486,0
instrument,True,1,807,94.963979,487,0
instrument,True,1,808,95.053152,487,0
instrument,True,1,809,95.158031,488,0
instrument,True,1,810,95.247574,488,0
instrument,True,1,811,95.337456,489,0
instrument,True,1,812,95.487365,489,0
instrument,True,1,813,95.622884,490,0
instrument,True,1,814,95.712249,491,0
instrument,True,1,815,95.817527,491,0
instrument,True,1,816,95.922107,492,0
instrument,True,1,817,96.012066,492,0
instrument,True,1,818,96.102148,493,0
instrument,True,1,819,96.177325,493,0
instrument,True,1,820,96.282401,494,0
instrument,True,1,821,96.357349,494,0
instrument,True,1,822,96.431817,494,0
instrument,True,1,823,96.521774,495,0
instrument,True,1,824,96.616363,496,0
instrument,True,1,825,96.73184,496,0
instrument,True,1,826,96.866949,497,0
instrument,True,1,827,96.927076,497,0
instrument,True,1,828,97.031536,498,0
instrument,True,1,829,97.166974,498,0
instrument,True,1,830,97.256357,499,0
instrument,True,1,831,97.346293,499,0
instrument,True,1,832,97.451315,500,0
instrument,True,1,833,97.556165,501,0
instrument,True,1,834,97.721511,502,0
instrument,True,1,835,97.811097,502,0
instrument,True,1,836,97.886492,502,0
instrument,True,1,837,97.978188,503,0
instrument,True,1,838,98.0509,503,0
instrument,True,1,839,98.155851,504,0
instrument,True,1,840,98.275762,504,0
instrument,True,1,841,98.380716,505,0
instrument,True,1,842,98.456162,506,0
instrument,True,1,843,98.575975,506,0
instrument,True,1,844,98.680911,507,0
instrument,True,1,845,98.800512,507,0
instrument,True,1,846,98.892611,508,0
instrument,True,1,847,98.968435,508,0
instrument,True,1,848,99.056577,509,0
instrument,True,1,849,99.116468,509,0
instrument,True,1,850,99.23647,509,0
instrument,True,1,851,99.387046,511,0
instrument,True,1,852,99.476442,511,0
instrument,True,1,853,99.629692,512,0
instrument,True,1,854,99.791195,513,0
instrument,True,1,855,99.881774,513,5
instrument,True,1,856,101.05156,514,0
instrument,True,1,857,101.157088,516,0
instrument,True,1,858,101.279848,518,0
instrument,True,1,859,101.371118,520,0
instrument,True,1,860,101.471291,522,0
instrument,True,1,861,101.576637,522,0
instrument,True,1,862,101.651197,523,0
instrument,True,1,863,101.831857,524,0
instrument,True,1,864,101.953589,525,0
instrument,True,1,865,102.05596,525,0
instrument,True,1,866,102.149579,526,0
instrument,True,1,867,102.266056,526,0
instrument,True,1,868,102.34082,527,0
instrument,True,1,869,102.417567,527,0
instrument,True,1,870,102.509655,528,0
instrument,True,1,871,102.581176,528,0
instrument,True,1,872,102.715596,529,0
instrument,True,1,873,102.820739,529,0
instrument,True,1,874,102.970398,530,0
instrument,True,1,875,103.12036,531,0
instrument,True,1,876,103.319321,532,0
instrument,True,1,877,103.480285,533,0
instrument,True,1,878,103.55512,533,0
instrument,True,1,879,103.645083,534,0
instrument,True,1,880,103.720003,534,0
instrument,True,1,881,103.840082,535,0
instrument,True,1,882,103.960557,535,0
instrument,True,1,883,104.035939,536,0
instrument,True,1,884,104.110535,536,0
instrument,True,1,885,104.2012,537,0
instrument,True,1,886,104.395218,538,0
instrument,True,1,887,104.485631,538,0
instrument,True,1,888,104.575768,539,0
instrument,True,1,889,104.650057,539,0
instrument,True,1,890,104.785,540,0
instrument,True,1,891,104.924361,541,0
instrument,True,1,892,105.010036,541,0
instrument,True,1,893,105.130245,542,0
instrument,True,1,894,105.219694,542,0
instrument,True,1,895,105.384728,542,0
instrument,True,1,896,105.475337,544,0
instrument,True,1,897,105.549732,544,0
instrument,True,1,898,105.699634,545,0
instrument,True,1,899,105.75955,545,0
instrument,True,1,900,105.849413,546,0
instrument,True,1,901,105.939325,546,0
instrument,True,1,902,106.029279,547,0
instrument,True,1,903,106.119322,547,0
instrument,True,1,904,106.254163,548,0
instrument,True,1,905,106.347026,548,0
instrument,True,1,906,106.420099,549,0
instrument,True,1,907,106.524007,549,0
instrument,True,1,908,106.613945,549,0
instrument,True,1,909,106.71898,550,0
instrument,True,1,910,106.868806,551,0
instrument,True,1,911,106.973849,552,0
instrument,True,1,912,107.108662,552,0
instrument,True,1,913,107.183734,553,0
instrument,True,1,914,107.259035,553,0
instrument,True,1,915,107.349546,554,0
instrument,True,1,916,107.468479,554,0
instrument,True,1,917,107.548724,555,0
instrument,True,1,918,107.71165,555,0
instrument,True,1,919,107.813869,556,0
instrument,True,1,920,107.903217,557,0
instrument,True,1,921,107.993654,557,0
instrument,True,1,922,108.083131,558,0
instrument,True,1,923,108.173102,558,0
instrument,True,1,924,108.279854,559,0
instrument,True,1,925,108.397939,559,0
instrument,True,1,926,108.472881,560,0
instrument,True,1,927,108.595848,560,0
instrument,True,1,928,108.683894,561,0
instrument,True,1,929,108.757779,561,0
instrument,True,1,930,108.863282,562,0
instrument,True,1,931,108.941163,562,0
instrument,True,1,932,109.043695,563,0
instrument,True,1,933,109.121072,563,0
instrument,True,1,934,109.238447,564,0
instrument,True,1,935,109.373851,565,0
instrument,True,1,936,109.477928,565,0
instrument,True,1,937,109.537884,566,0
instrument,True,1,938,109.628092,566,0
instrument,True,1,939,109.748521,567,0
instrument,True,1,940,109.912711,568,0
instrument,True,1,941,109.987772,568,0
instrument,True,1,942,110.10756,569,0
instrument,True,1,943,110.182664,569,0
instrument,True,1,944,110.272852,570,0
instrument,True,1,945,110.37753,570,0
instrument,True,1,946,110.512323,571,0
instrument,True,1,947,110.587303,571,0
instrument,True,1,948,110.73724,572,0
instrument,True,1,949,110.830957,573,0
instrument,True,1,950,110.965289,573,0
instrument,True,1,951,111.112098,574,0
instrument,True,1,952,111.18702,574,0
instrument,True,1,953,111.366849,574,0
instrument,True,1,954,111.44602,576,0
instrument,True,1,955,111.531856,576,1
instrument,True,1,956,111.846608,576,0
instrument,True,1,957,111.936707,578,0
instrument,True,1,958,111.996615,579,0
instrument,True,1,959,112.086423,579,0
instrument,True,1,960,112.191376,580,0
instrument,True,1,961,112.285798,581,0
instrument,True,1,962,112.416275,581,0
instrument,True,1,963,112.540126,582,0
instrument,True,1,964,112.611152,582,0
instrument,True,1,965,112.671132,583,0
instrument,True,1,966,112.746613,583,0
instrument,True,1,967,112.850993,584,0
instrument,True,1,968,112.971022,584,0
instrument,True,1,969,113.090957,585,0
instrument,True,1,970,113.165837,585,0
instrument,True,1,971,113.376062,586,0
instrument,True,1,972,113.511561,587,0
instrument,True,1,973,113.661303,588,0
instrument,True,1,974,113.750489,589,0
instrument,True,1,975,113.871497,589,0
instrument,True,1,976,113.960965,589,0
instrument,True,1,977,114.096314,589,0
instrument,True,1,978,114.185821,589,0
instrument,True,1,979,114.308664,591,0
instrument,True,1,980,114.410718,592,0
instrument,True,1,981,114.516132,593,0
instrument,True,1,982,114.665588,593,0
instrument,True,1,983,114.756856,594,0
instrument,True,1,984,114.830485,594,0
instrument,True,1,985,114.890444,595,0
instrument,True,1,986,115.085326,596,0
instrument,True,1,987,115.235253,596,0
instrument,True,1,988,115.400145,597,0
instrument,True,1,989,115.520078,598,0
instrument,True,1,990,115.610052,599,0
instrument,True,1,991,115.730424,599,0
instrument,True,1,992,115.879888,600,0
instrument,True,1,993,116.004163,601,0
instrument,True,1,994,116.104849,601,0
instrument,True,1,995,116.269653,602,0
instrument,True,1,996,116.332284,602,0
instrument,True,1,997,116.404594,603,0
instrument,True,1,998,116.479672,603,0
instrument,True,1,999,116.554515,604,0
instrument,True,1,1000,116.674513,604,0
instrument,True,1,1001,116.794393,605,0
instrument,True,1,1002,116.888315,606,0
instrument,True,1,1003,117.004302,606,0
instrument,True,1,1004,117.110108,607,0
instrument,True,1,1005,117.304064,608,0
instrument,True,1,1006,117.423994,608,0
instrument,True,1,1007,117.529373,609,0
instrument,True,1,1008,117.636486,609,0
instrument,True,1,1009,117.783798,610,0
instrument,True,1,1010,117.888761,610,0
instrument,True,1,1011,118.053627,612,0
instrument,True,1,1012,118.188545,613,0
instrument,True,1,1013,118.293964,613,0
instrument,True,1,1014,118.398939,614,0
instrument,True,1,1015,118.473811,614,0
instrument,True,1,1016,118.579232,615,0
instrument,True,1,1017,118.72935,616,0
instrument,True,1,1018,118.818261,616,0
instrument,True,1,1019,118.878773,616,0
instrument,True,1,1020,118.983847,617,0
instrument,True,1,1021,119.103633,618,0
instrument,True,1,1022,119.238563,618,0
instrument,True,1,1023,119.34349,619,0
instrument,True,1,1024,119.527276,620,0
instrument,True,1,1025,119.645046,620,0
instrument,True,1,1026,119.733278,621,0
instrument,True,1,1027,119.80921,621,0
instrument,True,1,1028,120.006974,623,0
instrument,True,1,1029,120.093065,623,0
instrument,True,1,1030,120.213435,623,0
instrument,True,1,1031,120.333515,624,0
instrument,True,1,1032,120.423679,625,0
instrument,True,1,1033,120.528421,625,0
instrument,True,1,1034,120.61858,626,0
instrument,True,1,1035,120.72288,626,0
instrument,True,1,1036,120.813064,627,0
instrument,True,1,1037,120.902837,627,0
instrument,True,1,1038,121.008212,628,0
instrument,True,1,1039,121.082629,628,0
instrument,True,1,1040,121.202857,629,0
instrument,True,1,1041,121.27739,629,0
instrument,True,1,1042,121.367357,630,0
instrument,True,1,1043,121.547233,630,0
instrument,True,1,1044,121.682192,631,0
instrument,True,1,1045,121.773052,632,0
instrument,True,1,1046,121.877603,632,0
instrument,True,1,1047,121.952288,633,0
instrument,True,1,1048,122.04243,633,0
instrument,True,1,1049,122.146902,634,0
instrument,True,1,1050,122.267073,634,0
instrument,True,1,1051,122.372598,635,0
instrument,True,1,1052,122.492372,636,0
instrument,True,1,1053,122.657062,637,0
instrument,True,1,1054,122.732066,637,0
instrument,True,1,1055,122.82211,638,0
instrument,True,1,1056,122.91159,638,0
instrument,True,1,1057,123.047178,639,0
instrument,True,1,1058,123.121342,639,0
instrument,True,1,1059,123.271259,640,0
instrument,True,1,1060,123.376234,640,0
instrument,True,1,1061,123.481397,641,0
instrument,True,1,1062,123.661055,642,0
instrument,True,1,1063,123.810972,643,0
instrument,True,1,1064,123.931556,644,0
instrument,True,1,1065,124.037274,644,0
instrument,True,1,1066,124.157653,645,0
instrument,True,1,1067,124.246303,645,0
instrument,True,1,1068,124.426357,646,0
instrument,True,1,1069,124.516151,647,0
instrument,True,1,1070,124.591601,647,0
instrument,True,1,1071,124.696424,648,0
instrument,True,1,1072,124.785992,648,0
instrument,True,1,1073,124.921591,649,0
instrument,True,1,1074,125.025849,649,0
instrument,True,1,1075,125.086527,650,0
instrument,True,1,1076,125.190946,651,0
instrument,True,1,1077,125.28081,651,0
instrument,True,1,1078,125.373277,651,0
instrument,True,1,1079,125.475604,652,0
instrument,True,1,1080,125.565544,652,0
instrument,True,1,1081,125.685458,653,0
instrument,True,1,1082,125.807218,654,0
instrument,True,1,1083,125.940336,655,0
instrument,True,1,1084,126.015765,655,0
instrument,True,1,1085,126.165191,655,0
instrument,True,1,1086,126.240219,656,0
instrument,True,1,1087,126.330109,656,0
instrument,True,1,1088,126.405444,657,0
instrument,True,1,1089,126.480018,657,0
instrument,True,1,1090,126.585104,658,0
instrument,True,1,1091,126.705255,659,0
instrument,True,1,1092,126.824874,659,0
instrument,True,1,1093,126.915265,660,0
instrument,True,1,1094,126.989823,660,6
instrument,True,1,1095,128.491176,661,0
instrument,True,1,1096,128.598376,662,0
instrument,True,1,1097,128.69873,663,0
instrument,True,1,1098,128.788726,664,0
instrument,True,1,1099,128.879348,665,0
instrument,True,1,1100,128.969701,666,0
instrument,True,1,1101,129.089113,667,0
instrument,True,1,1102,129.181076,669,0
instrument,True,1,1103,129.271749,673,0
instrument,True,1,1104,129.389458,673,0
instrument,True,1,1105,129.480099,674,0
instrument,True,1,1106,129.568859,674,0
instrument,True,1,1107,129.703742,675,0
instrument,True,1,1108,129.823922,676,0
instrument,True,1,1109,129.944072,676,0
instrument,True,1,1110,130.078566,677,0
instrument,True,1,1111,130.153516,677,0
instrument,True,1,1112,130.258697,678,0
instrument,True,1,1113,130.378487,679,0
instrument,True,1,1114,130.573312,680,0
instrument,True,1,1115,130.678337,680,0
instrument,True,1,1116,130.768776,681,0
instrument,True,1,1117,130.858295,681,0
instrument,True,1,1118,130.933089,682,0
instrument,True,1,1119,131.053162,682,0
instrument,True,1,1120,131.142976,683,0
instrument,True,1,1121,131.203525,683,0
instrument,True,1,1122,131.277892,684,0
instrument,True,1,1123,131.397821,684,0
instrument,True,1,1124,131.487897,685,0
instrument,True,1,1125,131.592918,685,0
instrument,True,1,1126,131.697665,686,0
instrument,True,1,1127,131.787639,686,0
instrument,True,1,1128,131.997489,688,0
instrument,True,1,1129,132.087498,688,0
instrument,True,1,1130,132.165264,688,0
instrument,True,1,1131,132.297307,689,0
instrument,True,1,1132,132.402239,689,0
instrument,True,1,1133,132.56751,690,1
instrument,True,1,1134,133.017219,691,0
instrument,True,1,1135,133.07684,692,0
instrument,True,1,1136,133.211773,694,0
instrument,True,1,1137,133.376705,695,0
instrument,True,1,1138,133.451655,695,0
instrument,True,1,1139,133.572067,696,0
instrument,True,1,1140,133.691502,697,0
instrument,True,1,1141,133.781469,697,0
instrument,True,1,1142,133.872073,698,0
instrument,True,1,1143,133.961922,698,0
instrument,True,1,1144,134.081899,699,0
instrument,True,1,1145,134.174393,699,0
instrument,True,1,1146,134.292294,700,0
instrument,True,1,1147,134.397188,700,0
instrument,True,1,1148,134.5021,701,0
instrument,True,1,1149,134.595892,702,0
instrument,True,1,1150,134.681529,702,0
instrument,True,1,1151,134.801537,702,0
instrument,True,1,1152,134.876887,703,0
instrument,True,1,1153,134.981649,704,0
instrument,True,1,1154,135.086848,704,0
instrument,True,1,1155,135.251331,705,0
instrument,True,1,1156,135.326181,706,0
instrument,True,1,1157,135.476184,706,0
instrument,True,1,1158,135.551054,707,0
instrument,True,1,1159,135.670994,707,0
instrument,True,1,1160,135.80614,708,0
instrument,True,1,1161,135.885391,709,0
instrument,True,1,1162,135.986248,709,0
instrument,True,1,1163,136.061212,709,0
instrument,True,1,1164,136.150726,710,0
instrument,True,1,1165,136.286178,711,0
instrument,True,1,1166,136.405568,711,0
instrument,True,1,1167,136.525492,712,0
instrument,True,1,1168,136.615453,713,0
instrument,True,1,1169,136.735372,713,0
instrument,True,1,1170,136.856025,714,0
instrument,True,1,1171,136.960752,714,0
instrument,True,1,1172,137.065656,715,0
instrument,True,1,1173,137.20024,716,0
instrument,True,1,1174,137.275778,716,0
instrument,True,1,1175,137.515025,717,0
instrument,True,1,1176,137.590583,718,0
instrument,True,1,1177,137.680304,718,0
instrument,True,1,1178,137.769798,719,0
instrument,True,1,1179,137.845254,719,0
instrument,True,1,1180,138.010094,720,0
instrument,True,1,1181,138.08461,720,0
instrument,True,1,1182,138.174544,721,0
instrument,True,1,1183,138.294688,722,0
instrument,True,1,1184,138.370012,722,0
instrument,True,1,1185,138.489389,723,0
instrument,True,1,1186,138.56457,723,0
instrument,True,1,1187,138.684255,724,0
instrument,True,1,1188,138.780504,724,0
instrument,True,1,1189,138.834659,725,0
instrument,True,1,1190,138.939702,725,0
instrument,True,1,1191,139.0301,725,0
instrument,True,1,1192,139.179652,726,0
instrument,True,1,1193,139.300013,727,0
instrument,True,1,1194,139.404559,727,0
instrument,True,1,1195,139.479823,727,0
instrument,True,1,1196,139.569344,729,0
instrument,True,1,1197,139.704259,729,0
instrument,True,1,1198,139.899258,730,0
instrument,True,1,1199,140.004109,731,0
instrument,True,1,1200,140.109479,731,0
instrument,True,1,1201,140.213988,732,0
instrument,True,1,1202,140.333905,732,0
instrument,True,1,1203,140.408968,733,0
instrument,True,1,1204,140.5593,734,0
instrument,True,1,1205,140.63416,734,0
instrument,True,1,1206,140.769415,735,0
instrument,True,1,1207,140.863093,736,0
instrument,True,1,1208,140.96396,736,0
instrument,True,1,1209,141.098875,737,0
instrument,True,1,1210,141.218399,737,0
instrument,True,1,1211,141.324306,738,0
instrument,True,1,1212,141.398485,739,0
instrument,True,1,1213,141.503228,739,0
instrument,True,1,1214,141.623162,740,0
instrument,True,1,1215,141.728545,740,0
instrument,True,1,1216,141.819253,741,0
instrument,True,1,1217,141.908493,741,0
instrument,True,1,1218,142.01374,742,0
instrument,True,1,1219,142.088387,742,0
instrument,True,1,1220,142.222975,743,0
instrument,True,1,1221,142.297779,743,0
instrument,True,1,1222,142.38824,743,0
instrument,True,1,1223,142.508162,744,0
instrument,True,1,1224,142.613447,744,0
instrument,True,1,1225,142.687742,745,0
instrument,True,1,1226,142.808184,746,0
instrument,True,1,1227,142.927592,747,0
instrument,True,1,1228,143.002887,747,0
instrument,True,1,1229,143.122862,748,0
instrument,True,1,1230,143.212257,748,0
instrument,True,1,1231,143.287215,748,0
instrument,True,1,1232,143.425977,750,0
instrument,True,1,1233,143.512086,750,0
instrument,True,1,1234,143.602482,750,0
instrument,True,1,1235,143.752493,751,0
instrument,True,1,1236,143.873571,752,0
instrument,True,1,1237,143.948033,752,0
instrument,True,1,1238,144.022736,753,0
instrument,True,1,1239,144.14272,753,0
instrument,True,1,1240,144.27776,754,0
instrument,True,1,1241,144.38275,754,0
instrument,True,1,1242,144.521658,756,0
instrument,True,1,1243,144.60759,756,0
instrument,True,1,1244,144.77329,757,0
instrument,True,1,1245,144.892591,757,0
instrument,True,1,1246,144.981838,758,0
instrument,True,1,1247,145.102301,758,0
instrument,True,1,1248,145.19224,759,0
instrument,True,1,1249,145.281675,760,0
instrument,True,1,1250,145.386963,760,0
instrument,True,1,1251,145.461786,760,0
instrument,True,1,1252,145.537094,761,0
instrument,True,1,1253,145.627256,761,0
instrument,True,1,1254,145.731627,762,0
instrument,True,1,1255,145.836358,762,0
instrument,True,1,1256,145.956288,763,0
instrument,True,1,1257,146.091221,764,0
instrument,True,1,1258,146.167547,764,0
instrument,True,1,1259,146.226244,765,0
instrument,True,1,1260,146.301478,765,0
instrument,True,1,1261,146.436064,766,0
instrument,True,1,1262,146.511061,766,0
instrument,True,1,1263,146.600921,767,0
instrument,True,1,1264,146.810746,767,5
instrument,True,1,1265,147.710242,768,0
instrument,True,1,1266,147.862536,772,0
instrument,True,1,1267,147.96581,774,0
instrument,True,1,1268,148.075032,775,0
instrument,True,1,1269,148.190013,775,0
instrument,True,1,1270,148.354907,776,0
instrument,True,1,1271,148.447972,776,0
instrument,True,1,1272,148.535362,777,0
instrument,True,1,1273,148.654758,778,0
instrument,True,1,1274,148.729758,778,0
instrument,True,1,1275,148.849764,779,0
instrument,True,1,1276,148.91055,779,0
instrument,True,1,1277,148.986363,780,0
instrument,True,1,1278,149.105735,780,0
instrument,True,1,1279,149.19578,781,0
instrument,True,1,1280,149.285143,781,0
instrument,True,1,1281,149.405328,782,0
instrument,True,1,1282,149.539822,783,0
instrument,True,1,1283,149.644783,783,0
instrument,True,1,1284,149.739657,784,0
instrument,True,1,1285,149.810413,784,0
instrument,True,1,1286,149.900093,784,0
instrument,True,1,1287,150.079707,785,0
instrument,True,1,1288,150.214514,786,0
instrument,True,1,1289,150.289395,786,0
instrument,True,1,1290,150.394353,787,0
instrument,True,1,1291,150.469352,788,0
instrument,True,1,1292,150.574278,788,0
instrument,True,1,1293,150.694145,789,0
instrument,True,1,1294,150.769208,789,0
instrument,True,1,1295,150.844063,790,0
instrument,True,1,1296,150.964004,790,0
instrument,True,1,1297,151.08393,791,0
instrument,True,1,1298,151.339118,792,0
instrument,True,1,1299,151.414255,793,0
instrument,True,1,1300,151.519227,793,0
instrument,True,1,1301,151.623642,794,0
instrument,True,1,1302,151.698579,794,0
instrument,True,1,1303,151.758566,795,0
instrument,True,1,1304,151.84868,795,0
instrument,True,1,1305,151.95602,795,0
instrument,True,1,1306,152.043404,796,0
instrument,True,1,1307,152.134157,797,0
instrument,True,1,1308,152.223283,797,0
instrument,True,1,1309,152.328724,798,0
instrument,True,1,1310,152.403139,798,0
instrument,True,1,1311,152.538606,799,0
instrument,True,1,1312,152.643527,799,0
instrument,True,1,1313,152.733825,800,0
instrument,True,1,1314,152.82574,800,0
instrument,True,1,1315,152.913505,801,0
instrument,True,1,1316,153.002804,801,0
instrument,True,1,1317,153.09291,802,0
instrument,True,1,1318,153.242737,802,0
instrument,True,1,1319,153.3926,803,0
instrument,True,1,1320,153.527538,804,0
instrument,True,1,1321,153.647879,805,0
instrument,True,1,1322,153.782414,805,0
instrument,True,1,1323,154.007376,807,0
instrument,True,1,1324,154.13217,808,0
instrument,True,1,1325,154.217834,808,0
instrument,True,1,1326,154.382589,809,0
instrument,True,1,1327,154.532092,810,0
instrument,True,1,1328,154.622071,810,0
instrument,True,1,1329,154.741965,810,0
instrument,True,1,1330,154.81739,811,0
instrument,True,1,1331,154.936859,812,0
instrument,True,1,1332,155.026914,812,0
instrument,True,1,1333,155.161698,813,0
instrument,True,1,1334,155.311768,814,0
instrument,True,1,1335,155.38672,814,0
instrument,True,1,1336,155.506537,815,1
instrument,True,1,1337,155.926274,816,0
instrument,True,1,1338,156.001234,817,0
instrument,True,1,1339,156.076735,818,0
instrument,True,1,1340,156.24113,819,0
instrument,True,1,1341,156.361472,819,0
instrument,True,1,1342,156.436095,820,0
instrument,True,1,1343,156.543645,820,0
instrument,True,1,1344,156.631455,821,0
instrument,True,1,1345,156.780922,822,0
instrument,True,1,1346,156.855778,822,0
instrument,True,1,1347,156.945877,823,0
instrument,True,1,1348,157.050665,823,0
instrument,True,1,1349,157.126141,823,0
instrument,True,1,1350,157.215572,824,0
instrument,True,1,1351,157.305518,824,0
instrument,True,1,1352,157.410558,825,0
instrument,True,1,1353,157.515389,826,0
instrument,True,1,1354,157.620347,826,0
instrument,True,1,1355,157.725716,827,0
instrument,True,1,1356,157.802787,827,0
instrument,True,1,1357,157.905727,828,0
instrument,True,1,1358,157.995125,828,0
instrument,True,1,1359,158.086998,829,0
instrument,True,1,1360,158.175026,830,0
instrument,True,1,1361,158.295478,830,0
instrument,True,1,1362,158.444888,830,0
instrument,True,1,1363,158.519976,831,0
instrument,True,1,1364,158.715275,832,0
instrument,True,1,1365,158.865812,833,0
instrument,True,1,1366,159.029727,834,0
instrument,True,1,1367,159.152251,834,0
instrument,True,1,1368,159.239743,835,0
instrument,True,1,1369,159.345253,836,0
instrument,True,1,1370,159.434544,836,0
instrument,True,1,1371,159.524481,837,0
instrument,True,1,1372,159.599605,837,0
instrument,True,1,1373,159.734889,838,0
instrument,True,1,1374,159.839307,838,0
instrument,True,1,1375,159.92941,839,0
instrument,True,1,1376,160.019418,840,0
instrument,True,1,1377,160.124088,840,0
instrument,True,1,1378,160.275038,841,0
instrument,True,1,1379,160.334321,841,0
instrument,True,1,1380,160.408938,841,0
instrument,True,1,1381,160.513937,842,0
instrument,True,1,1382,160.604317,843,0
instrument,True,1,1383,160.694182,843,0
instrument,True,1,1384,160.817665,844,0
instrument,True,1,1385,160.934262,844,0
instrument,True,1,1386,161.09961,845,0
instrument,True,1,1387,161.204523,846,0
instrument,True,1,1388,161.294026,846,0
instrument,True,1,1389,161.383987,846,0
instrument,True,1,1390,161.522151,847,0
instrument,True,1,1391,161.608865,848,0
instrument,True,1,1392,161.683798,848,0
instrument,True,1,1393,161.774206,849,0
instrument,True,1,1394,161.863715,849,0
instrument,True,1,1395,161.99867,850,0
instrument,True,1,1396,162.103604,851,0
instrument,True,1,1397,162.194406,851,0
instrument,True,1,1398,162.31349,852,0
instrument,True,1,1399,162.403492,852,0
instrument,True,1,1400,162.523492,853,0
instrument,True,1,1401,162.616748,853,0
instrument,True,1,1402,162.733727,854,0
instrument,True,1,1403,162.81258,855,0
instrument,True,1,1404,162.943203,855,0
instrument,True,1,1405,163.033066,855,0
instrument,True,1,1406,163.108693,856,0
instrument,True,1,1407,163.168024,856,0
instrument,True,1,1408,163.273078,857,0
instrument,True,1,1409,163.37786,857,0
instrument,True,1,1410,163.497794,858,0
instrument,True,1,1411,163.572868,859,0
instrument,True,1,1412,163.677906,859,0
instrument,True,1,1413,163.813483,860,0
instrument,True,1,1414,163.907986,861,0
instrument,True,1,1415,164.038107,861,0
instrument,True,1,1416,164.203558,862,0
instrument,True,1,1417,164.307935,862,0
instrument,True,1,1418,164.38292,863,0
instrument,True,1,1419,164.473439,864,0
instrument,True,1,1420,164.57797,864,0
instrument,True,1,1421,164.667832,865,0
instrument,True,1,1422,164.817636,865,0
instrument,True,1,1423,164.907596,866,0
instrument,True,1,1424,165.042562,866,0
instrument,True,1,1425,165.192462,867,0
instrument,True,1,1426,165.267391,868,0
instrument,True,1,1427,165.342763,868,0
instrument,True,1,1428,165.477668,869,0
instrument,True,1,1429,165.597314,870,0
instrument,True,1,1430,165.702115,870,0
instrument,True,1,1431,165.852112,871,0
instrument,True,1,1432,165.958594,872,0
instrument,True,1,1433,166.062417,872,0
instrument,True,1,1434,166.151888,873,0
instrument,True,1,1435,166.289819,873,0
instrument,True,1,1436,166.436722,874,0
instrument,True,1,1437,166.601643,875,0
instrument,True,1,1438,166.677407,875,0
instrument,True,1,1439,166.766542,876,0
instrument,True,1,1440,166.871871,877,0
instrument,True,1,1441,167.006391,877,0
instrument,True,1,1442,167.201351,878,0
instrument,True,1,1443,167.276441,879,0
instrument,True,1,1444,167.336219,879,0
instrument,True,1,1445,167.412108,880,0
instrument,True,1,1446,167.516599,880,0
instrument,True,1,1447,167.636069,881,0
instrument,True,1,1448,167.800937,881,0
instrument,True,1,1449,167.890968,882,0
instrument,True,1,1450,168.040822,883,0
instrument,True,1,1451,168.130927,883,0
instrument,True,1,1452,168.221103,884,0
instrument,True,1,1453,168.341637,885,0
instrument,True,1,1454,168.491088,885,0
instrument,True,1,1455,168.580498,886,0
instrument,True,1,1456,168.685928,886,0
instrument,True,1,1457,168.760393,886,0
instrument,True,1,1458,168.911477,888,0
instrument,True,1,1459,168.985832,888,0
instrument,True,1,1460,169.090744,888,0
instrument,True,1,1461,169.226024,889,0
instrument,True,1,1462,169.301324,890,0
instrument,True,1,1463,169.360631,890,0
instrument,True,1,1464,169.436859,891,0
instrument,True,1,1465,169.660708,892,0
instrument,True,1,1466,169.75044,892,0
instrument,True,1,1467,169.870285,893,4
instrument,True,1,1468,170.894417,895,0
instrument,True,1,1469,170.949744,896,0
instrument,True,1,1470,171.039745,897,0
instrument,True,1,1471,171.144658,898,0
instrument,True,1,1472,171.219637,900,0
instrument,True,1,1473,171.280393,901,0
instrument,True,1,1474,171.369528,901,0
instrument,True,1,1475,171.48987,901,0
instrument,True,1,1476,171.609362,902,0
instrument,True,1,1477,171.759259,903,0
instrument,True,1,1478,171.879654,904,0
instrument,True,1,1479,171.969182,904,0
instrument,True,1,1480,172.134363,905,0
instrument,True,1,1481,172.239183,906,0
instrument,True,1,1482,172.32951,906,0
instrument,True,1,1483,172.434442,906,0
instrument,True,1,1484,172.583796,907,0
instrument,True,1,1485,172.67462,908,0
instrument,True,1,1486,172.779274,909,0
instrument,True,1,1487,172.883961,909,0
instrument,True,1,1488,173.067646,910,0
instrument,True,1,1489,173.138861,910,0
instrument,True,1,1490,173.198529,911,0
instrument,True,1,1491,173.288918,911,0
instrument,True,1,1492,173.378338,912,0
instrument,True,1,1493,173.487147,913,0
instrument,True,1,1494,173.573227,913,0
instrument,True,1,1495,173.678582,914,0
instrument,True,1,1496,173.859089,914,0
instrument,True,1,1497,173.933614,915,0
instrument,True,1,1498,174.008789,915,0
instrument,True,1,1499,174.084164,916,0
instrument,True,1,1500,174.188474,916,0
instrument,True,1,1501,174.308462,917,0
instrument,True,1,1502,174.383368,917,0
instrument,True,1,1503,174.504481,918,0
instrument,True,1,1504,174.593758,918,0
instrument,True,1,1505,174.668235,919,0
instrument,True,1,1506,174.788131,919,0
instrument,True,1,1507,174.908071,920,0
instrument,True,1,1508,174.998127,921,0
instrument,True,1,1509,175.072973,921,0
instrument,True,1,1510,175.177902,922,0
instrument,True,1,1511,175.315413,922,0
instrument,True,1,1512,175.402964,923,0
instrument,True,1,1513,175.477748,923,0
instrument,True,1,1514,175.568784,924,0
instrument,True,1,1515,175.657642,924,0
instrument,True,1,1516,175.792772,925,0
instrument,True,1,1517,175.886809,926,0
instrument,True,1,1518,175.943182,926,0
instrument,True,1,1519,176.032417,926,0
instrument,True,1,1520,176.15318,927,0
instrument,True,1,1521,176.227857,927,0
instrument,True,1,1522,176.31723,928,0
instrument,True,1,1523,176.392229,928,0
instrument,True,1,1524,176.467219,929,0
instrument,True,1,1525,176.557125,929,0
instrument,True,1,1526,176.662081,930,0
instrument,True,1,1527,176.797405,930,0
instrument,True,1,1528,176.886946,930,0
instrument,True,1,1529,177.010128,932,0
instrument,True,1,1530,177.156765,932,0
instrument,True,1,1531,177.306697,933,0
instrument,True,1,1532,177.381752,933,0
instrument,True,1,1533,177.516578,934,0
instrument,True,1,1534,177.681907,935,0
instrument,True,1,1535,177.786415,935,0
instrument,True,1,1536,177.861348,936,0
instrument,True,1,1537,178.147163,938,1
instrument,True,1,1538,178.585669,939,0
instrument,True,1,1539,178.672136,941,0
instrument,True,1,1540,178.761673,941,0
instrument,True,1,1541,178.851413,942,0
instrument,True,1,1542,178.925467,942,0
instrument,True,1,1543,178.985892,942,0
instrument,True,1,1544,179.105375,943,0
instrument,True,1,1545,179.210385,943,0
instrument,True,1,1546,179.285365,944,0
instrument,True,1,1547,179.390704,944,0
instrument,True,1,1548,179.480174,945,0
instrument,True,1,1549,179.570105,945,0
instrument,True,1,1550,179.690068,945,0
instrument,True,1,1551,179.809984,946,0
instrument,True,1,1552,179.919027,947,0
instrument,True,1,1553,180.019941,948,0
instrument,True,1,1554,180.094831,948,0
instrument,True,1,1555,180.185257,949,0
instrument,True,1,1556,180.304685,949,0
instrument,True,1,1557,180.364709,950,0
instrument,True,1,1558,180.454618,950,0
instrument,True,1,1559,180.529649,951,0
instrument,True,1,1560,180.619914,951,0
instrument,True,1,1561,180.739467,952,0
instrument,True,1,1562,180.814455,952,0
instrument,True,1,1563,180.935631,953,0
instrument,True,1,1564,181.009263,953,0
instrument,True,1,1565,181.129215,954,0
instrument,True,1,1566,181.234179,955,0
instrument,True,1,1567,181.30919,955,0
instrument,True,1,1568,181.414477,955,0
instrument,True,1,1569,181.47455,956,0
instrument,True,1,1570,181.654371,957,0
instrument,True,1,1571,181.729336,957,0
instrument,True,1,1572,181.848828,957,0
instrument,True,1,1573,181.924386,958,0
instrument,True,1,1574,182.029351,959,0
instrument,True,1,1575,182.134281,959,0
instrument,True,1,1576,182.269866,960,0
instrument,True,1,1577,182.358695,960,0
instrument,True,1,1578,182.493522,961,0
instrument,True,1,1579,182.569322,962,0
instrument,True,1,1580,182.673351,962,0
instrument,True,1,1581,182.80875,963,0
instrument,True,1,1582,182.898214,963,0
instrument,True,1,1583,182.988649,964,0
instrument,True,1,1584,183.093874,965,0
instrument,True,1,1585,183.228044,965,0
instrument,True,1,1586,183.303477,965,0
instrument,True,1,1587,183.437917,966,0
instrument,True,1,1588,183.498417,967,0
instrument,True,1,1589,183.605258,967,0
instrument,True,1,1590,183.708167,968,0
instrument,True,1,1591,183.782915,968,0
instrument,True,1,1592,183.842812,969,0
instrument,True,1,1593,183.964168,969,0
instrument,True,1,1594,184.113249,970,0
instrument,True,1,1595,184.218553,971,0
instrument,True,1,1596,184.339033,971,0
instrument,True,1,1597,184.44296,972,0
instrument,True,1,1598,184.682981,973,0
instrument,True,1,1599,184.743299,973,0
instrument,True,1,1600,184.848183,974,0
instrument,True,1,1601,185.027744,975,0
instrument,True,1,1602,185.117666,975,0
instrument,True,1,1603,185.252857,976,0
instrument,True,1,1604,185.313361,977,0
instrument,True,1,1605,185.417971,977,0
instrument,True,1,1606,185.477706,977,0
instrument,True,1,1607,185.612885,978,0
instrument,True,1,1608,185.687598,979,0
instrument,True,1,1609,185.85256,979,0
instrument,True,1,1610,185.943574,980,0
instrument,True,1,1611,186.092432,981,0
instrument,True,1,1612,186.197505,981,0
instrument,True,1,1613,186.347516,982,0
instrument,True,1,1614,186.422338,983,0
instrument,True,1,1615,186.512205,983,0
instrument,True,1,1616,186.60214,983,0
instrument,True,1,1617,186.797046,984,0
instrument,True,1,1618,186.872406,985,0
instrument,True,1,1619,187.006918,986,0
instrument,True,1,1620,187.081996,986,0
instrument,True,1,1621,187.202072,987,0
instrument,True,1,1622,187.310958,988,0
instrument,True,1,1623,187.411915,988,0
instrument,True,1,1624,187.501652,988,0
instrument,True,1,1625,187.562639,989,0
instrument,True,1,1626,187.651541,989,0
instrument,True,1,1627,187.801695,990,0
instrument,True,1,1628,187.921415,991,0
instrument,True,1,1629,188.071294,991,0
instrument,True,1,1630,188.161876,992,0
instrument,True,1,1631,188.236225,992,0
instrument,True,1,1632,188.341825,993,0
instrument,True,1,1633,188.506442,994,0
instrument,True,1,1634,188.596,994,0
instrument,True,1,1635,188.671034,995,0
instrument,True,1,1636,188.775915,995,0
instrument,True,1,1637,188.971461,996,0
instrument,True,1,1638,189.076902,997,0
instrument,True,1,1639,189.166962,998,0
instrument,True,1,1640,189.241437,998,0
instrument,True,1,1641,189.316612,998,0
instrument,True,1,1642,189.393479,999,0
instrument,True,1,1643,189.466313,999,0
instrument,True,1,1644,189.586513,1000,0
instrument,True,1,1645,189.676373,1000,0
instrument,True,1,1646,189.751395,1001,0
instrument,True,1,1647,189.871207,1001,0
instrument,True,1,1648,190.005789,1002,0
instrument,True,1,1649,190.095747,1003,0
instrument,True,1,1650,190.200804,1003,0
instrument,True,1,1651,190.306059,1004,0
instrument,True,1,1652,190.425957,1004,0
instrument,True,1,1653,190.515946,1005,0
instrument,True,1,1654,190.590456,1005,0
instrument,True,1,1655,190.695405,1006,0
instrument,True,1,1656,190.815923,1006,0
instrument,True,1,1657,190.905294,1007,0
instrument,True,1,1658,190.995264,1008,0
instrument,True,1,1659,191.11541,1008,0
instrument,True,1,1660,191.205542,1009,0
instrument,True,1,1661,191.325065,1009,0
instrument,True,1,1662,191.474994,1010,0
instrument,True,1,1663,191.58037,1010,0
instrument,True,1,1664,191.744798,1011,0
instrument,True,1,1665,191.834723,1011,0
instrument,True,1,1666,191.93973,1012,0
instrument,True,1,1667,192.029832,1013,0
instrument,True,1,1668,192.138808,1014,0
instrument,True,1,1669,192.224659,1014,0
instrument,True,1,1670,192.299959,1014,0
instrument,True,1,1671,192.39031,1015,0
instrument,True,1,1672,192.539356,1016,0
instrument,True,1,1673,192.629398,1016,0
instrument,True,1,1674,192.719262,1017,0
instrument,True,1,1675,192.85437,1018,0
instrument,True,1,1676,192.929139,1018,0
instrument,True,1,1677,193.06673,1018,0
instrument,True,1,1678,193.143518,1019,0
instrument,True,1,1679,193.258956,1019,5
instrument,True,1,1680,194.458782,1020,0
instrument,True,1,1681,194.537501,1021,0
instrument,True,1,1682,194.608685,1022,0
instrument,True,1,1683,194.683834,1023,0
instrument,True,1,1684,194.788619,1026,0
instrument,True,1,1685,194.89356,1026,0
instrument,True,1,1686,195.031871,1029,0
instrument,True,1,1687,195.103689,1030,0
instrument,True,1,1688,195.163391,1030,0
instrument,True,1,1689,195.343371,1031,0
instrument,True,1,1690,195.433691,1031,0
instrument,True,1,1691,195.568214,1032,0
instrument,True,1,1692,195.673704,1033,0
instrument,True,1,1693,195.77805,1033,0
instrument,True,1,1694,195.88394,1034,0
instrument,True,1,1695,195.942979,1034,0
instrument,True,1,1696,196.077889,1035,0
instrument,True,1,1697,196.167771,1035,0
instrument,True,1,1698,196.287748,1036,0
instrument,True,1,1699,196.377719,1037,0
instrument,True,1,1700,196.467863,1037,0
instrument,True,1,1701,196.557795,1038,0
instrument,True,1,1702,196.647983,1038,0
instrument,True,1,1703,196.797461,1038,0
instrument,True,1,1704,196.872522,1039,0
instrument,True,1,1705,197.022383,1040,0
instrument,True,1,1706,197.142303,1041,0
instrument,True,1,1707,197.277207,1041,0
instrument,True,1,1708,197.354427,1042,0
instrument,True,1,1709,197.472078,1043,0
instrument,True,1,1710,197.622342,1043,0
instrument,True,1,1711,197.758493,1044,0
instrument,True,1,1712,197.922364,1045,0
instrument,True,1,1713,198.031016,1046,0
instrument,True,1,1714,198.146893,1046,0
instrument,True,1,1715,198.206664,1047,0
instrument,True,1,1716,198.296621,1047,0
instrument,True,1,1717,198.446474,1047,0
instrument,True,1,1718,198.522303,1048,0
instrument,True,1,1719,198.626604,1049,0
instrument,True,1,1720,198.701916,1049,0
instrument,True,1,1721,198.79133,1050,0
instrument,True,1,1722,198.915085,1050,0
instrument,True,1,1723,199.031802,1051,0
instrument,True,1,1724,199.121742,1051,0
instrument,True,1,1725,199.211918,1052,0
instrument,True,1,1726,199.301657,1052,0
instrument,True,1,1727,199.361589,1053,0
instrument,True,1,1728,199.469029,1053,0
instrument,True,1,1729,199.55663,1054,0
instrument,True,1,1730,199.616504,1054,0
instrument,True,1,1731,199.72156,1055,0
instrument,True,1,1732,199.901899,1056,0
instrument,True,1,1733,200.021263,1056,0
instrument,True,1,1734,200.111295,1057,0
instrument,True,1,1735,200.186605,1057,0
instrument,True,1,1736,200.261596,1058,0
instrument,True,1,1737,200.366471,1058,0
instrument,True,1,1738,200.515963,1059,0
instrument,True,1,1739,200.590868,1059,0
instrument,True,1,1740,200.741045,1060,0
instrument,True,1,1741,200.875908,1061,0
instrument,True,1,1742,201.085621,1061,0
instrument,True,1,1743,201.175798,1062,0
instrument,True,1,1744,201.266117,1063,0
instrument,True,1,1745,201.360426,1064,0
instrument,True,1,1746,201.430588,1064,0
instrument,True,1,1747,201.566057,1065,0
instrument,True,1,1748,201.700837,1065,0
instrument,True,1,1749,201.805055,1066,0
instrument,True,1,1750,201.867789,1066,0
instrument,True,1,1751,201.95511,1067,0
instrument,True,1,1752,202.044879,1067,0
instrument,True,1,1753,202.150957,1068,0
instrument,True,1,1754,202.242777,1068,0
instrument,True,1,1755,202.374677,1069,0
instrument,True,1,1756,202.4947,1070,0
instrument,True,1,1757,202.644523,1071,0
instrument,True,1,1758,202.70504,1071,0
instrument,True,1,1759,202.824433,1072,0
instrument,True,1,1760,202.944474,1072,0
instrument,True,1,1761,203.139263,1073,0
instrument,True,1,1762,203.243232,1074,0
instrument,True,1,1763,203.334147,1074,0
instrument,True,1,1764,203.469106,1075,0
instrument,True,1,1765,203.54894,1076,0
instrument,True,1,1766,203.739181,1076,0
instrument,True,1,1767,203.813855,1077,0
instrument,True,1,1768,203.920198,1077,0
instrument,True,1,1769,204.02455,1078,0
instrument,True,1,1770,204.114318,1078,0
instrument,True,1,1771,204.204784,1079,0
instrument,True,1,1772,204.279745,1080,0
instrument,True,1,1773,204.354012,1080,0
instrument,True,1,1774,204.443851,1080,0
instrument,True,1,1775,204.549212,1080,0
instrument,True,1,1776,204.703514,1082,0
instrument,True,1,1777,204.804109,1082,0
instrument,True,1,1778,204.968546,1083,0
instrument,True,1,1779,205.047447,1084,0
instrument,True,1,1780,205.133793,1084,0
instrument,True,1,1781,205.223527,1085,0
instrument,True,1,1782,205.328333,1085,0
instrument,True,1,1783,205.418491,1086,0
instrument,True,1,1784,205.538821,1086,0
instrument,True,1,1785,205.673171,1087,0
instrument,True,1,1786,205.778106,1087,0
instrument,True,1,1787,205.883464,1088,0
instrument,True,1,1788,206.003442,1089,0
instrument,True,1,1789,206.07791,1089,0
instrument,True,1,1790,206.213502,1090,0
instrument,True,1,1791,206.287924,1090,0
instrument,True,1,1792,206.422716,1091,0
instrument,True,1,1793,206.561894,1092,0
instrument,True,1,1794,206.650617,1092,0
instrument,True,1,1795,206.752948,1093,0
instrument,True,1,1796,206.827571,1093,0
instrument,True,1,1797,206.947417,1094,0
instrument,True,1,1798,207.022436,1094,0
instrument,True,1,1799,207.097345,1095,0
instrument,True,1,1800,207.187277,1095,0
instrument,True,1,1801,207.27845,1096,0
instrument,True,1,1802,207.385137,1096,0
instrument,True,1,1803,207.4877,1097,0
instrument,True,1,1804,207.580916,1098,0
instrument,True,1,1805,207.711978,1098,0
instrument,True,1,1806,207.802402,1099,0
instrument,True,1,1807,207.922028,1099,0
instrument,True,1,1808,208.012641,1100,0
instrument,True,1,1809,208.147297,1100,0
instrument,True,1,1810,208.251702,1101,0
instrument,True,1,1811,208.401651,1102,0
instrument,True,1,1812,208.59736,1103,0
instrument,True,1,1813,208.732074,1104,0
instrument,True,1,1814,208.836391,1104,0
instrument,True,1,1815,208.942341,1105,0
instrument,True,1,1816,209.091803,1105,0
instrument,True,1,1817,209.181739,1106,0
instrument,True,1,1818,209.256695,1106,0
instrument,True,1,1819,209.331721,1107,0
instrument,True,1,1820,209.452891,1107,0
instrument,True,1,1821,209.572226,1108,0
instrument,True,1,1822,209.691496,1109,0
instrument,True,1,1823,209.781961,1109,0
instrument,True,1,1824,209.901458,1110,0
instrument,True,1,1825,210.006299,1110,0
instrument,True,1,1826,210.12683,1111,0
instrument,True,1,1827,210.186192,1111,0
instrument,True,1,1828,210.276968,1112,0
instrument,True,1,1829,210.353722,1112,0
instrument,True,1,1830,210.426766,1113,0
instrument,True,1,1831,210.486144,1113,0
instrument,True,1,1832,210.561535,1114,0
instrument,True,1,1833,210.636518,1114,0
instrument,True,1,1834,210.785871,1114,0
instrument,True,1,1835,210.876215,1115,0
instrument,True,1,1836,211.010817,1116,0
instrument,True,1,1837,211.085692,1116,0
instrument,True,1,1838,211.190992,1117,0
instrument,True,1,1839,211.370611,1118,0
instrument,True,1,1840,211.490904,1118,0
instrument,True,1,1841,211.569307,1119,0
instrument,True,1,1842,211.640359,1119,0
instrument,True,1,1843,211.730781,1120,0
instrument,True,1,1844,211.835778,1120,0
instrument,True,1,1845,211.955162,1121,0
instrument,True,1,1846,212.046613,1122,0
instrument,True,1,1847,212.135608,1122,0
instrument,True,1,1848,212.210201,1123,0
instrument,True,1,1849,212.329979,1123,0
instrument,True,1,1850,212.420383,1123,0
instrument,True,1,1851,212.480387,1124,0
instrument,True,1,1852,212.614836,1125,0
instrument,True,1,1853,212.704873,1125,0
instrument,True,1,1854,212.809717,1126,0
instrument,True,1,1855,212.900142,1126,0
instrument,True,1,1856,213.019584,1127,0
instrument,True,1,1857,213.079547,1127,0
instrument,True,1,1858,213.244452,1128,0
instrument,True,1,1859,213.364454,1129,0
instrument,True,1,1860,213.469458,1129,0
instrument,True,1,1861,213.619246,1130,0
instrument,True,1,1862,213.724588,1131,0
instrument,True,1,1863,213.79916,1131,0
instrument,True,1,1864,213.950067,1132,0
instrument,True,1,1865,214.040086,1132,0
instrument,True,1,1866,214.175181,1133,0
instrument,True,1,1867,214.250834,1133,0
instrument,True,1,1868,214.339433,1134,0
instrument,True,1,1869,214.444408,1134,0
instrument,True,1,1870,214.534312,1135,0
instrument,True,1,1871,214.624797,1135,0
instrument,True,1,1872,214.714216,1136,0
instrument,True,1,1873,214.777081,1136,0
instrument,True,1,1874,214.954125,1137,0
instrument,True,1,1875,215.029852,1138,0
instrument,True,1,1876,215.133958,1138,0
instrument,True,1,1877,215.239216,1139,0
instrument,True,1,1878,215.331334,1139,0
instrument,True,1,1879,215.434463,1140,0
instrument,True,1,1880,215.527926,1141,0
instrument,True,1,1881,215.64423,1141,0
instrument,True,1,1882,215.763863,1142,0
instrument,True,1,1883,215.853729,1142,0
instrument,True,1,1884,215.944276,1142,0
instrument,True,1,1885,216.067143,1143,0
instrument,True,1,1886,216.183549,1144,0
instrument,True,1,1887,216.334841,1145,0
instrument,True,1,1888,216.423399,1145,0
instrument,True,1,1889,216.513319,1145,0
instrument,True,1,1890,216.588311,1146,0
instrument,True,1,1891,216.708234,1146,0
instrument,True,1,1892,216.828563,1148,0
instrument,True,1,1893,216.918239,1148,0
instrument,True,1,1894,217.023034,1148,7
instrument,True,1,1895,218.372284,1148,0
instrument,True,1,1896,218.478361,1150,0
instrument,True,1,1897,218.552193,1151,0
instrument,True,1,1898,218.629741,1153,0
instrument,True,1,1899,218.762571,1155,0
instrument,True,1,1900,218.854616,1158,0
instrument,True,1,1901,218.947585,1159,0
instrument,True,1,1902,219.053158,1160,0
instrument,True,1,1903,219.123034,1160,0
instrument,True,1,1904,219.212989,1160,0
instrument,True,1,1905,219.303244,1161,0
instrument,True,1,1906,219.393328,1161,0
instrument,True,1,1907,219.497909,1162,0
instrument,True,1,1908,219.603145,1162,0
instrument,True,1,1909,219.692714,1163,0
instrument,True,1,1910,219.797642,1164,0
instrument,True,1,1911,219.933554,1164,0
instrument,True,1,1912,220.02311,1165,0
instrument,True,1,1913,220.158453,1166,0
instrument,True,1,1914,220.262948,1166,0
instrument,True,1,1915,220.352983,1167,0
instrument,True,1,1916,220.428644,1167,0
instrument,True,1,1917,220.517768,1167,0
instrument,True,1,1918,220.607706,1168,0
instrument,True,1,1919,220.716982,1169,0
instrument,True,1,1920,220.848052,1169,0
instrument,True,1,1921,220.937348,1170,0
instrument,True,1,1922,221.027186,1170,0
instrument,True,1,1923,221.132656,1171,0
instrument,True,1,1924,221.222084,1171,0
instrument,True,1,1925,221.297775,1172,0
instrument,True,1,1926,221.357365,1172,0
instrument,True,1,1927,221.446962,1173,0
instrument,True,1,1928,221.552504,1173,0
instrument,True,1,1929,221.659971,1173,0
instrument,True,1,1930,221.806765,1174,0
instrument,True,1,1931,221.971905,1175,0
instrument,True,1,1932,222.106913,1176,0
instrument,True,1,1933,222.25662,1177,0
instrument,True,1,1934,222.526297,1178,0
instrument,True,1,1935,222.617043,1179,0
instrument,True,1,1936,222.709726,1179,0
instrument,True,1,1937,222.781234,1180,0
instrument,True,1,1938,222.871181,1180,0
instrument,True,1,1939,223.021871,1181,0
instrument,True,1,1940,223.126003,1181,0
instrument,True,1,1941,223.232143,1182,0
instrument,True,1,1942,223.306712,1182,0
instrument,True,1,1943,223.441284,1183,0
instrument,True,1,1944,223.531621,1184,0
instrument,True,1,1945,223.755653,1185,0
instrument,True,1,1946,223.876176,1186,0
instrument,True,1,1947,224.026161,1186,0
instrument,True,1,1948,224.101595,1187,0
instrument,True,1,1949,224.25137,1187,0
instrument,True,1,1950,224.341387,1188,0
instrument,True,1,1951,224.476269,1189,0
instrument,True,1,1952,224.550777,1189,0
instrument,True,1,1953,224.701295,1190,0
instrument,True,1,1954,224.791119,1190,0
instrument,True,1,1955,224.925582,1191,0
instrument,True,1,1956,225.015959,1192,0
instrument,True,1,1957,225.120453,1192,0
instrument,True,1,1958,225.180432,1193,0
instrument,True,1,1959,225.255806,1193,0
instrument,True,1,1960,225.360972,1194,0
instrument,True,1,1961,225.482692,1194,0
instrument,True,1,1962,225.555991,1195,0
instrument,True,1,1963,225.645856,1195,0
instrument,True,1,1964,225.740237,1196,0
instrument,True,1,1965,225.82507,1196,0
instrument,True,1,1966,225.960502,1197,0
instrument,True,1,1967,226.050308,1197,0
instrument,True,1,1968,226.170475,1198,0
instrument,True,1,1969,226.230246,1198,0
instrument,True,1,1970,226.3797,1199,0
instrument,True,1,1971,226.49968,1200,0
instrument,True,1,1972,226.589612,1200,0
instrument,True,1,1973,226.694932,1201,0
instrument,True,1,1974,226.799586,1202,0
instrument,True,1,1975,226.96715,1202,0
instrument,True,1,1976,227.039818,1203,0
instrument,True,1,1977,227.163177,1204,0
instrument,True,1,1978,227.294611,1204,0
instrument,True,1,1979,227.384456,1205,0
instrument,True,1,1980,227.459326,1205,0
instrument,True,1,1981,227.564903,1206,0
instrument,True,1,1982,227.729454,1207,0
instrument,True,1,1983,227.819537,1207,0
instrument,True,1,1984,227.923853,1208,0
instrument,True,1,1985,227.998813,1208,0
instrument,True,1,1986,228.148738,1209,0
instrument,True,1,1987,228.299302,1210,0
instrument,True,1,1988,228.404231,1210,0
instrument,True,1,1989,228.523512,1211,0
instrument,True,1,1990,228.613544,1211,0
instrument,True,1,1991,228.688415,1212,0
instrument,True,1,1992,228.793797,1212,0
instrument,True,1,1993,228.886351,1212,0
instrument,True,1,1994,228.959117,1213,0
instrument,True,1,1995,229.04879,1213,0
instrument,True,1,1996,229.124752,1214,0
instrument,True,1,1997,229.214238,1215,0
instrument,True,1,1998,229.2889,1215,0
instrument,True,1,1999,229.378624,1215,0
instrument,True,1,2000,229.498658,1216,0
instrument,True,1,2001,229.573506,1217,0
instrument,True,1,2002,229.693435,1217,0
instrument,True,1,2003,229.768899,1217,0
instrument,True,1,2004,229.873329,1218,0
instrument,True,1,2005,229.963285,1219,0
instrument,True,1,2006,230.053695,1219,0
instrument,True,1,2007,230.143165,1219,0
instrument,True,1,2008,230.278869,1220,0
instrument,True,1,2009,230.383368,1221,0
instrument,True,1,2010,230.488039,1221,0
instrument,True,1,2011,230.562922,1222,0
instrument,True,1,2012,230.698912,1223,0
instrument,True,1,2013,230.818333,1223,0
instrument,True,1,2014,230.907742,1224,0
instrument,True,1,2015,230.982745,1224,0
instrument,True,1,2016,231.087733,1225,0
instrument,True,1,2017,231.207672,1225,0
instrument,True,1,2018,231.312569,1226,0
instrument,True,1,2019,231.402467,1227,0
instrument,True,1,2020,231.507929,1227,0
instrument,True,1,2021,231.601243,1228,0
instrument,True,1,2022,231.747243,1228,0
instrument,True,1,2023,231.823249,1229,0
instrument,True,1,2024,231.927657,1229,0
instrument,True,1,2025,232.006686,1230,0
instrument,True,1,2026,232.092221,1230,0
instrument,True,1,2027,232.167958,1231,0
instrument,True,1,2028,232.256959,1231,0
instrument,True,1,2029,232.377409,1232,0
instrument,True,1,2030,232.482234,1232,0
instrument,True,1,2031,232.602576,1233,0
instrument,True,1,2032,232.692962,1234,0
instrument,True,1,2033,232.797397,1234,0
instrument,True,1,2034,232.8761,1235,0
instrument,True,1,2035,232.946886,1235,0
instrument,True,1,2036,233.05188,1235,0
instrument,True,1,2037,233.126557,1236,0
instrument,True,1,2038,233.249161,1236,0
instrument,True,1,2039,233.336826,1237,0
instrument,True,1,2040,233.456815,1238,0
instrument,True,1,2041,233.576206,1238,0
instrument,True,1,2042,233.696938,1239,0
instrument,True,1,2043,233.774002,1239,0
instrument,True,1,2044,233.877211,1240,0
instrument,True,1,2045,234.026513,1241,0
instrument,True,1,2046,234.146433,1241,0
instrument,True,1,2047,234.266494,1242,0
instrument,True,1,2048,234.356361,1243,0
instrument,True,1,2049,234.461806,1243,0
instrument,True,1,2050,234.581691,1243,0
instrument,True,1,2051,234.671158,1244,0
instrument,True,1,2052,234.776114,1245,0
instrument,True,1,2053,234.851087,1245,0
instrument,True,1,2054,234.985968,1246,0
instrument,True,1,2055,235.091689,1246,0
instrument,True,1,2056,235.211073,1247,0
instrument,True,1,2057,235.317182,1248,0
instrument,True,1,2058,235.405813,1248,0
instrument,True,1,2059,235.481105,1248,0
instrument,True,1,2060,235.620318,1250,0
instrument,True,1,2061,235.720513,1250,0
instrument,True,1,2062,235.815035,1251,0
instrument,True,1,2063,235.900238,1251,0
instrument,True,1,2064,236.053109,1251,0
instrument,True,1,2065,236.185511,1253,0
instrument,True,1,2066,236.260476,1253,0
instrument,True,1,2067,236.33506,1253,0
instrument,True,1,2068,236.484911,1254,0
instrument,True,1,2069,236.63493,1255,0
instrument,True,1,2070,236.710378,1255,0
instrument,True,1,2071,236.844703,1256,0
instrument,True,1,2072,236.950522,1257,0
instrument,True,1,2073,237.054566,1257,0
instrument,True,1,2074,237.130379,1257,0
instrument,True,1,2075,237.219882,1258,0
instrument,True,1,2076,237.309456,1258,0
instrument,True,1,2077,237.459361,1259,5
instrument,True,1,2078,238.613951,1260,0
instrument,True,1,2079,238.692118,1260,0
instrument,True,1,2080,238.809256,1262,0
instrument,True,1,2081,238.898606,1264,0
instrument,True,1,2082,238.975163,1267,0
instrument,True,1,2083,239.07852,1268,0
instrument,True,1,2084,239.183021,1268,0
instrument,True,1,2085,239.242972,1269,0
instrument,True,1,2086,239.348458,1270,0
instrument,True,1,2087,239.482893,1270,0
instrument,True,1,2088,239.557797,1271,0
instrument,True,1,2089,239.647763,1271,0
instrument,True,1,2090,239.767921,1272,0
instrument,True,1,2091,239.85762,1272,0
instrument,True,1,2092,239.99306,1272,0
instrument,True,1,2093,240.056348,1273,0
instrument,True,1,2094,240.157469,1274,0
instrument,True,1,2095,240.262907,1275,0
instrument,True,1,2096,240.352568,1275,0
instrument,True,1,2097,240.487262,1275,0
instrument,True,1,2098,240.609386,1276,0
instrument,True,1,2099,240.727686,1277,0
instrument,True,1,2100,240.817216,1278,0
instrument,True,1,2101,240.952147,1278,0
instrument,True,1,2102,241.072523,1279,0
instrument,True,1,2103,241.147059,1279,0
instrument,True,1,2104,241.237069,1280,0
instrument,True,1,2105,241.327198,1280,0
instrument,True,1,2106,241.402219,1281,0
instrument,True,1,2107,241.477533,1281,0
instrument,True,1,2108,241.686646,1282,0
instrument,True,1,2109,241.746556,1283,0
instrument,True,1,2110,241.806502,1283,0
instrument,True,1,2111,241.926436,1283,0
instrument,True,1,2112,242.016811,1284,0
instrument,True,1,2113,242.095574,1285,0
instrument,True,1,2114,242.211302,1285,0
instrument,True,1,2115,242.305627,1286,0
instrument,True,1,2116,242.451163,1286,0
instrument,True,1,2117,242.600805,1287,0
instrument,True,1,2118,242.795731,1288,0
instrument,True,1,2119,242.886467,1289,1
instrument,True,1,2120,243.245472,1289,0
instrument,True,1,2121,243.352188,1291,0
instrument,True,1,2122,243.425518,1292,0
instrument,True,1,2123,243.562344,1293,0
instrument,True,1,2124,243.665678,1293,0
instrument,True,1,2125,243.774553,1294,0
instrument,True,1,2126,243.876153,1294,0
instrument,True,1,2127,244.010594,1295,0
instrument,True,1,2128,244.100557,1295,0
instrument,True,1,2129,244.22054,1296,0
instrument,True,1,2130,244.281301,1296,0
instrument,True,1,2131,244.370478,1297,0
instrument,True,1,2132,244.460481,1297,0
instrument,True,1,2133,244.551441,1298,0
instrument,True,1,2134,244.64064,1298,0
instrument,True,1,2135,244.730179,1299,0
instrument,True,1,2136,244.805324,1299,0
instrument,True,1,2137,244.910128,1300,0
instrument,True,1,2138,245.000066,1300,0
instrument,True,1,2139,245.134944,1301,0
instrument,True,1,2140,245.240016,1302,0
instrument,True,1,2141,245.375304,1302,0
instrument,True,1,2142,245.449787,1303,0
instrument,True,1,2143,245.524734,1303,0
instrument,True,1,2144,245.674625,1304,0
instrument,True,1,2145,245.765071,1304,0
instrument,True,1,2146,245.929488,1305,0
instrument,True,1,2147,246.034672,1306,0
instrument,True,1,2148,246.154356,1307,0
instrument,True,1,2149,246.274265,1307,0
instrument,True,1,2150,246.35385,1308,0
instrument,True,1,2151,246.488298,1309,0
instrument,True,1,2152,246.604239,1309,0
instrument,True,1,2153,246.694071,1310,0
instrument,True,1,2154,246.799013,1310,0
instrument,True,1,2155,246.889093,1311,0
instrument,True,1,2156,247.009363,1311,0
instrument,True,1,2157,247.098836,1312,0
instrument,True,1,2158,247.279508,1313,0
instrument,True,1,2159,247.428656,1313,0
instrument,True,1,2160,247.518732,1314,0
instrument,True,1,2161,247.608543,1314,0
instrument,True,1,2162,247.713948,1315,0
instrument,True,1,2163,247.833423,1316,0
instrument,True,1,2164,248.051297,1317,0
instrument,True,1,2165,248.148244,1317,0
instrument,True,1,2166,248.253159,1318,0
instrument,True,1,2167,248.328116,1318,0
instrument,True,1,2168,248.463073,1319,0
instrument,True,1,2169,248.552991,1319,0
instrument,True,1,2170,248.643516,1320,0
instrument,True,1,2171,248.717903,1320,0
instrument,True,1,2172,248.822813,1321,0
instrument,True,1,2173,248.943367,1322,0
instrument,True,1,2174,249.003802,1322,0
instrument,True,1,2175,249.108381,1323,0
instrument,True,1,2176,249.228646,1323,0
instrument,True,1,2177,249.318791,1324,0
instrument,True,1,2178,249.457345,1325,0
instrument,True,1,2179,249.573474,1325,0
instrument,True,1,2180,249.678408,1325,0
instrument,True,1,2181,249.79833,1326,0
instrument,True,1,2182,249.933796,1327,0
instrument,True,1,2183,250.083622,1328,0
instrument,True,1,2184,250.158233,1328,0
instrument,True,1,2185,250.323029,1329,0
instrument,True,1,2186,250.42818,1330,0
instrument,True,1,2187,250.518037,1330,0
instrument,True,1,2188,250.608104,1331,0
instrument,True,1,2189,250.683429,1331,0
instrument,True,1,2190,250.772775,1332,0
instrument,True,1,2191,250.937684,1332,0
instrument,True,1,2192,251.012654,1333,0
instrument,True,1,2193,251.087634,1333,0
instrument,True,1,2194,251.297483,1334,0
instrument,True,1,2195,251.44744,1335,0
instrument,True,1,2196,251.583228,1336,0
instrument,True,1,2197,251.672413,1336,0
instrument,True,1,2198,251.747217,1336,0
instrument,True,1,2199,251.822171,1337,0
instrument,True,1,2200,251.897185,1338,0
instrument,True,1,2201,252.002611,1338,0
instrument,True,1,2202,252.123086,1339,0
instrument,True,1,2203,252.197063,1339,0
instrument,True,1,2204,252.27234,1340,0
instrument,True,1,2205,252.346883,1340,0
instrument,True,1,2206,252.426109,1341,0
instrument,True,1,2207,252.572534,1341,0
instrument,True,1,2208,252.692149,1342,0
instrument,True,1,2209,252.766662,1342,0
instrument,True,1,2210,252.856633,1342,0
instrument,True,1,2211,252.977351,1344,0
instrument,True,1,2212,253.111607,1344,0
instrument,True,1,2213,253.201488,1345,0
instrument,True,1,2214,253.291508,1345,0
instrument,True,1,2215,253.426268,1346,0
instrument,True,1,2216,253.503914,1346,0
instrument,True,1,2217,253.576174,1347,0
instrument,True,1,2218,253.666569,1347,0
instrument,True,1,2219,253.801023,1348,0
instrument,True,1,2220,253.947858,1349,0
instrument,True,1,2221,254.100985,1349,0
instrument,True,1,2222,254.175471,1350,0
instrument,True,1,2223,254.340414,1351,0
instrument,True,1,2224,254.490398,1352,0
instrument,True,1,2225,254.615065,1353,0
instrument,True,1,2226,254.775274,1353,0
instrument,True,1,2227,254.850141,1354,0
instrument,True,1,2228,255.004098,1355,0
instrument,True,1,2229,255.195433,1356,0
instrument,True,1,2230,255.299943,1356,0
instrument,True,1,2231,255.434836,1357,0
instrument,True,1,2232,255.495098,1357,0
instrument,True,1,2233,255.569736,1358,0
instrument,True,1,2234,255.660213,1358,0
instrument,True,1,2235,255.765117,1359,0
instrument,True,1,2236,255.899569,1359,0
instrument,True,1,2237,255.989955,1360,0
instrument,True,1,2238,256.064984,1360,0
instrument,True,1,2239,256.169548,1361,0
instrument,True,1,2240,256.244486,1361,0
instrument,True,1,2241,256.334539,1362,0
instrument,True,1,2242,256.424397,1362,0
instrument,True,1,2243,256.499418,1363,0
instrument,True,1,2244,256.574724,1363,0
instrument,True,1,2245,256.784284,1364,0
instrument,True,1,2246,256.859126,1365,0
instrument,True,1,2247,256.94907,1365,0
instrument,True,1,2248,257.069008,1366,0
instrument,True,1,2249,257.174026,1366,0
instrument,True,1,2250,257.263922,1367,0
instrument,True,1,2251,257.354482,1367,0
instrument,True,1,2252,257.429712,1368,0
instrument,True,1,2253,257.488759,1368,0
instrument,True,1,2254,257.57873,1368,0
instrument,True,1,2255,257.684308,1369,0
instrument,True,1,2256,257.761085,1369,0
instrument,True,1,2257,257.878549,1370,0
instrument,True,1,2258,257.95351,1370,0
instrument,True,1,2259,258.058441,1371,5
instrument,True,1,2260,259.2434,1371,0
instrument,True,1,2261,259.363278,1373,0
instrument,True,1,2262,259.468394,1375,0
instrument,True,1,2263,259.52821,1376,0
instrument,True,1,2264,259.648118,1376,0
instrument,True,1,2265,259.753467,1378,0
instrument,True,1,2266,259.857992,1380,0
instrument,True,1,2267,259.933502,1381,0
instrument,True,1,2268,260.038743,1382,0
instrument,True,1,2269,260.187841,1382,0
instrument,True,1,2270,260.293335,1383,0
instrument,True,1,2271,260.397747,1384,0
instrument,True,1,2272,260.517635,1384,0
instrument,True,1,2273,260.622614,1385,0
instrument,True,1,2274,260.712578,1385,0
instrument,True,1,2275,260.910357,1386,0
instrument,True,1,2276,261.027348,1387,0
instrument,True,1,2277,261.089334,1388,0
instrument,True,1,2278,261.282593,1389,0
instrument,True,1,2279,261.387747,1389,0
instrument,True,1,2280,261.507513,1390,0
instrument,True,1,2281,261.612361,1390,0
instrument,True,1,2282,261.687091,1391,0
instrument,True,1,2283,261.777155,1391,0
instrument,True,1,2284,261.867073,1392,0
instrument,True,1,2285,261.972032,1392,0
instrument,True,1,2286,262.077206,1393,0
instrument,True,1,2287,262.167236,1393,0
instrument,True,1,2288,262.271757,1394,0
instrument,True,1,2289,262.407506,1395,0
instrument,True,1,2290,262.512514,1395,0
instrument,True,1,2291,262.662612,1396,0
instrument,True,1,2292,262.737862,1396,0
instrument,True,1,2293,262.797657,1397,0
instrument,True,1,2294,262.977895,1398,0
instrument,True,1,2295,263.128085,1399,0
instrument,True,1,2296,263.217665,1399,1
instrument,True,1,2297,263.622419,1400,0
instrument,True,1,2298,263.713518,1402,0
instrument,True,1,2299,263.802392,1402,0
instrument,True,1,2300,263.892834,1403,0
instrument,True,1,2301,263.998543,1403,0
instrument,True,1,2302,264.103146,1404,0
instrument,True,1,2303,264.177867,1404,0
instrument,True,1,2304,264.252947,1405,0
instrument,True,1,2305,264.357755,1405,0
instrument,True,1,2306,264.43278,1406,0
instrument,True,1,2307,264.507801,1406,0
instrument,True,1,2308,264.612748,1407,0
instrument,True,1,2309,264.702493,1407,0
instrument,True,1,2310,264.792332,1408,0
instrument,True,1,2311,264.897229,1408,0
instrument,True,1,2312,265.047931,1409,0
instrument,True,1,2313,265.140378,1409,0
instrument,True,1,2314,265.257038,1410,0
instrument,True,1,2315,265.331988,1410,0
instrument,True,1,2316,265.437667,1411,0
instrument,True,1,2317,265.647135,1412,0
instrument,True,1,2318,265.76719,1413,0
instrument,True,1,2319,265.890812,1414,0
instrument,True,1,2320,265.977553,1414,0
instrument,True,1,2321,266.06644,1414,0
instrument,True,1,2322,266.171892,1415,0
instrument,True,1,2323,266.321469,1416,0
instrument,True,1,2324,266.396253,1416,0
instrument,True,1,2325,266.501333,1416,0
instrument,True,1,2326,266.60632,1418,0
instrument,True,1,2327,266.726464,1418,0
instrument,True,1,2328,266.921103,1419,0
instrument,True,1,2329,267.011427,1420,0
instrument,True,1,2330,267.070959,1420,0
instrument,True,1,2331,267.191466,1421,0
instrument,True,1,2332,267.310782,1421,0
instrument,True,1,2333,267.386157,1422,0
instrument,True,1,2334,267.475707,1422,0
instrument,True,1,2335,267.595056,1423,0
instrument,True,1,2336,267.67045,1423,0
instrument,True,1,2337,267.745651,1424,0
instrument,True,1,2338,267.895797,1424,0
instrument,True,1,2339,267.985393,1425,0
instrument,True,1,2340,268.078392,1425,0
instrument,True,1,2341,268.165657,1426,0
instrument,True,1,2342,268.255257,1426,0
instrument,True,1,2343,268.33031,1427,0
instrument,True,1,2344,268.420812,1427,0
instrument,True,1,2345,268.525121,1428,0
instrument,True,1,2346,268.645,1429,0
instrument,True,1,2347,268.765127,1429,0
instrument,True,1,2348,268.871813,1430,0
instrument,True,1,2349,268.96054,1430,0
instrument,True,1,2350,269.081026,1431,0
instrument,True,1,2351,269.14036,1431,0
instrument,True,1,2352,269.275537,1432,0
instrument,True,1,2353,269.350227,1432,0
instrument,True,1,2354,269.440118,1433,0
instrument,True,1,2355,269.500641,1433,0
instrument,True,1,2356,269.605191,1434,0
instrument,True,1,2357,269.710412,1434,0
instrument,True,1,2358,269.785368,1435,0
instrument,True,1,2359,269.874909,1435,0
instrument,True,1,2360,269.964905,1436,0
instrument,True,1,2361,270.069761,1436,0
instrument,True,1,2362,270.189749,1437,0
instrument,True,1,2363,270.29467,1438,0
instrument,True,1,2364,270.384953,1438,0
instrument,True,1,2365,270.474941,1438,0
instrument,True,1,2366,270.564548,1439,0
instrument,True,1,2367,270.658841,1440,0
instrument,True,1,2368,270.729494,1440,0
instrument,True,1,2369,270.819456,1440,0
instrument,True,1,2370,270.909648,1441,0
instrument,True,1,2371,271.014309,1441,0
instrument,True,1,2372,271.089269,1442,0
instrument,True,1,2373,271.194151,1442,0
instrument,True,1,2374,271.269508,1443,0
instrument,True,1,2375,271.404034,1444,0
instrument,True,1,2376,271.494589,1444,0
instrument,True,1,2377,271.644121,1445,0
instrument,True,1,2378,271.734535,1445,0
instrument,True,1,2379,271.809377,1446,0
instrument,True,1,2380,271.899116,1446,0
instrument,True,1,2381,271.988931,1447,0
instrument,True,1,2382,272.064349,1447,0
instrument,True,1,2383,272.172667,1448,0
instrument,True,1,2384,272.243535,1448,0
instrument,True,1,2385,272.363575,1449,0
instrument,True,1,2386,272.453424,1449,0
instrument,True,1,2387,272.543466,1450,0
instrument,True,1,2388,272.648824,1450,0
instrument,True,1,2389,272.723354,1451,0
instrument,True,1,2390,272.813337,1451,0
instrument,True,1,2391,272.888454,1452,0
instrument,True,1,2392,272.963361,1452,0
instrument,True,1,2393,273.113124,1453,0
instrument,True,1,2394,273.277976,1454,0
instrument,True,1,2395,273.368466,1454,0
instrument,True,1,2396,273.487843,1455,0
instrument,True,1,2397,273.562827,1455,0
instrument,True,1,2398,273.637788,1455,0
instrument,True,1,2399,273.757731,1456,0
instrument,True,1,2400,273.862948,1457,0
instrument,True,1,2401,273.938553,1457,0
instrument,True,1,2402,274.042956,1458,0
instrument,True,1,2403,274.148376,1458,0
instrument,True,1,2404,274.22348,1459,0
instrument,True,1,2405,274.312696,1459,0
instrument,True,1,2406,274.477591,1460,0
instrument,True,1,2407,274.597537,1461,0
instrument,True,1,2408,274.67283,1461,0
instrument,True,1,2409,274.73324,1462,0
instrument,True,1,2410,274.822921,1462,0
instrument,True,1,2411,274.987988,1463,0
instrument,True,1,2412,275.048427,1463,0
instrument,True,1,2413,275.183507,1464,0
instrument,True,1,2414,275.302622,1464,0
instrument,True,1,2415,275.392989,1465,0
instrument,True,1,2416,275.486499,1466,0
instrument,True,1,2417,275.57294,1466,0
instrument,True,1,2418,275.677448,1466,0
instrument,True,1,2419,275.767757,1467,0
instrument,True,1,2420,275.857312,1468,0
instrument,True,1,2421,275.977483,1468,0
instrument,True,1,2422,276.097365,1469,0
instrument,True,1,2423,276.187502,1469,0
instrument,True,1,2424,276.247072,1470,0
instrument,True,1,2425,276.386366,1471,0
instrument,True,1,2426,276.487407,1471,0
instrument,True,1,2427,276.561992,1471,0
instrument,True,1,2428,276.712147,1472,0
instrument,True,1,2429,276.816771,1473,0
instrument,True,1,2430,276.937171,1473,0
instrument,True,1,2431,277.057109,1474,0
instrument,True,1,2432,277.120462,1475,0
instrument,True,1,2433,277.236505,1475,0
instrument,True,1,2434,277.356792,1476,0
instrument,True,1,2435,277.461415,1476,0
instrument,True,1,2436,277.536959,1477,0
instrument,True,1,2437,277.61132,1477,0
instrument,True,1,2438,277.701255,1478,0
instrument,True,1,2439,277.82138,1478,0
instrument,True,1,2440,277.98652,1479,0
instrument,True,1,2441,278.063712,1479,0
instrument,True,1,2442,278.151999,1480,0
instrument,True,1,2443,278.28605,1481,0
instrument,True,1,2444,278.450882,1482,0
instrument,True,1,2445,278.541256,1482,0
instrument,True,1,2446,278.631855,1483,5
instrument,True,1,2447,279.773845,1484,0
instrument,True,1,2448,279.865301,1487,0
instrument,True,1,2449,279.936371,1490,0
instrument,True,1,2450,280.026302,1490,0
instrument,True,1,2451,280.090804,1491,0
instrument,True,1,2452,280.176278,1491,0
instrument,True,1,2453,280.251551,1491,0
instrument,True,1,2454,280.34179,1492,0
instrument,True,1,2455,280.479378,1493,0
instrument,True,1,2456,280.580956,1493,0
instrument,True,1,2457,280.670605,1494,0
instrument,True,1,2458,280.805955,1494,0
instrument,True,1,2459,280.925982,1495,0
instrument,True,1,2460,281.046018,1496,0
instrument,True,1,2461,281.135999,1496,0
instrument,True,1,2462,281.211566,1497,0
instrument,True,1,2463,281.316352,1497,0
instrument,True,1,2464,281.40556,1498,0
instrument,True,1,2465,281.495417,1498,0
instrument,True,1,2466,281.615212,1499,0
instrument,True,1,2467,281.705263,1499,0
instrument,True,1,2468,281.8102,1500,0
instrument,True,1,2469,281.930568,1500,0
instrument,True,1,2470,282.02052,1501,0
instrument,True,1,2471,282.094976,1502,0
instrument,True,1,2472,282.184946,1502,0
instrument,True,1,2473,282.274983,1502,0
instrument,True,1,2474,282.469821,1503,0
instrument,True,1,2475,282.589717,1504,0
instrument,True,1,2476,282.679639,1505,0
instrument,True,1,2477,282.785121,1505,0
instrument,True,1,2478,282.890356,1506,0
instrument,True,1,2479,282.965128,1506,0
instrument,True,1,2480,283.07052,1507,0
instrument,True,1,2481,283.144971,1507,0
instrument,True,1,2482,283.249313,1508,0
instrument,True,1,2483,283.339293,1508,0
instrument,True,1,2484,283.414546,1509,0
instrument,True,1,2485,283.489756,1509,0
instrument,True,1,2486,283.579116,1510,0
instrument,True,1,2487,283.699063,1510,0
instrument,True,1,2488,283.803975,1511,0
instrument,True,1,2489,283.954886,1511,0
instrument,True,1,2490,284.059536,1512,0
instrument,True,1,2491,284.149525,1513,0
instrument,True,1,2492,284.269333,1513,0
instrument,True,1,2493,284.374217,1514,0
instrument,True,1,2494,284.479143,1514,0
instrument,True,1,2495,284.614315,1515,0
instrument,True,1,2496,284.764061,1516,0
instrument,True,1,2497,284.884332,1517,0
instrument,True,1,2498,284.973875,1517,0
instrument,True,1,2499,285.141333,1518,0
instrument,True,1,2500,285.244048,1518,0
instrument,True,1,2501,285.333909,1519,0
instrument,True,1,2502,285.394073,1519,0
instrument,True,1,2503,285.468661,1520,0
instrument,True,1,2504,285.573573,1520,0
instrument,True,1,2505,285.633575,1521,0
instrument,True,1,2506,285.708461,1521,0
instrument,True,1,2507,285.873805,1522,0
instrument,True,1,2508,285.979463,1523,0
instrument,True,1,2509,286.068431,1523,0
instrument,True,1,2510,286.204041,1524,0
instrument,True,1,2511,286.293107,1524,0
instrument,True,1,2512,286.533029,1525,0
instrument,True,1,2513,286.773574,1527,0
instrument,True,1,2514,286.84787,1527,0
instrument,True,1,2515,286.952733,1528,0
instrument,True,1,2516,287.058033,1528,0
instrument,True,1,2517,287.147819,1529,0
instrument,True,1,2518,287.223056,1529,0
instrument,True,1,2519,287.297529,1529,0
instrument,True,1,2520,287.432681,1530,0
instrument,True,1,2521,287.567607,1531,0
instrument,True,1,2522,287.627364,1531,0
instrument,True,1,2523,287.733122,1532,0
instrument,True,1,2524,287.822458,1533,0
instrument,True,1,2525,287.987299,1533,0
instrument,True,1,2526,288.07794,1534,0
instrument,True,1,2527,288.167201,1534,0
instrument,True,1,2528,288.272937,1535,0
instrument,True,1,2529,288.391931,1535,0
instrument,True,1,2530,288.481912,1536,0
instrument,True,1,2531,288.557261,1536,0
instrument,True,1,2532,288.646779,1537,0
instrument,True,1,2533,288.826769,1538,0
instrument,True,1,2534,288.887414,1538,0
instrument,True,1,2535,288.977179,1539,0
instrument,True,1,2536,289.082146,1539,0
instrument,True,1,2537,289.202594,1540,0
instrument,True,1,2538,289.277021,1540,0
instrument,True,1,2539,289.366971,1541,0
instrument,True,1,2540,289.442075,1541,0
instrument,True,1,2541,289.531869,1542,0
instrument,True,1,2542,289.622224,1542,0
instrument,True,1,2543,289.696817,1542,0
instrument,True,1,2544,289.846698,1544,0
instrument,True,1,2545,289.952128,1544,0
instrument,True,1,2546,290.026571,1544,0
instrument,True,1,2547,290.102022,1545,0
instrument,True,1,2548,290.206999,1545,0
instrument,True,1,2549,290.356548,1546,0
instrument,True,1,2550,290.476789,1547,0
instrument,True,1,2551,290.566264,1547,0
instrument,True,1,2552,290.641236,1548,0
instrument,True,1,2553,290.716268,1548,0
instrument,True,1,2554,290.79177,1549,0
instrument,True,1,2555,290.896095,1549,0
instrument,True,1,2556,290.986028,1549,0
instrument,True,1,2557,291.108932,1550,0
instrument,True,1,2558,291.211458,1551,0
instrument,True,1,2559,291.300861,1551,0
instrument,True,1,2560,291.375817,1551,0
instrument,True,1,2561,291.466378,1552,0
instrument,True,1,2562,291.571669,1553,0
instrument,True,1,2563,291.646224,1553,0
instrument,True,1,2564,291.736173,1554,0
instrument,True,1,2565,291.840587,1554,0
instrument,True,1,2566,291.919775,1555,0
instrument,True,1,2567,292.00548,1555,0
instrument,True,1,2568,292.155749,1555,0
instrument,True,1,2569,292.305287,1557,0
instrument,True,1,2570,292.440252,1558,0
instrument,True,1,2571,292.53016,1558,0
instrument,True,1,2572,292.635095,1559,0
instrument,True,1,2573,292.740568,1559,0
instrument,True,1,2574,292.815044,1560,0
instrument,True,1,2575,292.919917,1560,0
instrument,True,1,2576,293.042051,1560,0
instrument,True,1,2577,293.175252,1561,0
instrument,True,1,2578,293.265394,1562,0
instrument,True,1,2579,293.414648,1562,0
instrument,True,1,2580,293.506247,1563,0
instrument,True,1,2581,293.598979,1564,0
instrument,True,1,2582,293.685327,1564,0
instrument,True,1,2583,293.775021,1565,0
instrument,True,1,2584,293.867607,1565,0
instrument,True,1,2585,293.98505,1566,0
instrument,True,1,2586,294.074851,1566,0
instrument,True,1,2587,294.29987,1568,0
instrument,True,1,2588,294.405257,1568,0
instrument,True,1,2589,294.495087,1568,0
instrument,True,1,2590,294.585698,1569,0
instrument,True,1,2591,294.719614,1570,0
instrument,True,1,2592,294.79459,1570,0
instrument,True,1,2593,294.884421,1571,0
instrument,True,1,2594,294.97435,1571,0
instrument,True,1,2595,295.064676,1572,0
instrument,True,1,2596,295.184217,1572,0
instrument,True,1,2597,295.274809,1573,0
instrument,True,1,2598,295.334144,1573,0
instrument,True,1,2599,295.45408,1574,0
instrument,True,1,2600,295.574001,1574,0
instrument,True,1,2601,295.664282,1575,0
instrument,True,1,2602,295.753975,1575,0
instrument,True,1,2603,295.858923,1576,0
instrument,True,1,2604,295.948852,1576,0
instrument,True,1,2605,296.068814,1577,0
instrument,True,1,2606,296.131354,1577,0
instrument,True,1,2607,296.264231,1578,0
instrument,True,1,2608,296.36862,1579,0
instrument,True,1,2609,296.443636,1579,0
instrument,True,1,2610,296.593888,1580,0
instrument,True,1,2611,296.683446,1580,0
instrument,True,1,2612,296.759302,1581,0
instrument,True,1,2613,296.908414,1582,0
instrument,True,1,2614,297.0141,1582,0
instrument,True,1,2615,297.133267,1583,0
instrument,True,1,2616,297.238202,1584,0
instrument,True,1,2617,297.37314,1584,0
instrument,True,1,2618,297.493075,1585,0
instrument,True,1,2619,297.628584,1586,0
instrument,True,1,2620,297.702956,1586,0
instrument,True,1,2621,297.823321,1587,0
instrument,True,1,2622,297.897824,1587,0
instrument,True,1,2623,298.032868,1588,0
instrument,True,1,2624,298.137681,1588,0
instrument,True,1,2625,298.212646,1589,0
instrument,True,1,2626,298.317651,1589,0
instrument,True,1,2627,298.392553,1590,0
instrument,True,1,2628,298.467497,1590,0
instrument,True,1,2629,298.572461,1591,0
instrument,True,1,2630,298.647538,1591,0
instrument,True,1,2631,298.722354,1592,0
instrument,True,1,2632,298.827761,1592,0
instrument,True,1,2633,298.936646,1593,0
instrument,True,1,2634,299.086108,1594,0
instrument,True,1,2635,299.261674,1594,0
instrument,True,1,2636,299.352109,1595,0
instrument,True,1,2637,299.426588,1595,0
instrument,True,1,2638,299.562634,1596,0
instrument,True,1,2639,299.681428,1597,0
instrument,True,1,2640,299.756541,1597,0
instrument,True,1,2641,299.831337,1597,0
instrument,True,1,2642,299.921725,1598,0
instrument,True,1,2643,300.041653,1599,0
instrument,True,1,2644,300.116845,1599,0
instrument,True,1,2645,300.206124,1600,0
instrument,True,1,2646,300.281099,1600,0
instrument,True,1,2647,300.386821,1601,0
instrument,True,1,2648,300.490994,1601,0
instrument,True,1,2649,300.581299,1602,0
instrument,True,1,2650,300.686045,1602,0
instrument,True,1,2651,300.778338,1603,0
instrument,True,1,2652,300.865746,1603,0
instrument,True,1,2653,300.971375,1604,0
instrument,True,1,2654,301.030753,1604,0
instrument,True,1,2655,301.110382,1605,0
instrument,True,1,2656,301.195741,1605,0
instrument,True,1,2657,301.28564,1605,0
instrument,True,1,2658,301.40544,1606,0
instrument,True,1,2659,301.511345,1607,0
instrument,True,1,2660,301.630534,1607,0
instrument,True,1,2661,301.765256,1608,0
instrument,True,1,2662,301.885444,1609,0
instrument,True,1,2663,301.990658,1609,0
instrument,True,1,2664,302.140039,1610,0
instrument,True,1,2665,302.274966,1611,0
instrument,True,1,2666,302.367643,1611,0
instrument,True,1,2667,302.46984,1612,0
instrument,True,1,2668,302.61975,1612,0
instrument,True,1,2669,302.709693,1613,0
instrument,True,1,2670,302.776621,1614,0
instrument,True,1,2671,302.844615,1614,0
instrument,True,1,2672,302.91954,1614,7
instrument,True,1,2673,304.299491,1615,0
instrument,True,1,2674,304.508905,1621,0
instrument,True,1,2675,304.599964,1624,0
instrument,True,1,2676,304.703998,1624,0
instrument,True,1,2677,304.884656,1625,0
instrument,True,1,2678,304.974083,1626,0
instrument,True,1,2679,305.078639,1626,0
instrument,True,1,2680,305.16853,1627,0
instrument,True,1,2681,305.258483,1627,0
instrument,True,1,2682,305.393354,1628,0
instrument,True,1,2683,305.500848,1628,0
instrument,True,1,2684,305.588277,1629,0
instrument,True,1,2685,305.663251,1629,0
instrument,True,1,2686,305.784582,1630,0
instrument,True,1,2687,305.903201,1631,0
instrument,True,1,2688,305.993543,1631,0
instrument,True,1,2689,306.157944,1632,0
instrument,True,1,2690,306.262896,1633,0
instrument,True,1,2691,306.397826,1633,0
instrument,True,1,2692,306.547736,1634,0
instrument,True,1,2693,306.652823,1634,0
instrument,True,1,2694,306.761963,1635,0
instrument,True,1,2695,306.952515,1636,0
instrument,True,1,2696,307.072515,1637,0
instrument,True,1,2697,307.162481,1637,0
instrument,True,1,2698,307.252916,1638,0
instrument,True,1,2699,307.357253,1638,0
instrument,True,1,2700,307.432172,1639,0
instrument,True,1,2701,307.522174,1639,0
instrument,True,1,2702,307.627229,1640,1
instrument,True,1,2703,308.080286,1641,0
instrument,True,1,2704,308.196796,1643,0
instrument,True,1,2705,308.286747,1643,0
instrument,True,1,2706,308.392125,1644,0
instrument,True,1,2707,308.466629,1644,0
instrument,True,1,2708,308.572054,1645,0
instrument,True,1,2709,308.692036,1645,0
instrument,True,1,2710,308.781455,1646,0
instrument,True,1,2711,308.87252,1647,0
instrument,True,1,2712,309.006964,1647,0
instrument,True,1,2713,309.111943,1648,0
instrument,True,1,2714,309.231861,1648,0
instrument,True,1,2715,309.306767,1648,0
instrument,True,1,2716,309.40209,1650,0
instrument,True,1,2717,309.48663,1650,0
instrument,True,1,2718,309.636628,1651,0
instrument,True,1,2719,309.72654,1651,0
instrument,True,1,2720,309.876449,1652,0
instrument,True,1,2721,309.982143,1653,0
instrument,True,1,2722,310.101318,1653,0
instrument,True,1,2723,310.222069,1654,0
instrument,True,1,2724,310.2962,1654,0
instrument,True,1,2725,310.371206,1655,0
instrument,True,1,2726,310.476612,1655,0
instrument,True,1,2727,310.596212,1656,0
instrument,True,1,2728,310.671034,1656,0
instrument,True,1,2729,310.761102,1657,0
instrument,True,1,2730,310.851256,1657,0
instrument,True,1,2731,310.94129,1658,0
instrument,True,1,2732,311.015791,1658,0
instrument,True,1,2733,311.211226,1659,0
instrument,True,1,2734,311.301095,1660,0
instrument,True,1,2735,311.390794,1660,0
instrument,True,1,2736,311.466274,1661,0
instrument,True,1,2737,311.585496,1661,0
instrument,True,1,2738,311.69049,1662,0
instrument,True,1,2739,311.798628,1663,0
instrument,True,1,2740,311.900287,1663,0
instrument,True,1,2741,312.03528,1664,0
instrument,True,1,2742,312.125703,1664,0
instrument,True,1,2743,312.200158,1665,0
instrument,True,1,2744,312.354391,1666,0
instrument,True,1,2745,312.470022,1666,0
instrument,True,1,2746,312.649852,1667,0
instrument,True,1,2747,312.724865,1668,0
instrument,True,1,2748,312.830315,1668,0
instrument,True,1,2749,312.920161,1669,0
instrument,True,1,2750,313.024646,1669,0
instrument,True,1,2751,313.115023,1670,0
instrument,True,1,2752,313.280014,1670,0
instrument,True,1,2753,313.354668,1671,0
instrument,True,1,2754,313.459886,1672,0
instrument,True,1,2755,313.564338,1672,0
instrument,True,1,2756,313.669287,1672,0
instrument,True,1,2757,313.804758,1673,0
instrument,True,1,2758,313.909787,1674,0
instrument,True,1,2759,314.045526,1675,0
instrument,True,1,2760,314.105119,1675,0
instrument,True,1,2761,314.240422,1676,0
instrument,True,1,2762,314.314541,1676,0
instrument,True,1,2763,314.40516,1677,0
instrument,True,1,2764,314.554798,1678,0
instrument,True,1,2765,314.629313,1678,0
instrument,True,1,2766,314.764763,1679,0
instrument,True,1,2767,314.854199,1679,0
instrument,True,1,2768,314.974116,1680,0
instrument,True,1,2769,315.049693,1680,0
instrument,True,1,2770,315.141249,1681,0
instrument,True,1,2771,315.394137,1682,0
instrument,True,1,2772,315.453855,1682,0
instrument,True,1,2773,315.574759,1683,0
instrument,True,1,2774,315.69376,1684,0
instrument,True,1,2775,315.78441,1684,0
instrument,True,1,2776,315.874104,1685,0
instrument,True,1,2777,315.978559,1685,0
instrument,True,1,2778,316.08465,1686,0
instrument,True,1,2779,316.203754,1686,0
instrument,True,1,2780,316.32376,1687,0
instrument,True,1,2781,316.398405,1688,0
instrument,True,1,2782,316.548329,1688,0
instrument,True,1,2783,316.698654,1689,0
instrument,True,1,2784,316.788116,1689,0
instrument,True,1,2785,316.863054,1690,0
instrument,True,1,2786,316.953422,1690,0
instrument,True,1,2787,317.089126,1691,0
instrument,True,1,2788,317.162866,1691,0
instrument,True,1,2789,317.327779,1692,0
instrument,True,1,2790,317.507758,1693,0
instrument,True,1,2791,317.597758,1694,0
instrument,True,1,2792,317.688025,1694,0
instrument,True,1,2793,317.822707,1695,0
instrument,True,1,2794,317.942525,1696,0
instrument,True,1,2795,318.032393,1696,0
instrument,True,1,2796,318.107746,1697,0
instrument,True,1,2797,318.212747,1697,0
instrument,True,1,2798,318.302772,1698,0
instrument,True,1,2799,318.407499,1698,0
instrument,True,1,2800,318.482543,1699,0
instrument,True,1,2801,318.557078,1699,0
instrument,True,1,2802,318.662532,1700,0
instrument,True,1,2803,318.767438,1700,0
instrument,True,1,2804,318.857506,1701,0
instrument,True,1,2805,318.917645,1701,0
instrument,True,1,2806,319.112354,1702,0
instrument,True,1,2807,319.24737,1703,0
instrument,True,1,2808,319.322363,1703,0
instrument,True,1,2809,319.427689,1704,0
instrument,True,1,2810,319.502144,1704,0
instrument,True,1,2811,319.578238,1705,0
instrument,True,1,2812,319.682041,1705,0
instrument,True,1,2813,319.786976,1706,0
instrument,True,1,2814,319.906921,1707,0
instrument,True,1,2815,320.011841,1707,0
instrument,True,1,2816,320.101822,1708,0
instrument,True,1,2817,320.191735,1708,0
instrument,True,1,2818,320.297191,1709,0
instrument,True,1,2819,320.387049,1709,0
instrument,True,1,2820,320.521586,1710,0
instrument,True,1,2821,320.686467,1711,0
instrument,True,1,2822,320.776422,1711,0
instrument,True,1,2823,320.881839,1712,0
instrument,True,1,2824,320.95631,1712,0
instrument,True,1,2825,321.061834,1713,0
instrument,True,1,2826,321.13682,1713,0
instrument,True,1,2827,321.241455,1714,0
instrument,True,1,2828,321.365517,1715,0
instrument,True,1,2829,321.466269,1715,0
instrument,True,1,2830,321.555981,1715,0
instrument,True,1,2831,321.676388,1716,0
instrument,True,1,2832,321.781314,1717,0
instrument,True,1,2833,321.931545,1718,0
instrument,True,1,2834,322.035706,1718,0
instrument,True,1,2835,322.126407,1719,0
instrument,True,1,2836,322.261189,1719,0
instrument,True,1,2837,322.350531,1719,0
instrument,True,1,2838,322.44091,1720,0
instrument,True,1,2839,322.545842,1721,0
instrument,True,1,2840,322.665336,1721,0
instrument,True,1,2841,322.770274,1722,0
instrument,True,1,2842,322.860188,1722,5
instrument,True,1,2843,323.989257,1724,0
instrument,True,1,2844,324.109703,1725,0
instrument,True,1,2845,324.16602,1726,0
instrument,True,1,2846,324.285238,1727,0
instrument,True,1,2847,324.408479,1728,0
instrument,True,1,2848,324.48095,1731,0
instrument,True,1,2849,324.569808,1732,0
instrument,True,1,2850,324.69145,1733,0
instrument,True,1,2851,324.780099,1733,0
instrument,True,1,2852,324.899834,1733,0
instrument,True,1,2853,325.004734,1734,0
instrument,True,1,2854,325.079531,1734,0
instrument,True,1,2855,325.274395,1735,0
instrument,True,1,2856,325.364722,1736,0
instrument,True,1,2857,325.484274,1737,0
instrument,True,1,2858,325.609077,1738,0
instrument,True,1,2859,325.724392,1738,0
instrument,True,1,2860,325.813857,1738,0
instrument,True,1,2861,325.934845,1739,0
instrument,True,1,2862,326.086097,1740,0
instrument,True,1,2863,326.174422,1740,0
instrument,True,1,2864,326.24977,1741,0
instrument,True,1,2865,326.38404,1742,0
instrument,True,1,2866,326.519023,1742,0
instrument,True,1,2867,326.593645,1743,0
instrument,True,1,2868,326.715828,1743,0
instrument,True,1,2869,326.803336,1744,0
instrument,True,1,2870,326.908577,1744,0
instrument,True,1,2871,326.983888,1745,0
instrument,True,1,2872,327.08813,1745,0
instrument,True,1,2873,327.163101,1746,0
instrument,True,1,2874,327.253043,1746,0
instrument,True,1,2875,327.328014,1747,0
instrument,True,1,2876,327.402957,1747,0
instrument,True,1,2877,327.507914,1748,0
instrument,True,1,2878,327.612833,1748,0
instrument,True,1,2879,327.697736,1749,0
instrument,True,1,2880,327.79312,1749,0
instrument,True,1,2881,327.87204,1750,0
instrument,True,1,2882,327.973019,1750,0
instrument,True,1,2883,328.0629,1751,0
instrument,True,1,2884,328.242966,1752,0
instrument,True,1,2885,328.347446,1752,0
instrument,True,1,2886,328.437355,1753,0
instrument,True,1,2887,328.546672,1754,0
instrument,True,1,2888,328.663201,1754,0
instrument,True,1,2889,328.81234,1755,0
instrument,True,1,2890,328.887731,1755,0
instrument,True,1,2891,329.00803,1756,0
instrument,True,1,2892,329.097993,1756,0
instrument,True,1,2893,329.187591,1756,0
instrument,True,1,2894,329.29249,1757,0
instrument,True,1,2895,329.382529,1758,0
instrument,True,1,2896,329.457394,1758,0
instrument,True,1,2897,329.547806,1759,0
instrument,True,1,2898,329.667287,1759,0
instrument,True,1,2899,329.743069,1760,0
instrument,True,1,2900,329.892627,1761,0
instrument,True,1,2901,329.967098,1761,0
instrument,True,1,2902,330.10224,1762,0
instrument,True,1,2903,330.207017,1762,0
instrument,True,1,2904,330.372167,1763,0
instrument,True,1,2905,330.4619,1764,0
instrument,True,1,2906,330.732258,1765,0
instrument,True,1,2907,330.821756,1765,0
instrument,True,1,2908,330.956721,1766,0
instrument,True,1,2909,331.046652,1767,0
instrument,True,1,2910,331.124023,1767,0
instrument,True,1,2911,331.226392,1768,0
instrument,True,1,2912,331.316387,1768,0
instrument,True,1,2913,331.436658,1769,0
instrument,True,1,2914,331.526233,1770,0
instrument,True,1,2915,331.616163,1770,0
instrument,True,1,2916,331.811492,1771,0
instrument,True,1,2917,331.930985,1772,0
instrument,True,1,2918,332.006316,1772,0
instrument,True,1,2919,332.080889,1773,0
instrument,True,1,2920,332.156356,1773,0
instrument,True,1,2921,332.26369,1773,0
instrument,True,1,2922,332.336591,1774,0
instrument,True,1,2923,332.425707,1774,0
instrument,True,1,2924,332.515657,1775,0
instrument,True,1,2925,332.620577,1775,0
instrument,True,1,2926,332.681695,1776,0
instrument,True,1,2927,332.800479,1776,0
instrument,True,1,2928,332.890456,1777,0
instrument,True,1,2929,333.026441,1778,0
instrument,True,1,2930,333.115331,1778,0
instrument,True,1,2931,333.20616,1779,0
instrument,True,1,2932,333.295205,1779,0
instrument,True,1,2933,333.385144,1780,0
instrument,True,1,2934,333.505105,1780,0
instrument,True,1,2935,333.595126,1781,0
instrument,True,1,2936,333.699966,1781,0
instrument,True,1,2937,333.790457,1782,0
instrument,True,1,2938,333.898348,1782,0
instrument,True,1,2939,334.000403,1783,0
instrument,True,1,2940,334.105806,1783,0
instrument,True,1,2941,334.226318,1784,0
instrument,True,1,2942,334.360284,1784,0
instrument,True,1,2943,334.45019,1785,0
instrument,True,1,2944,334.555117,1786,0
instrument,True,1,2945,334.645018,1786,0
instrument,True,1,2946,334.749962,1787,0
instrument,True,1,2947,334.813014,1787,0
instrument,True,1,2948,334.884873,1788,0
instrument,True,1,2949,334.975008,1788,0
instrument,True,1,2950,335.049801,1789,0
instrument,True,1,2951,335.14039,1789,0
instrument,True,1,2952,335.319896,1790,0
instrument,True,1,2953,335.440045,1791,0
instrument,True,1,2954,335.545061,1791,0
instrument,True,1,2955,335.634459,1792,0
instrument,True,1,2956,335.770528,1793,0
instrument,True,1,2957,335.904312,1793,0
instrument,True,1,2958,335.96429,1794,0
instrument,True,1,2959,336.054378,1794,0
instrument,True,1,2960,336.144179,1795,0
instrument,True,1,2961,336.249334,1795,0
instrument,True,1,2962,336.354089,1796,0
instrument,True,1,2963,336.444372,1796,0
instrument,True,1,2964,336.564456,1797,0
instrument,True,1,2965,336.700122,1798,0
instrument,True,1,2966,336.819235,1798,0
instrument,True,1,2967,336.954175,1799,0
instrument,True,1,2968,337.044096,1799,0
instrument,True,1,2969,337.150163,1800,0
instrument,True,1,2970,337.254846,1801,0
instrument,True,1,2971,337.344455,1801,0
instrument,True,1,2972,337.53919,1802,0
instrument,True,1,2973,337.70429,1803,0
instrument,True,1,2974,337.824633,1804,0
instrument,True,1,2975,337.929022,1804,0
instrument,True,1,2976,338.108505,1805,0
instrument,True,1,2977,338.258808,1806,0
instrument,True,1,2978,338.379069,1807,0
instrument,True,1,2979,338.498854,1807,0
instrument,True,1,2980,338.663339,1808,0
instrument,True,1,2981,338.828928,1809,0
instrument,True,1,2982,338.937561,1810,0
instrument,True,1,2983,339.023243,1810,0
instrument,True,1,2984,339.128662,1811,0
instrument,True,1,2985,339.278342,1812,0
instrument,True,1,2986,339.353261,1812,0
instrument,True,1,2987,339.473114,1813,0
instrument,True,1,2988,339.547949,1813,0
instrument,True,1,2989,339.638045,1813,0
instrument,True,1,2990,339.727835,1813,0
instrument,True,1,2991,339.877843,1815,0
instrument,True,1,2992,339.968311,1815,0
instrument,True,1,2993,340.103335,1816,0
instrument,True,1,2994,340.208674,1816,0
instrument,True,1,2995,340.283237,1817,0
instrument,True,1,2996,340.358219,1817,0
instrument,True,1,2997,340.463105,1818,0
instrument,True,1,2998,340.600802,1818,0
instrument,True,1,2999,340.73287,1819,0
instrument,True,1,3000,340.792881,1820,0
instrument,True,1,3001,340.912967,1821,0
instrument,True,1,3002,341.018366,1821,0
instrument,True,1,3003,341.110576,1821,0
instrument,True,1,3004,341.258127,1823,0
instrument,True,1,3005,341.393123,1823,0
instrument,True,1,3006,341.527506,1823,0
instrument,True,1,3007,341.662405,1824,0
instrument,True,1,3008,341.81242,1825,0
instrument,True,1,3009,341.887658,1826,0
instrument,True,1,3010,342.052786,1827,0
instrument,True,1,3011,342.218448,1828,0
instrument,True,1,3012,342.352153,1828,0
instrument,True,1,3013,342.42709,1829,0
instrument,True,1,3014,342.547904,1829,0
instrument,True,1,3015,342.637,1830,0
instrument,True,1,3016,342.756927,1830,0
instrument,True,1,3017,342.877264,1831,0
instrument,True,1,3018,342.953435,1831,0
instrument,True,1,3019,343.043804,1832,0
instrument,True,1,3020,343.146948,1832,0
instrument,True,1,3021,343.296778,1833,0
instrument,True,1,3022,343.386663,1834,0
instrument,True,1,3023,343.476517,1834,0
instrument,True,1,3024,343.656845,1835,0
instrument,True,1,3025,343.746349,1835,0
instrument,True,1,3026,343.836416,1836,0
instrument,True,1,3027,343.911981,1837,0
instrument,True,1,3028,343.986931,1837,0
instrument,True,1,3029,344.080795,1838,0
instrument,True,1,3030,344.151786,1838,0
instrument,True,1,3031,344.241688,1839,0
instrument,True,1,3032,344.376711,1839,0
instrument,True,1,3033,344.467903,1840,0
instrument,True,1,3034,344.556687,1840,0
instrument,True,1,3035,344.691639,1841,0
instrument,True,1,3036,344.781591,1842,0
instrument,True,1,3037,344.856956,1842,0
instrument,True,1,3038,344.931757,1842,0
instrument,True,1,3039,345.051234,1842,0
instrument,True,1,3040,345.126179,1843,0
instrument,True,1,3041,345.23191,1844,0
instrument,True,1,3042,345.323998,1844,0
instrument,True,1,3043,345.411755,1845,0
instrument,True,1,3044,345.561444,1845,0
instrument,True,1,3045,345.635902,1846,0
instrument,True,1,3046,345.725843,1847,0
instrument,True,1,3047,345.831284,1847,0
instrument,True,1,3048,345.905745,1847,0
instrument,True,1,3049,346.010752,1848,0
instrument,True,1,3050,346.100648,1849,0
instrument,True,1,3051,346.191439,1849,0
instrument,True,1,3052,346.295466,1849,6
instrument,True,1,3053,347.584943,1849,0
instrument,True,1,3054,347.675569,1851,0
instrument,True,1,3055,347.779674,1852,0
instrument,True,1,3056,347.857424,1854,0
instrument,True,1,3057,348.034605,1856,0
instrument,True,1,3058,348.109485,1857,0
instrument,True,1,3059,348.18448,1858,0
instrument,True,1,3060,348.308482,1860,0
instrument,True,1,3061,348.471969,1862,0
instrument,True,1,3062,348.574674,1862,0
instrument,True,1,3063,348.679602,1863,0
instrument,True,1,3064,348.799204,1863,0
instrument,True,1,3065,348.889661,1864,0
instrument,True,1,3066,348.979659,1864,0
instrument,True,1,3067,349.114595,1865,0
instrument,True,1,3068,349.22194,1865,0
instrument,True,1,3069,349.294774,1866,0
instrument,True,1,3070,349.369476,1866,0
instrument,True,1,3071,349.459281,1867,0
instrument,True,1,3072,349.624406,1868,0
instrument,True,1,3073,349.699151,1868,0
instrument,True,1,3074,349.778554,1869,0
instrument,True,1,3075,349.894586,1869,0
instrument,True,1,3076,349.968621,1870,0
instrument,True,1,3077,350.089053,1870,0
instrument,True,1,3078,350.193667,1871,0
instrument,True,1,3079,350.268716,1871,0
instrument,True,1,3080,350.433679,1872,0
instrument,True,1,3081,350.523318,1872,0
instrument,True,1,3082,350.660931,1873,0
instrument,True,1,3083,350.733217,1874,0
instrument,True,1,3084,350.808243,1874,0
instrument,True,1,3085,350.898177,1874,0
instrument,True,1,3086,350.958924,1875,0
instrument,True,1,3087,351.093409,1875,0
instrument,True,1,3088,351.242918,1876,0
instrument,True,1,3089,351.334213,1877,0
instrument,True,1,3090,351.441674,1878,1
instrument,True,1,3091,351.857521,1880,0
instrument,True,1,3092,351.948558,1880,0
instrument,True,1,3093,352.037478,1881,0
instrument,True,1,3094,352.143232,1881,0
instrument,True,1,3095,352.267352,1882,0
instrument,True,1,3096,352.352273,1882,0
instrument,True,1,3097,352.442224,1883,0
instrument,True,1,3098,352.536067,1884,0
instrument,True,1,3099,352.652098,1884,0
instrument,True,1,3100,352.78834,1885,0
instrument,True,1,3101,352.877302,1885,0
instrument,True,1,3102,352.997395,1886,0
instrument,True,1,3103,353.132394,1887,0
instrument,True,1,3104,353.252209,1887,0
instrument,True,1,3105,353.327227,1888,0
instrument,True,1,3106,353.402524,1888,0
instrument,True,1,3107,353.491637,1889,0
instrument,True,1,3108,353.596986,1889,0
instrument,True,1,3109,353.731974,1890,0
instrument,True,1,3110,353.821848,1890,0
instrument,True,1,3111,353.972476,1891,0
instrument,True,1,3112,354.137034,1892,0
instrument,True,1,3113,354.196806,1892,0
instrument,True,1,3114,354.346755,1893,0
instrument,True,1,3115,354.451681,1894,0
instrument,True,1,3116,354.556619,1894,0
instrument,True,1,3117,354.646591,1894,0
instrument,True,1,3118,354.796982,1896,0
instrument,True,1,3119,354.901514,1896,0
instrument,True,1,3120,355.021389,1897,0
instrument,True,1,3121,355.096791,1897,0
instrument,True,1,3122,355.186327,1898,0
instrument,True,1,3123,355.336166,1898,0
instrument,True,1,3124,355.426263,1899,0
instrument,True,1,3125,355.516551,1900,0
instrument,True,1,3126,355.666243,1900,0
instrument,True,1,3127,355.740938,1901,0
instrument,True,1,3128,355.849686,1902,0
instrument,True,1,3129,355.921274,1902,0
instrument,True,1,3130,356.043369,1902,0
instrument,True,1,3131,356.160811,1903,0
instrument,True,1,3132,356.326218,1904,0
instrument,True,1,3133,356.460531,1904,0
instrument,True,1,3134,356.535999,1905,0
instrument,True,1,3135,356.670381,1906,0
instrument,True,1,3136,356.835743,1907,0
instrument,True,1,3137,356.940524,1907,0
instrument,True,1,3138,357.044964,1908,0
instrument,True,1,3139,357.1349,1908,0
instrument,True,1,3140,357.270304,1909,0
instrument,True,1,3141,357.3772,1909,0
instrument,True,1,3142,357.479934,1910,0
instrument,True,1,3143,357.569635,1911,0
instrument,True,1,3144,357.659627,1911,0
instrument,True,1,3145,357.735316,1912,0
instrument,True,1,3146,357.83945,1912,0
instrument,True,1,3147,357.959422,1913,0
instrument,True,1,3148,358.03478,1913,0
instrument,True,1,3149,358.139322,1913,0
instrument,True,1,3150,358.274439,1915,0
instrument,True,1,3151,358.37919,1915,0
instrument,True,1,3152,358.454286,1915,0
instrument,True,1,3153,358.574198,1916,0
instrument,True,1,3154,358.696367,1917,0
instrument,True,1,3155,358.80298,1918,0
instrument,True,1,3156,358.903743,1918,0
instrument,True,1,3157,359.053864,1918,0
instrument,True,1,3158,359.218806,1920,0
instrument,True,1,3159,359.338813,1920,0
instrument,True,1,3160,359.44457,1921,0
instrument,True,1,3161,359.533183,1921,0
instrument,True,1,3162,359.668091,1922,0
instrument,True,1,3163,359.747368,1923,0
instrument,True,1,3164,359.877966,1923,0
instrument,True,1,3165,359.953429,1924,0
instrument,True,1,3166,360.044174,1924,0
instrument,True,1,3167,360.133267,1925,0
instrument,True,1,3168,360.223379,1925,0
instrument,True,1,3169,360.312725,1926,0
instrument,True,1,3170,360.402849,1926,0
instrument,True,1,3171,360.507611,1927,0
instrument,True,1,3172,360.642588,1928,0
instrument,True,1,3173,360.747499,1928,0
instrument,True,1,3174,360.867458,1929,0
instrument,True,1,3175,361.051518,1930,0
instrument,True,1,3176,361.167994,1930,0
instrument,True,1,3177,361.347154,1931,0
instrument,True,1,3178,361.437098,1931,0
instrument,True,1,3179,361.497536,1932,0
instrument,True,1,3180,361.572016,1933,0
instrument,True,1,3181,361.647483,1933,0
instrument,True,1,3182,361.766885,1933,0
instrument,True,1,3183,361.841912,1934,0
instrument,True,1,3184,361.916866,1934,0
instrument,True,1,3185,362.036744,1935,0
instrument,True,1,3186,362.216644,1935,0
instrument,True,1,3187,362.351564,1937,0
instrument,True,1,3188,362.474445,1937,0
instrument,True,1,3189,362.60646,1938,0
instrument,True,1,3190,362.72635,1939,0
instrument,True,1,3191,362.831728,1939,0
instrument,True,1,3192,362.977406,1940,0
instrument,True,1,3193,363.056667,1940,0
instrument,True,1,3194,363.146228,1941,0
instrument,True,1,3195,363.236058,1941,0
instrument,True,1,3196,363.370994,1942,0
instrument,True,1,3197,363.490891,1943,0
instrument,True,1,3198,363.581075,1943,0
instrument,True,1,3199,363.655812,1943,0
instrument,True,1,3200,363.794231,1945,0
instrument,True,1,3201,363.911778,1945,0
instrument,True,1,3202,364.016392,1946,0
instrument,True,1,3203,364.091482,1946,0
instrument,True,1,3204,364.211099,1947,0
instrument,True,1,3205,364.316517,1947,0
instrument,True,1,3206,364.391453,1948,0
instrument,True,1,3207,364.465941,1948,0
instrument,True,1,3208,364.601264,1948,0
instrument,True,1,3209,364.675837,1949,0
instrument,True,1,3210,364.810768,1950,0
instrument,True,1,3211,364.915827,1951,0
instrument,True,1,3212,365.035681,1951,0
instrument,True,1,3213,365.185651,1952,0
instrument,True,1,3214,365.260512,1952,0
instrument,True,1,3215,365.335482,1953,0
instrument,True,1,3216,365.485937,1954,0
instrument,True,1,3217,365.623295,1954,0
instrument,True,1,3218,365.755298,1955,0
instrument,True,1,3219,365.950097,1956,0
instrument,True,1,3220,366.025925,1956,0
instrument,True,1,3221,366.100731,1957,5
instrument,True,1,3222,367.254399,1957,0
instrument,True,1,3223,367.329808,1958,0
instrument,True,1,3224,367.479723,1960,0
instrument,True,1,3225,367.59917,1961,0
instrument,True,1,3226,367.689143,1964,0
instrument,True,1,3227,367.765359,1966,0
instrument,True,1,3228,367.841516,1967,0
instrument,True,1,3229,367.959469,1967,0
instrument,True,1,3230,368.139337,1968,0
instrument,True,1,3231,368.229364,1969,0
instrument,True,1,3232,368.424499,1970,0
instrument,True,1,3233,368.513651,1970,0
instrument,True,1,3234,368.589349,1970,0
instrument,True,1,3235,368.708986,1971,0
instrument,True,1,3236,368.813491,1972,0
instrument,True,1,3237,368.889128,1972,0
instrument,True,1,3238,368.965267,1973,0
instrument,True,1,3239,369.053933,1973,0
instrument,True,1,3240,369.143917,1974,0
instrument,True,1,3241,369.219006,1974,0
instrument,True,1,3242,369.369833,1975,0
instrument,True,1,3243,369.444684,1975,0
instrument,True,1,3244,369.548784,1976,0
instrument,True,1,3245,369.653697,1976,0
instrument,True,1,3246,369.77424,1977,0
instrument,True,1,3247,369.834003,1977,0
instrument,True,1,3248,369.938641,1978,0
instrument,True,1,3249,370.05889,1978,0
instrument,True,1,3250,370.179243,1979,0
instrument,True,1,3251,370.283418,1980,0
instrument,True,1,3252,370.373299,1980,0
instrument,True,1,3253,370.463748,1980,0
instrument,True,1,3254,370.56811,1981,0
instrument,True,1,3255,370.64302,1982,0
instrument,True,1,3256,370.778393,1982,0
instrument,True,1,3257,370.867943,1983,0
instrument,True,1,3258,370.95784,1983,0
instrument,True,1,3259,371.048279,1984,0
instrument,True,1,3260,371.152644,1984,0
instrument,True,1,3261,371.27267,1985,0
instrument,True,1,3262,371.3372,1986,0
instrument,True,1,3263,371.437518,1986,0
instrument,True,1,3264,371.527445,1986,0
instrument,True,1,3265,371.632378,1986,0
instrument,True,1,3266,371.752267,1987,0
instrument,True,1,3267,371.85784,1988,0
instrument,True,1,3268,371.977226,1989,0
instrument,True,1,3269,372.087127,1990,0
instrument,True,1,3270,372.202497,1990,0
instrument,True,1,3271,372.292803,1991,0
instrument,True,1,3272,372.397424,1991,0
instrument,True,1,3273,372.501907,1992,0
instrument,True,1,3274,372.577321,1992,0
instrument,True,1,3275,372.651865,1993,0
instrument,True,1,3276,372.72733,1993,0
instrument,True,1,3277,372.861715,1993,0
instrument,True,1,3278,372.996679,1994,0
instrument,True,1,3279,373.179006,1995,0
instrument,True,1,3280,373.311753,1996,0
instrument,True,1,3281,373.401371,1996,0
instrument,True,1,3282,373.507349,1997,0
instrument,True,1,3283,373.596299,1998,0
instrument,True,1,3284,373.671236,1998,0
instrument,True,1,3285,373.761165,1999,0
instrument,True,1,3286,373.881685,1999,0
instrument,True,1,3287,374.061686,2000,0
instrument,True,1,3288,374.13656,2000,0
instrument,True,1,3289,374.391393,2000,0
instrument,True,1,3290,374.481344,2000,0
instrument,True,1,3291,374.586266,2000,0
instrument,True,1,3291,374.60129,2000,0
instrument,True,10,0,4.182032,0,0
instrument,True,10,1,4.482189,0,0
instrument,True,10,2,4.692494,0,0
instrument,True,10,3,4.767447,0,0
instrument,True,10,4,5.007961,0,0
instrument,True,10,5,5.18762,0,0
instrument,True,10,6,5.353054,0,0
instrument,True,10,7,5.488928,0,0
instrument,True,10,8,5.607955,0,0
instrument,True,10,9,5.742814,0,0
instrument,True,10,10,5.862887,0,0
instrument,True,10,11,5.937731,0,0
instrument,True,10,12,6.05769,0,0
instrument,True,10,13,6.132613,0,0
instrument,True,10,14,6.297396,0,0
instrument,True,10,15,6.403174,0,0
instrument,True,10,16,6.597224,0,0
instrument,True,10,17,6.746728,0,0
instrument,True,10,18,6.82243,0,0
instrument,True,10,19,7.092191,0,0
instrument,True,10,20,7.242215,0,0
instrument,True,10,21,7.34703,1,0
instrument,True,10,22,7.482635,1,0
instrument,True,10,23,7.606836,2,0
instrument,True,10,24,7.721925,3,0
instrument,True,10,25,7.811869,3,0
instrument,True,10,26,7.88723,4,0
instrument,True,10,27,8.096804,4,0
instrument,True,10,28,8.217154,5,0
instrument,True,10,29,8.29223,6,0
instrument,True,10,30,8.486499,6,0
instrument,True,10,31,8.621566,7,0
instrument,True,10,32,8.726863,7,0
instrument,True,10,33,8.906487,9,0
instrument,True,10,34,9.2213,10,0
instrument,True,10,35,9.416016,12,0
instrument,True,10,36,9.523539,13,0
instrument,True,10,37,9.850894,14,0
instrument,True,10,38,10.060644,15,0
instrument,True,10,39,10.181191,16,0
instrument,True,10,40,10.375522,16,0
instrument,True,10,41,10.675807,17,0
instrument,True,10,42,10.885273,18,0
instrument,True,10,43,10.990208,18,0
instrument,True,10,44,11.215181,19,0
instrument,True,10,45,11.32004,20,0
instrument,True,10,46,11.439958,20,0
instrument,True,10,47,11.695199,22,0
instrument,True,10,48,11.784762,22,0
instrument,True,10,49,11.954137,24,0
instrument,True,10,50,12.11472,25,0
instrument,True,10,51,12.33949,25,0
instrument,True,10,52,12.459372,25,0
instrument,True,10,53,12.624323,26,0
instrument,True,10,54,13.044044,27,0
instrument,True,10,55,13.179554,30,0
instrument,True,10,56,13.268943,31,0
instrument,True,10,57,13.374411,31,0
instrument,True,10,58,13.553767,31,0
instrument,True,10,59,13.843556,34,0
instrument,True,10,60,14.228422,35,0
instrument,True,10,61,14.333431,36,0
instrument,True,10,62,14.663224,36,0
instrument,True,10,63,14.888441,37,0
instrument,True,10,64,14.948301,38,0
instrument,True,10,65,15.023047,39,0
instrument,True,10,66,15.18787,39,0
instrument,True,10,67,15.654545,40,0
instrument,True,10,68,15.802546,41,0
instrument,True,10,69,16.282263,42,0
instrument,True,10,70,16.432171,43,0
instrument,True,10,71,16.657021,43,0
instrument,True,10,72,16.851968,44,0
instrument,True,10,73,17.226659,47,0
instrument,True,10,74,17.496693,49,0
instrument,True,10,75,17.67647,50,0
instrument,True,10,76,17.871455,52,0
instrument,True,10,77,17.991298,52,0
instrument,True,10,78,18.096238,53,0
instrument,True,10,79,18.216103,53,0
instrument,True,10,80,18.411262,55,0
instrument,True,10,81,18.545971,55,0
instrument,True,10,82,18.965726,57,0
instrument,True,10,83,19.100654,58,0
instrument,True,10,84,19.550855,60,0
instrument,True,10,85,19.685307,61,0
instrument,True,10,86,19.8204,63,0
instrument,True,10,87,19.94017,63,0
instrument,True,10,88,20.152777,63,0
instrument,True,10,89,20.300352,64,0
instrument,True,10,90,20.374958,64,0
instrument,True,10,91,20.692376,65,0
instrument,True,10,92,20.959759,69,0
instrument,True,10,93,21.263634,73,0
instrument,True,10,94,21.349901,75,0
instrument,True,10,95,21.469303,77,0
instrument,True,10,96,21.724111,78,0
instrument,True,10,97,21.919086,78,0
instrument,True,10,98,22.218849,79,0
instrument,True,10,99,22.458827,82,0
instrument,True,10,100,22.533805,83,0
instrument,True,10,101,22.968951,83,0
instrument,True,10,102,23.180517,84,0
instrument,True,10,103,23.274079,86,0
instrument,True,10,104,23.53814,87,7
instrument,True,10,105,24.993213,88,0
instrument,True,10,106,25.32335,90,0
instrument,True,10,107,25.517666,92,0
instrument,True,10,108,25.71336,93,0
instrument,True,10,109,25.804985,93,0
instrument,True,10,110,25.985917,94,0
instrument,True,10,111,26.19245,96,0
instrument,True,10,112,26.522322,96,0
instrument,True,10,113,26.642269,98,0
instrument,True,10,114,26.810334,99,0
instrument,True,10,115,27.092143,100,0
instrument,True,10,116,27.274305,101,0
instrument,True,10,117,27.466784,102,0
instrument,True,10,118,27.706742,104,0
instrument,True,10,119,27.871582,106,0
instrument,True,10,120,27.991537,107,0
instrument,True,10,121,28.12863,107,1
instrument,True,10,122,28.606359,110,0
instrument,True,10,123,28.861049,111,0
instrument,True,10,124,28.980997,111,0
instrument,True,10,125,29.131579,111,0
instrument,True,10,126,29.251831,112,0
instrument,True,10,127,29.386734,113,0
instrument,True,10,128,29.461636,114,0
instrument,True,10,129,29.911083,115,0
instrument,True,10,130,30.031454,116,0
instrument,True,10,131,30.19592,116,0
instrument,True,10,132,30.285849,118,0
instrument,True,10,133,30.480722,118,0
instrument,True,10,134,30.572781,121,0
instrument,True,10,135,30.676906,122,0
instrument,True,10,136,30.784231,123,0
instrument,True,10,137,30.886289,125,0
instrument,True,10,138,31.00886,126,0
instrument,True,10,139,31.081371,127,0
instrument,True,10,140,31.215433,129,0
instrument,True,10,141,31.395353,129,0
instrument,True,10,142,31.500903,131,0
instrument,True,10,143,31.845076,133,0
instrument,True,10,144,31.965121,134,0
instrument,True,10,145,32.100982,135,0
instrument,True,10,146,32.235001,136,0
instrument,True,10,147,32.372134,137,0
instrument,True,10,148,32.504793,137,0
instrument,True,10,149,32.729638,137,0
instrument,True,10,150,32.999489,138,0
instrument,True,10,151,33.164423,139,0
instrument,True,10,152,33.421677,140,0
instrument,True,10,153,33.56928,141,0
instrument,True,10,154,33.929091,143,0
instrument,True,10,155,34.243879,145,0
instrument,True,10,156,34.543737,146,0
instrument,True,10,157,34.618692,146,0
instrument,True,10,158,34.78363,148,0
instrument,True,10,159,34.919396,149,0
instrument,True,10,160,35.023445,151,0
instrument,True,10,161,35.128404,151,0
instrument,True,10,162,35.368368,153,0
instrument,True,10,163,35.50342,154,0
instrument,True,10,164,35.608143,154,0
instrument,True,10,165,35.818238,155,0
instrument,True,10,166,36.002927,156,0
instrument,True,10,167,36.073405,157,0
instrument,True,10,168,36.222871,157,0
instrument,True,10,169,36.387947,158,0
instrument,True,10,170,36.627823,159,0
instrument,True,10,171,36.792938,160,0
instrument,True,10,172,37.080853,161,0
instrument,True,10,173,37.242479,162,0
instrument,True,10,174,37.392408,164,0
instrument,True,10,175,37.603201,165,0
instrument,True,10,176,37.677184,165,0
instrument,True,10,177,37.78268,166,0
instrument,True,10,178,38.021924,166,0
instrument,True,10,179,38.472178,169,0
instrument,True,10,180,38.60664,169,0
instrument,True,10,181,38.726561,169,0
instrument,True,10,182,38.831633,170,0
instrument,True,10,183,38.966566,171,0
instrument,True,10,184,39.341816,171,0
instrument,True,10,185,39.506244,171,0
instrument,True,10,186,39.716191,172,0
instrument,True,10,187,39.821135,172,0
instrument,True,10,188,40.105897,173,0
instrument,True,10,189,40.271578,173,0
instrument,True,10,190,40.555752,176,0
instrument,True,10,191,41.020532,180,0
instrument,True,10,192,41.110434,180,0
instrument,True,10,193,41.260487,181,0
instrument,True,10,194,41.335323,182,0
instrument,True,10,195,41.445084,183,0
instrument,True,10,196,41.650199,184,0
instrument,True,10,197,41.830099,187,0
instrument,True,10,198,42.010076,188,0
instrument,True,10,199,42.20492,189,5
instrument,True,10,200,43.210471,190,0
instrument,True,10,201,43.419215,191,0
instrument,True,10,202,43.542521,192,0
instrument,True,10,203,43.644081,193,0
instrument,True,10,204,43.734062,195,0
instrument,True,10,205,43.839316,196,0
instrument,True,10,206,43.944347,197,0
instrument,True,10,207,44.128074,199,0
instrument,True,10,208,44.214264,201,0
instrument,True,10,209,44.304441,201,0
instrument,True,10,210,44.604003,202,0
instrument,True,10,211,44.813517,202,0
instrument,True,10,212,45.251939,206,0
instrument,True,10,213,45.355996,206,0
instrument,True,10,214,45.593136,207,0
instrument,True,10,215,45.877964,208,0
instrument,True,10,216,46.180417,210,0
instrument,True,10,217,46.374054,211,0
instrument,True,10,218,46.75188,213,0
instrument,True,10,219,46.915142,214,0
instrument,True,10,220,47.047462,215,0
instrument,True,10,221,47.317246,217,0
instrument,True,10,222,47.437198,217,0
instrument,True,10,223,47.632237,218,0
instrument,True,10,224,47.782742,219,0
instrument,True,10,225,47.902055,220,0
instrument,True,10,226,48.051991,220,0
instrument,True,10,227,48.216873,221,0
instrument,True,10,228,48.504069,222,0
instrument,True,10,229,48.786664,222,0
instrument,True,10,230,48.966568,223,0
instrument,True,10,231,49.10151,223,0
instrument,True,10,232,49.326508,224,0
instrument,True,10,233,49.465081,224,0
instrument,True,10,234,49.536215,225,0
instrument,True,10,235,49.866999,226,0
instrument,True,10,236,50.02065,228,0
instrument,True,10,237,50.214478,229,0
instrument,True,10,238,50.31975,231,0
instrument,True,10,239,50.602692,231,0
instrument,True,10,240,50.857724,232,0
instrument,True,10,241,51.035479,232,0
instrument,True,10,242,51.220269,234,0
instrument,True,10,243,51.470332,235,0
instrument,True,10,244,51.665297,235,0
instrument,True,10,245,52.05496,235,0
instrument,True,10,246,52.399852,240,0
instrument,True,10,247,52.609833,242,0
instrument,True,10,248,53.059569,243,0
instrument,True,10,249,53.179438,243,0
instrument,True,10,250,53.467788,244,0
instrument,True,10,251,53.584589,245,0
instrument,True,10,252,53.766131,245,0
instrument,True,10,253,53.913889,247,0
instrument,True,10,254,54.123707,247,0
instrument,True,10,255,54.348681,248,0
instrument,True,10,256,54.45478,250,0
instrument,True,10,257,54.694491,252,0
instrument,True,10,258,54.933282,252,0
instrument,True,10,259,55.128111,254,0
instrument,True,10,260,55.293734,255,0
instrument,True,10,261,55.430566,256,0
instrument,True,10,262,55.578443,259,0
instrument,True,10,263,55.75797,259,0
instrument,True,10,264,55.997809,261,0
instrument,True,10,265,56.193535,262,0
instrument,True,10,266,56.42139,262,0
instrument,True,10,267,56.537727,263,0
instrument,True,10,268,56.717898,265,0
instrument,True,10,269,56.80748,265,0
instrument,True,10,270,57.077625,266,0
instrument,True,10,271,57.212221,267,0
instrument,True,10,272,57.392109,267,0
instrument,True,10,273,57.619531,270,0
instrument,True,10,274,57.826951,270,0
instrument,True,10,275,57.947084,271,0
instrument,True,10,276,58.156757,271,0
instrument,True,10,277,58.38192,273,0
instrument,True,10,278,58.501781,274,0
instrument,True,10,279,58.741649,275,0
instrument,True,10,280,58.981485,276,0
instrument,True,10,281,59.133622,276,0
instrument,True,10,282,59.221352,277,0
instrument,True,10,283,59.46135,278,0
instrument,True,10,284,59.581313,279,0
instrument,True,10,285,59.746684,280,0
instrument,True,10,286,60.106047,281,0
instrument,True,10,287,60.39145,283,0
instrument,True,10,288,60.528708,285,0
instrument,True,10,289,60.634279,286,0
instrument,True,10,290,61.050566,288,0
instrument,True,10,291,61.305448,289,0
instrument,True,10,292,61.575237,291,0
instrument,True,10,293,61.666127,294,0
instrument,True,10,294,61.725539,295,0
instrument,True,10,295,61.81513,296,0
instrument,True,10,296,61.995109,297,0
instrument,True,10,297,62.219977,298,0
instrument,True,10,298,62.504825,298,0
instrument,True,10,299,62.789769,299,0
instrument,True,10,300,62.999689,300,0
instrument,True,10,301,63.135127,302,0
instrument,True,10,302,63.389576,303,0
instrument,True,10,303,63.494485,305,0
instrument,True,10,304,63.614522,306,0
instrument,True,10,305,63.884505,306,0
instrument,True,10,306,64.049229,307,0
instrument,True,10,307,64.278052,309,0
instrument,True,10,308,64.37903,310,0
instrument,True,10,309,64.618858,311,0
instrument,True,10,310,64.769359,311,0
instrument,True,10,311,64.949446,312,0
instrument,True,10,312,65.203644,314,0
instrument,True,10,313,65.308589,315,0
instrument,True,10,314,65.428562,315,0
instrument,True,10,315,65.548425,316,0
instrument,True,10,316,65.79145,317,0
instrument,True,10,317,65.998285,318,0
instrument,True,10,318,66.15097,319,0
instrument,True,10,319,66.481438,321,0
instrument,True,10,320,66.613576,322,0
instrument,True,10,321,67.13782,324,0
instrument,True,10,322,67.542419,326,6
instrument,True,10,323,68.862729,327,0
instrument,True,10,324,69.341576,329,0
instrument,True,10,325,69.446567,329,0
instrument,True,10,326,69.566915,330,0
instrument,True,10,327,69.686434,331,0
instrument,True,10,328,70.001488,332,0
instrument,True,10,329,70.230926,333,0
instrument,True,10,330,70.693225,335,0
instrument,True,10,331,70.870999,335,0
instrument,True,10,332,71.024724,336,0
instrument,True,10,333,71.095952,337,0
instrument,True,10,334,71.276228,338,0
instrument,True,10,335,71.486188,340,0
instrument,True,10,336,71.620631,342,0
instrument,True,10,337,71.90543,343,0
instrument,True,10,338,72.250331,344,0
instrument,True,10,339,72.643515,346,0
instrument,True,10,340,72.925054,347,0
instrument,True,10,341,73.229079,350,0
instrument,True,10,342,73.329749,351,0
instrument,True,10,343,73.419695,353,0
instrument,True,10,344,73.557146,353,0
instrument,True,10,345,73.78045,356,0
instrument,True,10,346,73.959618,357,0
instrument,True,10,347,74.229604,358,0
instrument,True,10,348,74.364545,358,0
instrument,True,10,349,74.454877,359,0
instrument,True,10,350,74.756212,359,0
instrument,True,10,351,74.980563,360,0
instrument,True,10,352,75.294677,362,0
instrument,True,10,353,75.429966,364,0
instrument,True,10,354,75.51895,365,0
instrument,True,10,355,75.624321,366,0
instrument,True,10,356,75.804204,367,0
instrument,True,10,357,75.96908,368,0
instrument,True,10,358,76.074033,368,0
instrument,True,10,359,76.223977,369,0
instrument,True,10,360,76.508773,369,0
instrument,True,10,361,76.793714,370,0
instrument,True,10,362,77.142484,371,0
instrument,True,10,363,77.275592,372,0
instrument,True,10,364,77.468341,372,0
instrument,True,10,365,77.978094,375,0
instrument,True,10,366,78.188013,376,0
instrument,True,10,367,78.367901,377,0
instrument,True,10,368,78.548342,378,0
instrument,True,10,369,78.772723,379,0
instrument,True,10,370,79.14749,380,0
instrument,True,10,371,79.509733,382,0
instrument,True,10,372,79.687197,383,0
instrument,True,10,373,79.856031,384,0
instrument,True,10,374,79.957199,385,0
instrument,True,10,375,80.091945,386,0
instrument,True,10,376,80.211888,388,0
instrument,True,10,377,80.485415,390,0
instrument,True,10,378,80.604423,391,0
instrument,True,10,379,80.721582,391,0
instrument,True,10,380,80.811584,391,0
instrument,True,10,381,81.066599,392,0
instrument,True,10,382,81.471362,394,0
instrument,True,10,383,81.741215,395,0
instrument,True,10,384,81.996516,396,0
instrument,True,10,385,82.295825,397,0
instrument,True,10,386,82.539791,398,0
instrument,True,10,387,82.805734,401,0
instrument,True,10,388,83.060733,402,0
instrument,True,10,389,83.15051,402,0
instrument,True,10,390,83.345383,404,0
instrument,True,10,391,83.690182,406,0
instrument,True,10,392,83.855246,406,0
instrument,True,10,393,83.990151,408,0
instrument,True,10,394,84.110063,409,0
instrument,True,10,395,84.412535,411,0
instrument,True,10,396,84.499882,411,0
instrument,True,10,397,84.575412,413,0
instrument,True,10,398,84.949606,414,0
instrument,True,10,399,85.205252,415,0
instrument,True,10,400,85.50768,415,0
instrument,True,10,401,85.639335,416,0
instrument,True,10,402,86.014058,417,0
instrument,True,10,403,86.148991,418,0
instrument,True,10,404,86.406788,422,0
instrument,True,10,405,86.553906,423,0
instrument,True,10,406,86.613818,424,0
instrument,True,10,407,86.738502,427,0
instrument,True,10,408,86.854465,428,0
instrument,True,10,409,86.988738,429,4
instrument,True,10,410,88.159049,433,0
instrument,True,10,411,88.263148,434,0
instrument,True,10,412,88.383122,436,0
instrument,True,10,413,88.562866,439,0
instrument,True,10,414,88.700078,441,0
instrument,True,10,415,88.802699,441,0
instrument,True,10,416,89.117626,442,0
instrument,True,10,417,89.298035,443,0
instrument,True,10,418,89.556367,445,0
instrument,True,10,419,89.672595,446,0
instrument,True,10,420,89.822673,447,0
instrument,True,10,421,90.290687,449,0
instrument,True,10,422,90.496864,450,0
instrument,True,10,423,90.856728,450,0
instrument,True,10,424,91.036598,450,0
instrument,True,10,425,91.126638,451,0
instrument,True,10,426,91.322157,453,0
instrument,True,10,427,91.681298,454,0
instrument,True,10,428,92.086188,455,0
instrument,True,10,429,92.386397,456,0
instrument,True,10,430,92.600852,458,0
instrument,True,10,431,92.852824,459,0
instrument,True,10,432,93.180728,461,0
instrument,True,10,433,93.435891,463,0
instrument,True,10,434,93.675503,463,0
instrument,True,10,435,93.814405,463,0
instrument,True,10,436,94.050352,464,0
instrument,True,10,437,94.365112,465,0
instrument,True,10,438,94.515071,465,0
instrument,True,10,439,94.710069,466,0
instrument,True,10,440,94.919936,468,0
instrument,True,10,441,95.040289,469,0
instrument,True,10,442,95.249801,470,0
instrument,True,10,443,95.339932,470,0
instrument,True,10,444,95.550492,470,0
instrument,True,10,445,95.684505,471,0
instrument,True,10,446,95.984439,472,0
instrument,True,10,447,96.149423,472,0
instrument,True,10,448,96.419194,472,0
instrument,True,10,449,96.853959,474,0
instrument,True,10,450,97.108831,475,0
instrument,True,10,451,97.243922,477,0
instrument,True,10,452,97.769195,481,0
instrument,True,10,453,97.934075,483,0
instrument,True,10,454,98.053426,483,0
instrument,True,10,455,98.248272,484,0
instrument,True,10,456,98.56318,485,0
instrument,True,10,457,98.638194,486,0
instrument,True,10,458,98.835871,488,0
instrument,True,10,459,98.938134,489,0
instrument,True,10,460,99.267887,490,0
instrument,True,10,461,99.372764,491,0
instrument,True,10,462,99.477674,492,0
instrument,True,10,463,99.567725,493,0
instrument,True,10,464,99.658149,494,0
instrument,True,10,465,99.822519,495,0
instrument,True,10,466,99.900235,497,0
instrument,True,10,467,99.972585,497,0
instrument,True,10,468,100.047603,498,0
instrument,True,10,469,100.272674,499,0
instrument,True,10,470,100.362758,501,0
instrument,True,10,471,100.527476,503,0
instrument,True,10,472,100.752995,504,0
instrument,True,10,473,100.903656,505,0
instrument,True,10,474,101.00847,505,0
instrument,True,10,475,101.143427,506,0
instrument,True,10,476,101.308445,507,0
instrument,True,10,477,101.608744,509,0
instrument,True,10,478,101.803144,510,0
instrument,True,10,479,101.953554,511,0
instrument,True,10,480,102.028046,512,0
instrument,True,10,481,102.237888,513,0
instrument,True,10,482,102.372817,514,0
instrument,True,10,483,102.567736,516,0
instrument,True,10,484,102.657804,517,0
instrument,True,10,485,103.048039,520,0
instrument,True,10,486,103.167513,520,0
instrument,True,10,487,103.292221,521,0
instrument,True,10,488,103.468307,522,0
instrument,True,10,489,103.547518,523,0
instrument,True,10,490,103.887233,524,0
instrument,True,10,491,103.993622,524,0
instrument,True,10,492,104.187062,526,0
instrument,True,10,493,104.38248,526,0
instrument,True,10,494,104.66735,528,0
instrument,True,10,495,104.832393,529,0
instrument,True,10,496,104.996739,530,0
instrument,True,10,497,105.146623,531,0
instrument,True,10,498,105.526025,533,0
instrument,True,10,499,105.702277,534,0
instrument,True,10,500,105.83636,534,0
instrument,True,10,501,106.121376,536,0
instrument,True,10,502,106.316184,536,0
instrument,True,10,503,106.541201,537,0
instrument,True,10,504,106.631007,537,0
instrument,True,10,505,106.795904,539,0
instrument,True,10,506,106.917182,540,0
instrument,True,10,507,107.03584,542,0
instrument,True,10,508,107.141091,542,0
instrument,True,10,509,107.290658,542,0
instrument,True,10,510,107.36846,542,0
instrument,True,10,511,107.5305,543,0
instrument,True,10,512,107.665573,544,0
instrument,True,10,513,107.83046,546,0
instrument,True,10,514,108.010988,547,0
instrument,True,10,515,108.160327,547,0
instrument,True,10,516,108.430049,548,6
instrument,True,10,517,109.480066,548,0
instrument,True,10,518,109.584957,548,0
instrument,True,10,519,109.795079,549,0
instrument,True,10,520,109.900395,550,0
instrument,True,10,521,110.367938,551,0
instrument,True,10,522,110.545237,553,0
instrument,True,10,523,110.724818,555,0
instrument,True,10,524,110.845002,555,0
instrument,True,10,525,110.934444,556,0
instrument,True,10,526,111.099425,556,0
instrument,True,10,527,111.279269,557,0
instrument,True,10,528,111.444218,558,0
instrument,True,10,529,111.759055,560,0
instrument,True,10,530,111.87896,561,0
instrument,True,10,531,112.149022,563,0
instrument,True,10,532,112.46723,564,0
instrument,True,10,533,112.689216,567,0
instrument,True,10,534,112.808978,569,0
instrument,True,10,535,112.959316,571,0
instrument,True,10,536,113.094211,572,0
instrument,True,10,537,113.453642,575,0
instrument,True,10,538,113.693897,575,0
instrument,True,10,539,113.768613,576,0
instrument,True,10,540,114.053651,577,0
instrument,True,10,541,114.308352,578,0
instrument,True,10,542,114.413296,578,0
instrument,True,10,543,114.536058,579,0
instrument,True,10,544,114.712756,580,0
instrument,True,10,545,114.847943,580,0
instrument,True,10,546,115.132685,581,0
instrument,True,10,547,115.267567,582,0
instrument,True,10,548,115.421937,584,0
instrument,True,10,549,115.522384,585,0
instrument,True,10,550,115.867675,586,0
instrument,True,10,551,116.107728,588,0
instrument,True,10,552,116.37696,589,0
instrument,True,10,553,116.466926,590,0
instrument,True,10,554,116.707044,590,0
instrument,True,10,555,116.961893,591,0
instrument,True,10,556,117.066408,592,0
instrument,True,10,557,117.141363,593,0
instrument,True,10,558,117.306207,593,0
instrument,True,10,559,117.666739,595,0
instrument,True,10,560,117.846113,596,0
instrument,True,10,561,117.921122,597,0
instrument,True,10,562,118.194887,598,0
instrument,True,10,563,118.284221,600,0
instrument,True,10,564,118.475692,602,0
instrument,True,10,565,118.610739,603,0
instrument,True,10,566,118.865108,604,0
instrument,True,10,567,119.120433,604,0
instrument,True,10,568,119.240521,605,0
instrument,True,10,569,119.330028,606,0
instrument,True,10,570,119.509916,608,0
instrument,True,10,571,119.644858,609,0
instrument,True,10,572,119.917381,610,0
instrument,True,10,573,120.019619,610,0
instrument,True,10,574,120.24452,610,0
instrument,True,10,575,120.484351,611,0
instrument,True,10,576,120.619806,611,0
instrument,True,10,577,120.889323,612,0
instrument,True,10,578,121.132856,613,0
instrument,True,10,579,121.234426,614,0
instrument,True,10,580,121.32416,614,0
instrument,True,10,581,121.416484,615,0
instrument,True,10,582,121.519246,615,0
instrument,True,10,583,121.609321,616,0
instrument,True,10,584,121.774022,617,0
instrument,True,10,585,121.863997,617,0
instrument,True,10,586,122.043393,618,0
instrument,True,10,587,122.283296,618,0
instrument,True,10,588,122.463162,619,0
instrument,True,10,589,122.71828,621,0
instrument,True,10,590,122.808068,621,0
instrument,True,10,591,123.122848,623,0
instrument,True,10,592,123.528197,628,0
instrument,True,10,593,123.707449,629,0
instrument,True,10,594,124.112795,630,0
instrument,True,10,595,124.442653,632,0
instrument,True,10,596,124.593217,635,0
instrument,True,10,597,124.742589,637,0
instrument,True,10,598,124.86302,638,0
instrument,True,10,599,124.997523,639,0
instrument,True,10,600,125.162464,640,0
instrument,True,10,601,125.28266,640,0
instrument,True,10,602,125.672478,641,0
instrument,True,10,603,125.975384,641,0
instrument,True,10,604,126.06193,642,0
instrument,True,10,605,126.256857,646,0
instrument,True,10,606,126.408336,646,0
instrument,True,10,607,126.49673,646,0
instrument,True,10,608,126.646591,647,0
instrument,True,10,609,126.872006,649,0
instrument,True,10,610,127.489905,652,0
instrument,True,10,611,127.726198,653,0
instrument,True,10,612,127.81613,654,0
instrument,True,10,613,128.070983,655,0
instrument,True,10,614,128.310926,656,0
instrument,True,10,615,128.596213,656,0
instrument,True,10,616,128.730604,657,0
instrument,True,10,617,128.805522,657,0
instrument,True,10,618,128.92528,657,5
instrument,True,10,619,130.109614,660,0
instrument,True,10,620,130.275031,661,0
instrument,True,10,621,130.442905,664,0
instrument,True,10,622,130.534128,667,0
instrument,True,10,623,130.727716,667,0
instrument,True,10,624,130.949304,670,0
instrument,True,10,625,131.189128,670,0
instrument,True,10,626,131.309091,671,0
instrument,True,10,627,131.534084,672,0
instrument,True,10,628,131.699483,673,0
instrument,True,10,629,131.878865,674,0
instrument,True,10,630,131.983822,675,0
instrument,True,10,631,132.103725,675,0
instrument,True,10,632,132.284292,678,0
instrument,True,10,633,132.360751,678,0
instrument,True,10,634,132.478674,679,0
instrument,True,10,635,132.628661,680,0
instrument,True,10,636,132.764118,681,0
instrument,True,10,637,132.898284,682,0
instrument,True,10,638,133.153103,683,0
instrument,True,10,639,133.245595,684,0
instrument,True,10,640,133.363558,684,0
instrument,True,10,641,133.482973,685,0
instrument,True,10,642,133.677892,685,0
instrument,True,10,643,133.768271,686,0
instrument,True,10,644,134.1422,686,0
instrument,True,10,645,134.24731,687,0
instrument,True,10,646,134.325766,687,0
instrument,True,10,647,134.412126,687,0
instrument,True,10,648,134.622058,689,0
instrument,True,10,649,134.757504,691,0
instrument,True,10,650,134.861892,692,0
instrument,True,10,651,134.966825,692,0
instrument,True,10,652,135.162645,694,0
instrument,True,10,653,135.641571,695,0
instrument,True,10,654,135.794785,697,0
instrument,True,10,655,135.97236,699,0
instrument,True,10,656,136.287002,700,0
instrument,True,10,657,136.437778,700,0
instrument,True,10,658,136.691035,702,0
instrument,True,10,659,136.930888,703,0
instrument,True,10,660,137.068572,704,0
instrument,True,10,661,137.200775,705,0
instrument,True,10,662,137.455932,706,0
instrument,True,10,663,137.591052,707,0
instrument,True,10,664,137.815522,708,0
instrument,True,10,665,138.300387,709,0
instrument,True,10,666,138.430093,709,0
instrument,True,10,667,138.522161,710,0
instrument,True,10,668,138.7897,712,0
instrument,True,10,669,138.880599,713,0
instrument,True,10,670,139.044505,714,0
instrument,True,10,671,139.119457,715,0
instrument,True,10,672,139.329343,716,0
instrument,True,10,673,139.56987,717,0
instrument,True,10,674,139.70419,718,0
instrument,True,10,675,139.92907,718,0
instrument,True,10,676,140.214362,720,0
instrument,True,10,677,140.378823,722,0
instrument,True,10,678,140.513771,722,0
instrument,True,10,679,140.888596,724,0
instrument,True,10,680,141.053598,726,0
instrument,True,10,681,141.234005,726,0
instrument,True,10,682,141.503498,728,0
instrument,True,10,683,141.623258,729,0
instrument,True,10,684,141.983483,730,0
instrument,True,10,685,142.102976,730,0
instrument,True,10,686,142.282865,730,0
instrument,True,10,687,142.481796,731,0
instrument,True,10,688,142.643376,733,0
instrument,True,10,689,142.808031,734,0
instrument,True,10,690,142.972626,735,0
instrument,True,10,691,143.245663,736,0
instrument,True,10,692,143.485866,738,0
instrument,True,10,693,143.557249,739,0
instrument,True,10,694,143.677191,740,0
instrument,True,10,695,143.842532,741,0
instrument,True,10,696,144.011749,741,0
instrument,True,10,697,144.18723,742,0
instrument,True,10,698,144.367217,744,0
instrument,True,10,699,144.472208,744,0
instrument,True,10,700,144.636927,744,0
instrument,True,10,701,144.760127,745,0
instrument,True,10,702,144.937186,747,0
instrument,True,10,703,145.180524,748,0
instrument,True,10,704,145.506983,750,0
instrument,True,10,705,145.641905,750,0
instrument,True,10,706,145.792031,751,0
instrument,True,10,707,145.97178,752,0
instrument,True,10,708,146.062396,753,0
instrument,True,10,709,146.136463,753,0
instrument,True,10,710,146.451387,755,0
instrument,True,10,711,146.571395,756,0
instrument,True,10,712,146.736757,757,0
instrument,True,10,713,146.826967,757,0
instrument,True,10,714,147.156093,758,0
instrument,True,10,715,147.440855,759,0
instrument,True,10,716,147.561246,759,0
instrument,True,10,717,147.865058,762,0
instrument,True,10,718,148.085679,764,0
instrument,True,10,719,148.265349,765,0
instrument,True,10,720,148.38533,765,0
instrument,True,10,721,148.538615,766,0
instrument,True,10,722,148.670187,767,0
instrument,True,10,723,148.909896,768,0
instrument,True,10,724,149.119656,769,0
instrument,True,10,725,149.240485,770,0
instrument,True,10,726,149.540191,770,0
instrument,True,10,727,149.749658,772,0
instrument,True,10,728,149.944462,773,5
instrument,True,10,729,151.053911,773,0
instrument,True,10,730,151.308738,774,0
instrument,True,10,731,151.473695,776,0
instrument,True,10,732,151.747123,777,0
instrument,True,10,733,151.968521,780,0
instrument,True,10,734,152.103905,780,0
instrument,True,10,735,152.208398,782,0
instrument,True,10,736,152.298284,783,0
instrument,True,10,737,152.358412,783,0
instrument,True,10,738,152.628205,786,0
instrument,True,10,739,152.853107,787,0
instrument,True,10,740,153.047923,788,0
instrument,True,10,741,153.152985,790,0
instrument,True,10,742,153.28795,790,0
instrument,True,10,743,153.497766,792,0
instrument,True,10,744,153.648502,793,0
instrument,True,10,745,153.737985,794,0
instrument,True,10,746,154.02399,796,0
instrument,True,10,747,154.382031,798,0
instrument,True,10,748,154.637248,800,0
instrument,True,10,749,154.906718,800,0
instrument,True,10,750,155.056611,802,0
instrument,True,10,751,155.236746,802,0
instrument,True,10,752,155.326445,803,0
instrument,True,10,753,155.521818,804,0
instrument,True,10,754,155.735148,805,0
instrument,True,10,755,155.866184,806,0
instrument,True,10,756,156.031147,807,0
instrument,True,10,757,156.181544,808,0
instrument,True,10,758,156.255999,808,0
instrument,True,10,759,156.334782,809,0
instrument,True,10,760,156.750505,810,0
instrument,True,10,761,156.870452,811,0
instrument,True,10,762,156.945318,812,0
instrument,True,10,763,157.050201,812,0
instrument,True,10,764,157.170225,813,0
instrument,True,10,765,157.485114,815,0
instrument,True,10,766,157.604942,815,0
instrument,True,10,767,157.784841,817,0
instrument,True,10,768,157.965278,817,0
instrument,True,10,769,158.099606,818,0
instrument,True,10,770,158.204549,819,0
instrument,True,10,771,158.41471,820,0
instrument,True,10,772,158.729298,821,0
instrument,True,10,773,158.820885,822,0
instrument,True,10,774,158.98549,823,0
instrument,True,10,775,159.134846,823,0
instrument,True,10,776,159.359762,825,0
instrument,True,10,777,159.498466,826,0
instrument,True,10,778,159.599778,826,0
instrument,True,10,779,159.719494,826,0
instrument,True,10,780,160.019288,827,0
instrument,True,10,781,160.169186,827,0
instrument,True,10,782,160.349364,828,0
instrument,True,10,783,160.678972,829,0
instrument,True,10,784,160.81398,831,0
instrument,True,10,785,161.053759,832,0
instrument,True,10,786,161.279182,833,0
instrument,True,10,787,161.354505,835,0
instrument,True,10,788,161.536867,837,0
instrument,True,10,789,161.714009,837,0
instrument,True,10,790,161.863898,839,0
instrument,True,10,791,162.028621,840,0
instrument,True,10,792,162.133491,840,0
instrument,True,10,793,162.332271,840,0
instrument,True,10,794,162.433915,842,0
instrument,True,10,795,162.628238,842,0
instrument,True,10,796,162.718496,843,0
instrument,True,10,797,162.973135,843,0
instrument,True,10,798,163.065435,843,0
instrument,True,10,799,163.13808,844,0
instrument,True,10,800,163.243009,845,0
instrument,True,10,801,163.498023,847,0
instrument,True,10,802,163.737847,848,0
instrument,True,10,803,163.962352,850,0
instrument,True,10,804,164.157315,851,0
instrument,True,10,805,164.382197,851,0
instrument,True,10,806,164.472209,851,0
instrument,True,10,807,164.60717,852,0
instrument,True,10,808,164.981931,853,0
instrument,True,10,809,165.281761,854,0
instrument,True,10,810,165.446638,855,0
instrument,True,10,811,165.643249,858,0
instrument,True,10,812,165.75005,859,0
instrument,True,10,813,165.836877,860,0
instrument,True,10,814,165.97226,861,0
instrument,True,10,815,166.152174,862,0
instrument,True,10,816,166.436871,863,0
instrument,True,10,817,166.616812,863,0
instrument,True,10,818,166.766677,864,0
instrument,True,10,819,166.9767,866,0
instrument,True,10,820,167.216592,867,0
instrument,True,10,821,167.41146,868,0
instrument,True,10,822,167.486434,869,0
instrument,True,10,823,167.758433,871,0
instrument,True,10,824,168.041236,872,0
instrument,True,10,825,168.266338,872,0
instrument,True,10,826,168.566566,873,0
instrument,True,10,827,168.85052,875,0
instrument,True,10,828,168.970477,875,0
instrument,True,10,829,169.213986,876,0
instrument,True,10,830,169.375225,877,0
instrument,True,10,831,169.540128,878,0
instrument,True,10,832,169.750694,879,0
instrument,True,10,833,170.064889,881,6
instrument,True,10,834,171.29423,883,0
instrument,True,10,835,171.56797,884,0
instrument,True,10,836,171.654071,885,0
instrument,True,10,837,171.804331,886,0
instrument,True,10,838,172.044203,887,0
instrument,True,10,839,172.223765,889,0
instrument,True,10,840,172.373742,889,0
instrument,True,10,841,172.508622,891,0
instrument,True,10,842,172.718554,891,0
instrument,True,10,843,172.883648,892,0
instrument,True,10,844,173.23258,895,0
instrument,True,10,845,173.468742,897,0
instrument,True,10,846,173.663102,897,0
instrument,True,10,847,173.872634,897,0
instrument,True,10,848,174.022587,898,0
instrument,True,10,849,174.097538,898,0
instrument,True,10,850,174.352422,900,0
instrument,True,10,851,174.427973,902,0
instrument,True,10,852,174.607217,904,0
instrument,True,10,853,174.697383,905,0
instrument,True,10,854,174.907044,907,0
instrument,True,10,855,174.982975,908,0
instrument,True,10,856,175.116971,910,0
instrument,True,10,857,175.221919,910,0
instrument,True,10,858,175.311957,911,0
instrument,True,10,859,175.461774,912,0
instrument,True,10,860,175.717152,912,0
instrument,True,10,861,175.807142,914,0
instrument,True,10,862,175.941603,914,0
instrument,True,10,863,176.031456,914,0
instrument,True,10,864,176.211315,915,0
instrument,True,10,865,176.409012,916,0
instrument,True,10,866,176.556206,917,0
instrument,True,10,867,176.646184,917,0
instrument,True,10,868,176.871255,917,0
instrument,True,10,869,177.335864,919,0
instrument,True,10,870,177.486493,921,0
instrument,True,10,871,177.591115,922,0
instrument,True,10,872,178.295324,925,0
instrument,True,10,873,178.385242,926,0
instrument,True,10,874,178.535257,927,0
instrument,True,10,875,178.625257,928,0
instrument,True,10,876,178.715114,929,0
instrument,True,10,877,178.820694,930,0
instrument,True,10,878,179.000563,931,0
instrument,True,10,879,179.105475,931,0
instrument,True,10,880,179.195541,932,0
instrument,True,10,881,179.450339,933,0
instrument,True,10,882,179.585397,933,0
instrument,True,10,883,179.855161,934,0
instrument,True,10,884,180.080633,935,0
instrument,True,10,885,180.233662,936,0
instrument,True,10,886,180.559854,937,0
instrument,True,10,887,180.696955,938,0
instrument,True,10,888,180.769676,939,0
instrument,True,10,889,180.919591,940,0
instrument,True,10,890,181.084507,942,0
instrument,True,10,891,181.24941,943,0
instrument,True,10,892,181.354367,944,0
instrument,True,10,893,181.579639,945,0
instrument,True,10,894,181.879661,947,0
instrument,True,10,895,182.029002,948,0
instrument,True,10,896,182.28382,948,0
instrument,True,10,897,182.508768,949,0
instrument,True,10,898,182.688612,950,0
instrument,True,10,899,182.8987,952,0
instrument,True,10,900,182.977864,953,0
instrument,True,10,901,183.123841,954,0
instrument,True,10,902,183.228416,955,0
instrument,True,10,903,183.573249,955,0
instrument,True,10,904,183.66358,956,0
instrument,True,10,905,183.768608,957,0
instrument,True,10,906,183.992705,957,0
instrument,True,10,907,184.24759,959,0
instrument,True,10,908,184.352381,959,0
instrument,True,10,909,184.457815,960,0
instrument,True,10,910,184.697332,961,0
instrument,True,10,911,184.847275,961,0
instrument,True,10,912,185.057939,963,0
instrument,True,10,913,185.281981,963,0
instrument,True,10,914,185.431966,964,0
instrument,True,10,915,185.585261,965,0
instrument,True,10,916,185.851613,966,0
instrument,True,10,917,185.941681,967,0
instrument,True,10,918,186.290551,968,0
instrument,True,10,919,186.391498,969,0
instrument,True,10,920,186.514881,970,0
instrument,True,10,921,186.7517,971,0
instrument,True,10,922,186.886203,971,0
instrument,True,10,923,187.02115,971,0
instrument,True,10,924,187.156082,973,0
instrument,True,10,925,187.381065,975,0
instrument,True,10,926,187.980782,975,0
instrument,True,10,927,188.253979,975,0
instrument,True,10,928,188.460491,976,0
instrument,True,10,929,188.715435,976,0
instrument,True,10,930,188.839018,977,0
instrument,True,10,931,189.04507,978,0
instrument,True,10,932,189.329743,980,0
instrument,True,10,933,189.464671,980,0
instrument,True,10,934,189.589099,982,0
instrument,True,10,935,189.704798,983,0
instrument,True,10,936,189.843402,984,0
instrument,True,10,937,190.349307,986,0
instrument,True,10,938,190.529248,987,0
instrument,True,10,939,190.679194,988,0
instrument,True,10,940,190.799051,989,0
instrument,True,10,941,190.874052,989,0
instrument,True,10,942,191.143978,991,0
instrument,True,10,943,191.263841,992,0
instrument,True,10,944,191.428742,993,0
instrument,True,10,945,191.563637,994,5
instrument,True,10,946,192.658047,999,0
instrument,True,10,947,192.807931,999,0
instrument,True,10,948,192.883872,1000,0
instrument,True,10,949,192.972973,1001,0
instrument,True,10,950,193.108059,1002,0
instrument,True,10,951,193.423521,1006,0
instrument,True,10,952,193.527681,1007,0
instrument,True,10,953,193.602599,1007,0
instrument,True,10,954,193.799776,1009,0
instrument,True,10,955,193.919941,1011,0
instrument,True,10,956,194.022627,1012,0
instrument,True,10,957,194.160346,1013,0
instrument,True,10,958,194.354036,1015,0
instrument,True,10,959,194.471854,1015,0
instrument,True,10,960,194.801666,1015,0
instrument,True,10,961,195.221414,1017,0
instrument,True,10,962,195.491411,1020,0
instrument,True,10,963,195.671489,1021,0
instrument,True,10,964,195.944056,1022,0
instrument,True,10,965,196.045748,1023,0
instrument,True,10,966,196.195731,1025,0
instrument,True,10,967,196.345633,1025,0
instrument,True,10,968,196.46552,1026,0
instrument,True,10,969,196.645416,1027,0
instrument,True,10,970,196.975317,1027,0
instrument,True,10,971,197.110212,1028,0
instrument,True,10,972,197.410065,1029,0
instrument,True,10,973,197.649905,1030,0
instrument,True,10,974,197.773706,1031,0
instrument,True,10,975,197.982064,1033,0
instrument,True,10,976,198.074717,1035,0
instrument,True,10,977,198.145916,1035,0
instrument,True,10,978,198.324625,1036,0
instrument,True,10,979,198.474561,1037,0
instrument,True,10,980,198.744416,1038,0
instrument,True,10,981,198.95554,1038,0
instrument,True,10,982,199.043795,1040,0
instrument,True,10,983,199.133711,1040,0
instrument,True,10,984,199.25398,1041,0
instrument,True,10,985,199.388611,1042,0
instrument,True,10,986,199.658547,1043,0
instrument,True,10,987,200.123282,1043,0
instrument,True,10,988,200.289045,1044,0
instrument,True,10,989,200.61807,1046,0
instrument,True,10,990,200.842866,1047,0
instrument,True,10,991,200.996347,1049,0
instrument,True,10,992,201.143892,1051,0
instrument,True,10,993,201.233262,1052,0
instrument,True,10,994,201.473081,1053,0
instrument,True,10,995,201.757975,1054,0
instrument,True,10,996,201.87785,1055,0
instrument,True,10,997,202.057835,1057,0
instrument,True,10,998,202.192681,1057,0
instrument,True,10,999,202.342626,1058,0
instrument,True,10,1000,202.432655,1059,0
instrument,True,10,1001,202.732553,1059,0
instrument,True,10,1002,202.927404,1059,0
instrument,True,10,1003,203.077633,1060,0
instrument,True,10,1004,203.377371,1063,0
instrument,True,10,1005,203.602199,1065,0
instrument,True,10,1006,203.782118,1066,0
instrument,True,10,1007,204.09743,1067,0
instrument,True,10,1008,204.442253,1068,0
instrument,True,10,1009,205.071693,1068,0
instrument,True,10,1010,205.29742,1069,0
instrument,True,10,1011,205.672317,1072,0
instrument,True,10,1012,205.896448,1074,0
instrument,True,10,1013,206.376086,1077,0
instrument,True,10,1014,206.496112,1078,0
instrument,True,10,1015,206.721389,1080,0
instrument,True,10,1016,206.810931,1081,0
instrument,True,10,1017,207.095844,1082,0
instrument,True,10,1018,207.263267,1082,0
instrument,True,10,1019,207.426121,1084,0
instrument,True,10,1020,207.590444,1086,0
instrument,True,10,1021,207.711441,1087,0
instrument,True,10,1022,207.89036,1087,0
instrument,True,10,1023,208.041018,1089,0
instrument,True,10,1024,208.190287,1089,0
instrument,True,10,1025,208.26523,1089,0
instrument,True,10,1026,208.445583,1090,0
instrument,True,10,1027,208.580036,1091,0
instrument,True,10,1028,208.894527,1094,0
instrument,True,10,1029,209.059415,1094,0
instrument,True,10,1030,209.209484,1095,0
instrument,True,10,1031,209.374285,1095,0
instrument,True,10,1032,209.554216,1096,0
instrument,True,10,1033,209.764122,1097,0
instrument,True,10,1034,210.079487,1100,0
instrument,True,10,1035,210.213884,1101,0
instrument,True,10,1036,210.393757,1102,0
instrument,True,10,1037,210.562148,1102,0
instrument,True,10,1038,210.814119,1104,0
instrument,True,10,1039,210.994456,1105,0
instrument,True,10,1040,211.128442,1105,0
instrument,True,10,1041,211.308779,1106,0
instrument,True,10,1042,211.488778,1107,5
instrument,True,10,1043,212.537648,1108,0
instrument,True,10,1044,212.65789,1109,0
instrument,True,10,1045,212.826901,1110,0
instrument,True,10,1046,212.929202,1110,0
instrument,True,10,1047,213.1073,1112,0
instrument,True,10,1048,213.227339,1113,0
instrument,True,10,1049,213.362342,1113,0
instrument,True,10,1050,213.55701,1114,0
instrument,True,10,1051,213.769844,1115,0
instrument,True,10,1052,213.905595,1116,0
instrument,True,10,1053,214.040212,1117,0
instrument,True,10,1054,214.145974,1119,0
instrument,True,10,1055,214.252387,1119,0
instrument,True,10,1056,214.355152,1120,0
instrument,True,10,1057,214.579888,1122,0
instrument,True,10,1058,214.684887,1123,0
instrument,True,10,1059,214.84974,1125,0
instrument,True,10,1060,215.074713,1127,0
instrument,True,10,1061,215.209487,1128,0
instrument,True,10,1062,215.449747,1129,0
instrument,True,10,1063,215.674589,1131,0
instrument,True,10,1064,215.989077,1132,0
instrument,True,10,1065,216.199182,1133,0
instrument,True,10,1066,216.454377,1134,0
instrument,True,10,1067,216.622195,1135,0
instrument,True,10,1068,216.828777,1137,0
instrument,True,10,1069,217.083968,1138,0
instrument,True,10,1070,217.203467,1139,0
instrument,True,10,1071,217.32335,1139,0
instrument,True,10,1072,217.444206,1140,0
instrument,True,10,1073,217.551286,1140,0
instrument,True,10,1074,217.638347,1141,0
instrument,True,10,1075,218.063535,1143,0
instrument,True,10,1076,218.148273,1144,0
instrument,True,10,1077,218.312979,1145,0
instrument,True,10,1078,218.477915,1145,0
instrument,True,10,1079,218.612996,1146,0
instrument,True,10,1080,218.703212,1147,0
instrument,True,10,1081,219.032888,1149,0
instrument,True,10,1082,219.182181,1149,0
instrument,True,10,1083,219.287245,1149,0
instrument,True,10,1084,219.407119,1149,0
instrument,True,10,1085,219.647287,1151,0
instrument,True,10,1086,219.751904,1152,0
instrument,True,10,1087,219.931918,1153,0
instrument,True,10,1088,220.021909,1153,0
instrument,True,10,1089,220.276859,1155,0
instrument,True,10,1090,220.397283,1156,0
instrument,True,10,1091,220.726402,1157,0
instrument,True,10,1092,220.831387,1159,0
instrument,True,10,1093,220.966382,1159,0
instrument,True,10,1094,221.086513,1160,0
instrument,True,10,1095,221.251431,1161,0
instrument,True,10,1096,221.70124,1163,0
instrument,True,10,1097,221.791087,1163,0
instrument,True,10,1098,222.001401,1165,0
instrument,True,10,1099,222.225773,1165,0
instrument,True,10,1100,222.465601,1167,0
instrument,True,10,1101,222.78052,1168,0
instrument,True,10,1102,222.960528,1169,0
instrument,True,10,1103,223.08049,1170,0
instrument,True,10,1104,223.200855,1171,0
instrument,True,10,1105,223.624527,1173,0
instrument,True,10,1106,223.740323,1174,0
instrument,True,10,1107,223.920131,1175,0
instrument,True,10,1108,224.162187,1176,0
instrument,True,10,1109,224.429331,1178,0
instrument,True,10,1110,224.504717,1178,0
instrument,True,10,1111,224.594583,1179,0
instrument,True,10,1112,224.714807,1179,0
instrument,True,10,1113,224.789158,1180,0
instrument,True,10,1114,224.894103,1180,0
instrument,True,10,1115,225.019418,1181,0
instrument,True,10,1116,225.268915,1183,0
instrument,True,10,1117,225.388847,1183,0
instrument,True,10,1118,225.509344,1183,0
instrument,True,10,1119,225.73369,1184,0
instrument,True,10,1120,225.8536,1184,0
instrument,True,10,1121,225.973517,1185,0
instrument,True,10,1122,226.183432,1187,0
instrument,True,10,1123,226.438222,1188,0
instrument,True,10,1124,226.618586,1189,0
instrument,True,10,1125,226.948129,1190,0
instrument,True,10,1126,227.113686,1192,0
instrument,True,10,1127,227.28159,1192,0
instrument,True,10,1128,227.473204,1193,0
instrument,True,10,1129,227.622666,1194,0
instrument,True,10,1130,227.832549,1195,0
instrument,True,10,1131,228.027464,1197,0
instrument,True,10,1132,228.192377,1197,0
instrument,True,10,1133,228.312422,1198,0
instrument,True,10,1134,228.432864,1200,0
instrument,True,10,1135,228.627728,1201,0
instrument,True,10,1136,228.821706,1201,0
instrument,True,10,1137,229.017357,1202,0
instrument,True,10,1138,229.181477,1203,0
instrument,True,10,1139,229.361386,1204,0
instrument,True,10,1140,229.556269,1205,0
instrument,True,10,1141,229.751218,1207,0
instrument,True,10,1142,229.931161,1208,0
instrument,True,10,1143,230.306289,1210,0
instrument,True,10,1144,230.411338,1211,0
instrument,True,10,1145,230.516021,1211,0
instrument,True,10,1146,230.710687,1211,0
instrument,True,10,1147,231.040652,1213,0
instrument,True,10,1148,231.205476,1214,0
instrument,True,10,1149,231.355358,1215,0
instrument,True,10,1150,231.475345,1216,0
instrument,True,10,1151,231.715149,1218,0
instrument,True,10,1152,231.835088,1218,0
instrument,True,10,1153,232.000007,1219,0
instrument,True,10,1154,232.149928,1220,0
instrument,True,10,1155,232.254982,1220,0
instrument,True,10,1156,232.529285,1221,0
instrument,True,10,1157,232.689609,1222,6
instrument,True,10,1158,233.7841,1222,0
instrument,True,10,1159,234.188614,1224,0
instrument,True,10,1160,234.413748,1227,0
instrument,True,10,1161,234.578776,1228,0
instrument,True,10,1162,234.684715,1228,0
instrument,True,10,1163,234.818216,1229,0
instrument,True,10,1164,235.058055,1230,0
instrument,True,10,1165,235.268434,1232,0
instrument,True,10,1166,235.375273,1235,0
instrument,True,10,1167,235.552923,1237,0
instrument,True,10,1168,235.703251,1238,0
instrument,True,10,1169,235.794618,1238,0
instrument,True,10,1170,235.882719,1238,0
instrument,True,10,1171,236.081671,1239,0
instrument,True,10,1172,236.227961,1241,0
instrument,True,10,1173,236.362474,1242,0
instrument,True,10,1174,236.482714,1243,0
instrument,True,10,1175,236.693205,1244,0
instrument,True,10,1176,237.187428,1246,0
instrument,True,10,1177,237.39742,1248,0
instrument,True,10,1178,237.652586,1249,0
instrument,True,10,1179,237.863039,1251,0
instrument,True,10,1180,237.967077,1252,0
instrument,True,10,1181,238.132015,1252,0
instrument,True,10,1182,238.23695,1252,0
instrument,True,10,1183,238.341903,1253,0
instrument,True,10,1184,238.627383,1254,0
instrument,True,10,1185,238.733759,1254,0
instrument,True,10,1186,239.031286,1255,0
instrument,True,10,1187,239.152075,1255,0
instrument,True,10,1188,239.287858,1256,0
instrument,True,10,1189,239.436129,1257,0
instrument,True,10,1190,239.526116,1258,0
instrument,True,10,1191,239.770421,1260,0
instrument,True,10,1192,239.840888,1261,0
instrument,True,10,1193,240.216162,1263,0
instrument,True,10,1194,240.335944,1263,0
instrument,True,10,1195,240.474416,1264,0
instrument,True,10,1196,240.770467,1265,0
instrument,True,10,1197,240.995366,1265,0
instrument,True,10,1198,241.160278,1266,0
instrument,True,10,1199,241.265202,1266,0
instrument,True,10,1200,241.490116,1267,0
instrument,True,10,1201,241.565104,1268,0
instrument,True,10,1202,241.804922,1270,0
instrument,True,10,1203,241.940097,1271,0
instrument,True,10,1204,242.182101,1273,0
instrument,True,10,1205,242.314944,1274,0
instrument,True,10,1206,242.434681,1275,0
instrument,True,10,1207,242.541564,1276,0
instrument,True,10,1208,242.629739,1277,0
instrument,True,10,1209,242.794485,1277,0
instrument,True,10,1210,242.89938,1278,0
instrument,True,10,1211,243.112504,1280,0
instrument,True,10,1212,243.24424,1280,0
instrument,True,10,1213,243.334164,1280,0
instrument,True,10,1214,243.577009,1282,0
instrument,True,10,1215,243.724851,1283,0
instrument,True,10,1216,243.84403,1283,0
instrument,True,10,1217,243.964318,1284,0
instrument,True,10,1218,244.083983,1284,0
instrument,True,10,1219,244.189137,1285,0
instrument,True,10,1220,244.413779,1286,0
instrument,True,10,1221,244.713765,1288,0
instrument,True,10,1222,244.803614,1288,0
instrument,True,10,1223,244.953537,1289,0
instrument,True,10,1224,245.103638,1290,0
instrument,True,10,1225,245.209417,1291,0
instrument,True,10,1226,245.403237,1291,0
instrument,True,10,1227,245.808472,1294,0
instrument,True,10,1228,245.973161,1295,0
instrument,True,10,1229,246.137808,1295,0
instrument,True,10,1230,246.276022,1296,0
instrument,True,10,1231,246.767868,1298,0
instrument,True,10,1232,246.93784,1299,0
instrument,True,10,1233,247.082581,1300,0
instrument,True,10,1234,247.277195,1301,0
instrument,True,10,1235,247.44209,1302,0
instrument,True,10,1236,247.652385,1304,0
instrument,True,10,1237,247.891844,1305,0
instrument,True,10,1238,248.281806,1306,0
instrument,True,10,1239,248.55159,1308,0
instrument,True,10,1240,248.657795,1310,0
instrument,True,10,1241,248.881501,1310,0
instrument,True,10,1242,249.139708,1311,0
instrument,True,10,1243,249.271343,1313,0
instrument,True,10,1244,249.436299,1313,0
instrument,True,10,1245,249.601354,1314,0
instrument,True,10,1246,249.826038,1315,0
instrument,True,10,1247,249.965227,1316,0
instrument,True,10,1248,250.155834,1317,0
instrument,True,10,1249,250.280253,1318,0
instrument,True,10,1250,250.486414,1319,0
instrument,True,10,1251,250.605904,1320,0
instrument,True,10,1252,250.72552,1320,0
instrument,True,10,1253,250.935726,1322,0
instrument,True,10,1254,251.040329,1322,0
instrument,True,10,1255,251.28034,1323,0
instrument,True,10,1256,251.5651,1324,0
instrument,True,10,1257,251.805001,1324,0
instrument,True,10,1258,252.075103,1326,0
instrument,True,10,1259,252.419623,1327,0
instrument,True,10,1260,252.644507,1330,0
instrument,True,10,1261,252.749402,1331,6
instrument,True,10,1262,253.953561,1332,0
instrument,True,10,1263,254.189536,1334,0
instrument,True,10,1264,254.309979,1336,0
instrument,True,10,1265,254.414142,1336,0
instrument,True,10,1266,254.564156,1337,0
instrument,True,10,1267,254.72896,1337,0
instrument,True,10,1268,254.818919,1338,0
instrument,True,10,1269,254.923895,1339,0
instrument,True,10,1270,255.043888,1340,0
instrument,True,10,1271,255.283801,1342,0
instrument,True,10,1272,255.343628,1343,0
instrument,True,10,1273,255.613565,1345,0
instrument,True,10,1274,255.868658,1346,0
instrument,True,10,1275,255.97335,1347,0
instrument,True,10,1276,256.153901,1349,0
instrument,True,10,1277,256.273139,1349,0
instrument,True,10,1278,256.423661,1351,0
instrument,True,10,1279,256.528904,1352,0
instrument,True,10,1280,256.633616,1353,0
instrument,True,10,1281,256.753511,1353,0
instrument,True,10,1282,256.918499,1354,0
instrument,True,10,1283,257.023377,1355,0
instrument,True,10,1284,257.188294,1355,0
instrument,True,10,1285,257.353139,1356,0
instrument,True,10,1286,257.533054,1357,0
instrument,True,10,1287,257.713098,1357,1
instrument,True,10,1288,258.132833,1360,0
instrument,True,10,1289,258.267755,1361,0
instrument,True,10,1290,258.417812,1361,0
instrument,True,10,1291,258.6578,1363,0
instrument,True,10,1292,258.942064,1365,0
instrument,True,10,1293,259.30199,1366,0
instrument,True,10,1294,259.421891,1368,0
instrument,True,10,1295,259.556759,1368,0
instrument,True,10,1296,259.6318,1369,0
instrument,True,10,1297,259.979942,1370,0
instrument,True,10,1298,260.231579,1371,0
instrument,True,10,1299,260.336885,1372,0
instrument,True,10,1300,260.471639,1374,0
instrument,True,10,1301,260.546461,1374,0
instrument,True,10,1302,260.72619,1374,0
instrument,True,10,1303,260.816159,1375,0
instrument,True,10,1304,261.01114,1376,0
instrument,True,10,1305,261.190805,1377,0
instrument,True,10,1306,261.295738,1377,0
instrument,True,10,1307,261.475783,1378,0
instrument,True,10,1308,261.700668,1379,0
instrument,True,10,1309,261.880951,1380,0
instrument,True,10,1310,262.000521,1382,0
instrument,True,10,1311,262.121164,1382,0
instrument,True,10,1312,262.315283,1383,0
instrument,True,10,1313,262.465209,1384,0
instrument,True,10,1314,262.645543,1385,0
instrument,True,10,1315,262.720183,1386,0
instrument,True,10,1316,262.840013,1386,0
instrument,True,10,1317,263.019881,1387,0
instrument,True,10,1318,263.110108,1387,0
instrument,True,10,1319,263.319989,1388,0
instrument,True,10,1320,263.442798,1390,0
instrument,True,10,1321,263.545069,1390,0
instrument,True,10,1322,263.773367,1391,0
instrument,True,10,1323,263.904748,1392,0
instrument,True,10,1324,264.164294,1394,0
instrument,True,10,1325,264.294743,1394,0
instrument,True,10,1326,264.444807,1395,0
instrument,True,10,1327,264.569456,1396,0
instrument,True,10,1328,264.669605,1396,0
instrument,True,10,1329,264.805017,1397,0
instrument,True,10,1330,264.94501,1398,0
instrument,True,10,1331,265.149934,1398,0
instrument,True,10,1332,265.284911,1400,0
instrument,True,10,1333,265.524706,1401,0
instrument,True,10,1334,265.675114,1402,0
instrument,True,10,1335,266.064119,1403,0
instrument,True,10,1336,266.274461,1404,0
instrument,True,10,1337,266.453885,1405,0
instrument,True,10,1338,266.653304,1407,0
instrument,True,10,1339,266.813689,1408,0
instrument,True,10,1340,267.068614,1408,0
instrument,True,10,1341,267.204062,1409,0
instrument,True,10,1342,267.518265,1410,0
instrument,True,10,1343,267.623363,1411,0
instrument,True,10,1344,267.774433,1413,0
instrument,True,10,1345,267.882662,1414,0
instrument,True,10,1346,268.282788,1414,0
instrument,True,10,1347,268.582628,1415,0
instrument,True,10,1348,268.657813,1417,0
instrument,True,10,1349,268.717554,1417,0
instrument,True,10,1350,268.957113,1418,0
instrument,True,10,1351,269.226976,1418,0
instrument,True,10,1352,269.377071,1418,0
instrument,True,10,1353,269.871629,1420,0
instrument,True,10,1354,270.156435,1422,0
instrument,True,10,1355,270.471279,1423,0
instrument,True,10,1356,270.609691,1423,0
instrument,True,10,1357,270.771084,1424,0
instrument,True,10,1358,270.921122,1425,0
instrument,True,10,1359,271.163009,1425,0
instrument,True,10,1360,271.385764,1426,0
instrument,True,10,1361,271.625583,1427,0
instrument,True,10,1362,271.760529,1427,0
instrument,True,10,1363,271.824396,1428,0
instrument,True,10,1364,272.078825,1428,0
instrument,True,10,1365,272.345255,1429,0
instrument,True,10,1366,272.450608,1429,0
instrument,True,10,1367,272.632209,1430,0
instrument,True,10,1368,272.74995,1431,0
instrument,True,10,1369,272.944895,1431,0
instrument,True,10,1370,273.124961,1431,0
instrument,True,10,1371,273.349809,1433,0
instrument,True,10,1372,273.469762,1434,0
instrument,True,10,1373,273.544588,1435,4
instrument,True,10,1374,274.776764,1442,0
instrument,True,10,1375,275.013945,1444,0
instrument,True,10,1376,275.152308,1446,0
instrument,True,10,1377,275.3584,1448,0
instrument,True,10,1378,275.463344,1449,0
instrument,True,10,1379,275.613134,1450,0
instrument,True,10,1380,276.062939,1452,0
instrument,True,10,1381,276.16798,1453,0
instrument,True,10,1382,276.302878,1453,0
instrument,True,10,1383,276.467767,1454,0
instrument,True,10,1384,276.621124,1454,0
instrument,True,10,1385,276.842537,1456,0
instrument,True,10,1386,276.948091,1457,0
instrument,True,10,1387,277.232315,1457,0
instrument,True,10,1388,277.490703,1457,0
instrument,True,10,1389,277.682191,1459,0
instrument,True,10,1390,277.817151,1461,0
instrument,True,10,1391,278.161843,1465,0
instrument,True,10,1392,278.446757,1467,0
instrument,True,10,1393,278.626608,1468,0
instrument,True,10,1394,278.702147,1469,0
instrument,True,10,1395,279.016997,1470,0
instrument,True,10,1396,279.151084,1471,0
instrument,True,10,1397,279.226171,1471,0
instrument,True,10,1398,279.690818,1472,0
instrument,True,10,1399,279.946898,1473,0
instrument,True,10,1400,280.188765,1475,0
instrument,True,10,1401,280.320441,1475,0
instrument,True,10,1402,280.412824,1476,0
instrument,True,10,1403,280.560345,1477,0
instrument,True,10,1404,280.695271,1478,0
instrument,True,10,1405,280.785154,1478,0
instrument,True,10,1406,280.995063,1480,0
instrument,True,10,1407,281.193227,1482,0
instrument,True,10,1408,281.31414,1484,0
instrument,True,10,1409,281.535152,1486,0
instrument,True,10,1410,282.029903,1489,0
instrument,True,10,1411,282.198956,1490,0
instrument,True,10,1412,282.438329,1490,0
instrument,True,10,1413,282.630065,1491,0
instrument,True,10,1414,282.779936,1492,0
instrument,True,10,1415,283.019357,1492,0
instrument,True,10,1416,283.274301,1495,0
instrument,True,10,1417,283.439708,1497,0
instrument,True,10,1418,283.589109,1498,0
instrument,True,10,1419,283.90525,1500,0
instrument,True,10,1420,284.193968,1501,0
instrument,True,10,1421,284.35756,1501,0
instrument,True,10,1422,284.549134,1502,0
instrument,True,10,1423,284.639538,1503,0
instrument,True,10,1424,284.774043,1504,0
instrument,True,10,1425,284.983926,1506,0
instrument,True,10,1426,285.104078,1506,0
instrument,True,10,1427,285.31371,1507,0
instrument,True,10,1428,285.450693,1508,0
instrument,True,10,1429,285.598679,1509,0
instrument,True,10,1430,285.733515,1510,0
instrument,True,10,1431,285.853511,1510,0
instrument,True,10,1432,286.003653,1510,0
instrument,True,10,1433,286.079057,1511,0
instrument,True,10,1434,286.198348,1512,0
instrument,True,10,1435,286.378242,1512,0
instrument,True,10,1436,286.588112,1515,0
instrument,True,10,1437,286.738503,1516,0
instrument,True,10,1438,287.007949,1516,0
instrument,True,10,1439,287.128147,1517,0
instrument,True,10,1440,287.382769,1518,0
instrument,True,10,1441,287.563201,1519,0
instrument,True,10,1442,287.757571,1519,0
instrument,True,10,1443,287.937423,1521,0
instrument,True,10,1444,288.10234,1523,0
instrument,True,10,1445,288.34236,1524,0
instrument,True,10,1446,288.492215,1526,0
instrument,True,10,1447,288.7171,1527,0
instrument,True,10,1448,289.061594,1528,0
instrument,True,10,1449,289.196523,1528,0
instrument,True,10,1450,289.586319,1529,0
instrument,True,10,1451,289.676333,1530,0
instrument,True,10,1452,289.81445,1530,0
instrument,True,10,1453,289.916148,1531,0
instrument,True,10,1454,290.006119,1532,0
instrument,True,10,1455,290.156008,1534,0
instrument,True,10,1456,290.92057,1536,0
instrument,True,10,1457,291.055622,1537,0
instrument,True,10,1458,291.280634,1538,0
instrument,True,10,1459,291.565329,1540,0
instrument,True,10,1460,291.82433,1541,0
instrument,True,10,1461,291.925131,1542,0
instrument,True,10,1462,292.273767,1543,0
instrument,True,10,1463,292.494916,1544,0
instrument,True,10,1464,292.66005,1546,0
instrument,True,10,1465,292.959689,1547,0
instrument,True,10,1466,293.110624,1550,0
instrument,True,10,1467,293.184698,1551,0
instrument,True,10,1468,293.308799,1551,0
instrument,True,10,1469,293.484619,1552,0
instrument,True,10,1470,293.694442,1553,0
instrument,True,10,1471,293.964679,1555,0
instrument,True,10,1472,294.3238,1556,0
instrument,True,10,1473,294.533588,1557,0
instrument,True,10,1474,294.818393,1558,6
instrument,True,10,1475,295.972932,1559,0
instrument,True,10,1476,296.107956,1559,0
instrument,True,10,1477,296.212607,1560,0
instrument,True,10,1478,296.362678,1560,0
instrument,True,10,1479,296.51263,1561,0
instrument,True,10,1480,296.647508,1562,0
instrument,True,10,1481,296.891478,1562,0
instrument,True,10,1482,296.992325,1564,0
instrument,True,10,1483,297.142222,1565,0
instrument,True,10,1484,297.36767,1567,0
instrument,True,10,1485,297.592311,1568,0
instrument,True,10,1486,297.68186,1568,0
instrument,True,10,1487,297.891853,1569,0
instrument,True,10,1488,298.056741,1570,0
instrument,True,10,1489,298.191723,1571,0
instrument,True,10,1490,298.537454,1574,0
instrument,True,10,1491,298.912012,1576,0
instrument,True,10,1492,299.002042,1576,0
instrument,True,10,1493,299.316895,1578,0
instrument,True,10,1494,299.541781,1581,0
instrument,True,10,1495,299.651111,1582,0
instrument,True,10,1496,299.856516,1585,0
instrument,True,10,1497,300.126625,1588,0
instrument,True,10,1498,300.321293,1589,0
instrument,True,10,1499,300.501392,1589,0
instrument,True,10,1500,300.591382,1590,0
instrument,True,10,1501,300.786083,1591,0
instrument,True,10,1502,301.026005,1591,0
instrument,True,10,1503,301.282886,1592,0
instrument,True,10,1504,301.40294,1593,0
instrument,True,10,1505,301.550711,1594,0
instrument,True,10,1506,301.640724,1595,0
instrument,True,10,1507,301.850492,1596,0
instrument,True,10,1508,301.940591,1597,0
instrument,True,10,1509,302.04561,1598,0
instrument,True,10,1510,302.180457,1598,0
instrument,True,10,1511,302.390333,1599,0
instrument,True,10,1512,302.570248,1599,0
instrument,True,10,1513,302.645185,1600,0
instrument,True,10,1514,302.840543,1601,0
instrument,True,10,1515,302.989959,1601,0
instrument,True,10,1516,303.157487,1602,0
instrument,True,10,1517,303.320273,1603,0
instrument,True,10,1518,303.62049,1605,0
instrument,True,10,1519,303.710104,1606,0
instrument,True,10,1520,303.845173,1607,0
instrument,True,10,1521,303.964656,1607,0
instrument,True,10,1522,304.279412,1610,0
instrument,True,10,1523,304.399247,1610,0
instrument,True,10,1524,304.504291,1611,0
instrument,True,10,1525,304.669214,1613,0
instrument,True,10,1526,304.853348,1614,0
instrument,True,10,1527,305.059048,1615,0
instrument,True,10,1528,305.208942,1615,0
instrument,True,10,1529,305.403809,1616,0
instrument,True,10,1530,305.493793,1616,0
instrument,True,10,1531,305.598836,1616,0
instrument,True,10,1532,305.718686,1618,0
instrument,True,10,1533,305.94388,1619,0
instrument,True,10,1534,306.093542,1619,0
instrument,True,10,1535,306.438379,1620,0
instrument,True,10,1536,306.528405,1620,0
instrument,True,10,1537,306.663278,1622,0
instrument,True,10,1538,306.740284,1622,0
instrument,True,10,1539,306.952541,1625,0
instrument,True,10,1540,307.098145,1626,0
instrument,True,10,1541,307.188032,1626,0
instrument,True,10,1542,307.356005,1627,0
instrument,True,10,1543,307.592871,1627,0
instrument,True,10,1544,307.682753,1627,0
instrument,True,10,1545,307.877729,1630,0
instrument,True,10,1546,307.967639,1631,0
instrument,True,10,1547,308.177301,1632,0
instrument,True,10,1548,308.297254,1633,0
instrument,True,10,1549,308.447372,1633,0
instrument,True,10,1550,308.552188,1633,0
instrument,True,10,1551,308.687086,1634,0
instrument,True,10,1552,308.807871,1635,0
instrument,True,10,1553,308.957669,1635,0
instrument,True,10,1554,309.127171,1637,0
instrument,True,10,1555,309.437283,1639,0
instrument,True,10,1556,309.60264,1640,0
instrument,True,10,1557,309.767059,1641,0
instrument,True,10,1558,310.06738,1642,0
instrument,True,10,1559,310.246941,1643,0
instrument,True,10,1560,310.366896,1643,0
instrument,True,10,1561,310.532255,1645,0
instrument,True,10,1562,310.681639,1645,0
instrument,True,10,1563,311.026529,1647,0
instrument,True,10,1564,311.461884,1649,0
instrument,True,10,1565,311.626226,1651,0
instrument,True,10,1566,311.911144,1652,0
instrument,True,10,1567,312.04613,1652,0
instrument,True,10,1568,312.300982,1654,0
instrument,True,10,1569,312.510877,1655,0
instrument,True,10,1570,312.765715,1655,0
instrument,True,10,1571,312.890098,1657,0
instrument,True,10,1572,313.141042,1659,0
instrument,True,10,1573,313.352585,1659,0
instrument,True,10,1574,313.545736,1660,0
instrument,True,10,1575,313.65026,1660,0
instrument,True,10,1576,313.905199,1660,0
instrument,True,10,1577,314.069999,1662,0
instrument,True,10,1578,314.369624,1663,6
instrument,True,10,1579,315.434038,1666,0
instrument,True,10,1580,315.524054,1667,0
instrument,True,10,1581,315.752942,1670,0
instrument,True,10,1582,315.853837,1671,0
instrument,True,10,1583,316.04847,1674,0
instrument,True,10,1584,316.157257,1675,0
instrument,True,10,1585,316.320436,1676,0
instrument,True,10,1586,316.483161,1677,0
instrument,True,10,1587,316.678135,1678,0
instrument,True,10,1588,317.082889,1680,0
instrument,True,10,1589,317.247837,1681,0
instrument,True,10,1590,317.337797,1682,0
instrument,True,10,1591,317.428439,1682,0
instrument,True,10,1592,317.637674,1682,0
instrument,True,10,1593,317.758198,1684,0
instrument,True,10,1594,317.907914,1684,0
instrument,True,10,1595,318.177349,1686,0
instrument,True,10,1596,318.390052,1687,0
instrument,True,10,1597,318.791699,1690,0
instrument,True,10,1598,318.896836,1690,0
instrument,True,10,1599,319.064931,1691,0
instrument,True,10,1600,319.316368,1693,0
instrument,True,10,1601,319.511444,1693,0
instrument,True,10,1602,319.826131,1694,0
instrument,True,10,1603,319.900937,1694,0
instrument,True,10,1604,320.081248,1695,0
instrument,True,10,1605,320.245922,1696,0
instrument,True,10,1606,320.350691,1696,0
instrument,True,10,1607,320.455628,1698,0
instrument,True,10,1608,320.696118,1700,0
instrument,True,10,1609,320.890374,1701,0
instrument,True,10,1610,321.235184,1701,0
instrument,True,10,1611,321.400438,1704,0
instrument,True,10,1612,321.924741,1706,0
instrument,True,10,1613,322.149645,1708,0
instrument,True,10,1614,322.345205,1709,0
instrument,True,10,1615,322.644808,1711,0
instrument,True,10,1616,322.7794,1711,0
instrument,True,10,1617,322.914335,1711,0
instrument,True,10,1618,323.154173,1712,0
instrument,True,10,1619,323.368554,1713,0
instrument,True,10,1620,323.635317,1716,0
instrument,True,10,1621,323.815335,1717,0
instrument,True,10,1622,323.980209,1718,0
instrument,True,10,1623,324.070174,1719,0
instrument,True,10,1624,324.25062,1719,0
instrument,True,10,1625,324.399971,1719,0
instrument,True,10,1626,324.549822,1720,0
instrument,True,10,1627,324.670448,1722,0
instrument,True,10,1628,325.10939,1723,0
instrument,True,10,1629,325.255057,1724,0
instrument,True,10,1630,325.540138,1726,0
instrument,True,10,1631,325.659799,1727,0
instrument,True,10,1632,326.038184,1729,0
instrument,True,10,1633,326.229082,1730,0
instrument,True,10,1634,326.409122,1731,0
instrument,True,10,1635,326.604421,1732,0
instrument,True,10,1636,326.708989,1733,0
instrument,True,10,1637,326.88888,1733,0
instrument,True,10,1638,327.113761,1733,0
instrument,True,10,1639,327.311866,1734,0
instrument,True,10,1640,327.489585,1736,0
instrument,True,10,1641,327.743412,1738,0
instrument,True,10,1642,328.000561,1739,0
instrument,True,10,1643,328.08829,1740,0
instrument,True,10,1644,328.178255,1740,0
instrument,True,10,1645,328.44815,1741,0
instrument,True,10,1646,328.673019,1742,0
instrument,True,10,1647,328.792543,1742,0
instrument,True,10,1648,329.123089,1743,0
instrument,True,10,1649,329.287442,1744,0
instrument,True,10,1650,329.392371,1745,0
instrument,True,10,1651,329.542266,1746,0
instrument,True,10,1652,329.722204,1747,0
instrument,True,10,1653,329.992133,1748,0
instrument,True,10,1654,330.175323,1749,0
instrument,True,10,1655,330.336807,1753,0
instrument,True,10,1656,330.651876,1753,0
instrument,True,10,1657,330.727471,1755,0
instrument,True,10,1658,330.801969,1755,0
instrument,True,10,1659,331.011627,1756,0
instrument,True,10,1660,331.116886,1756,0
instrument,True,10,1661,331.266387,1756,0
instrument,True,10,1662,331.551271,1757,0
instrument,True,10,1663,331.671174,1757,0
instrument,True,10,1664,331.821163,1757,0
instrument,True,10,1665,332.046196,1759,0
instrument,True,10,1666,332.225894,1760,0
instrument,True,10,1667,332.540962,1761,0
instrument,True,10,1668,332.63398,1761,0
instrument,True,10,1669,332.766149,1763,0
instrument,True,10,1670,332.842571,1764,0
instrument,True,10,1671,332.960472,1765,0
instrument,True,10,1672,333.155407,1766,0
instrument,True,10,1673,333.620192,1768,0
instrument,True,10,1674,333.695551,1769,0
instrument,True,10,1675,333.755231,1769,0
instrument,True,10,1676,334.204431,1769,0
instrument,True,10,1677,334.309706,1771,0
instrument,True,10,1678,334.43211,1772,0
instrument,True,10,1679,334.66934,1774,0
instrument,True,10,1680,334.759267,1775,0
instrument,True,10,1681,335.014177,1778,0
instrument,True,10,1682,335.104336,1778,0
instrument,True,10,1683,335.388847,1778,0
instrument,True,10,1684,335.553728,1779,0
instrument,True,10,1685,335.778576,1780,5
instrument,True,10,1686,337.161377,1781,0
instrument,True,10,1687,337.398117,1782,0
instrument,True,10,1688,337.487738,1783,0
instrument,True,10,1689,337.547678,1784,0
instrument,True,10,1690,337.609907,1785,0
instrument,True,10,1691,337.682633,1788,0
instrument,True,10,1692,337.953418,1790,0
instrument,True,10,1693,338.177328,1792,0
instrument,True,10,1694,338.327363,1793,0
instrument,True,10,1695,338.552208,1794,0
instrument,True,10,1696,338.807239,1795,0
instrument,True,10,1697,339.032634,1796,0
instrument,True,10,1698,339.37644,1798,0
instrument,True,10,1699,339.631302,1800,0
instrument,True,10,1700,339.766305,1800,0
instrument,True,10,1701,339.963523,1802,0
instrument,True,10,1702,340.067211,1804,0
instrument,True,10,1703,340.216313,1806,0
instrument,True,10,1704,340.620834,1807,0
instrument,True,10,1705,340.800755,1808,0
instrument,True,10,1706,341.146249,1810,0
instrument,True,10,1707,341.235475,1810,0
instrument,True,10,1708,341.580634,1811,0
instrument,True,10,1709,341.865467,1813,0
instrument,True,10,1710,342.030147,1815,0
instrument,True,10,1711,342.225002,1817,0
instrument,True,10,1712,342.405174,1818,0
instrument,True,10,1713,342.54079,1818,0
instrument,True,10,1714,342.840411,1820,0
instrument,True,10,1715,343.019797,1820,0
instrument,True,10,1716,343.184694,1822,0
instrument,True,10,1717,343.289753,1823,0
instrument,True,10,1718,343.469621,1823,0
instrument,True,10,1719,343.709466,1824,0
instrument,True,10,1720,343.85902,1824,0
instrument,True,10,1721,343.979027,1824,0
instrument,True,10,1722,344.129017,1826,0
instrument,True,10,1723,344.324575,1827,0
instrument,True,10,1724,344.473831,1828,0
instrument,True,10,1725,344.669094,1829,0
instrument,True,10,1726,344.878871,1830,0
instrument,True,10,1727,345.09097,1833,0
instrument,True,10,1728,345.269173,1833,0
instrument,True,10,1729,345.418903,1833,0
instrument,True,10,1730,345.553275,1835,0
instrument,True,10,1731,345.703658,1835,0
instrument,True,10,1732,345.838115,1835,0
instrument,True,10,1733,345.988052,1836,0
instrument,True,10,1734,346.302931,1837,0
instrument,True,10,1735,346.467731,1837,0
instrument,True,10,1736,346.662646,1839,0
instrument,True,10,1737,346.752955,1841,0
instrument,True,10,1738,347.067493,1843,0
instrument,True,10,1739,347.532363,1845,0
instrument,True,10,1740,347.757099,1846,0
instrument,True,10,1741,347.951994,1847,0
instrument,True,10,1742,348.282048,1848,0
instrument,True,10,1743,348.342537,1849,0
instrument,True,10,1744,348.491827,1849,0
instrument,True,10,1745,348.641909,1850,0
instrument,True,10,1746,348.79131,1851,0
instrument,True,10,1747,348.896946,1852,0
instrument,True,10,1748,349.21103,1853,0
instrument,True,10,1749,349.361508,1854,0
instrument,True,10,1750,349.6492,1855,0
instrument,True,10,1751,349.885783,1858,0
instrument,True,10,1752,349.990686,1859,0
instrument,True,10,1753,350.140637,1860,0
instrument,True,10,1754,350.230549,1860,0
instrument,True,10,1755,350.410496,1861,0
instrument,True,10,1756,350.578791,1861,0
instrument,True,10,1757,350.695336,1863,0
instrument,True,10,1758,350.860192,1863,0
instrument,True,10,1759,351.040199,1864,0
instrument,True,10,1760,351.552306,1866,0
instrument,True,10,1761,351.669844,1867,0
instrument,True,10,1762,351.834899,1867,0
instrument,True,10,1763,352.029773,1868,0
instrument,True,10,1764,352.422089,1869,0
instrument,True,10,1765,352.569532,1870,0
instrument,True,10,1766,352.783789,1871,0
instrument,True,10,1767,352.873264,1873,0
instrument,True,10,1768,352.974349,1875,0
instrument,True,10,1769,353.304384,1876,0
instrument,True,10,1770,353.709461,1878,0
instrument,True,10,1771,353.843519,1878,0
instrument,True,10,1772,353.950525,1879,0
instrument,True,10,1773,354.278381,1880,0
instrument,True,10,1774,354.368194,1881,0
instrument,True,10,1775,354.533756,1882,0
instrument,True,10,1776,354.6725,1884,0
instrument,True,10,1777,354.818829,1885,0
instrument,True,10,1778,354.92297,1886,0
instrument,True,10,1779,355.073021,1887,0
instrument,True,10,1780,355.252774,1887,6
instrument,True,10,1781,356.411244,1888,0
instrument,True,10,1782,356.576652,1889,0
instrument,True,10,1783,356.812074,1890,0
instrument,True,10,1784,356.962537,1891,0
instrument,True,10,1785,357.096888,1892,0
instrument,True,10,1786,357.322261,1892,0
instrument,True,10,1787,357.580747,1894,0
instrument,True,10,1788,357.711559,1895,0
instrument,True,10,1789,358.13142,1897,0
instrument,True,10,1790,358.311293,1898,0
instrument,True,10,1791,358.446338,1899,0
instrument,True,10,1792,358.616143,1901,0
instrument,True,10,1793,358.809137,1902,0
instrument,True,10,1794,358.956728,1904,0
instrument,True,10,1795,359.166656,1905,0
instrument,True,10,1796,359.275321,1906,0
instrument,True,10,1797,359.54534,1909,0
instrument,True,10,1798,359.841118,1912,0
instrument,True,10,1799,360.021057,1912,0
instrument,True,10,1800,360.395835,1914,0
instrument,True,10,1801,360.576017,1914,0
instrument,True,10,1802,360.815741,1916,0
instrument,True,10,1803,361.040622,1919,0
instrument,True,10,1804,361.25047,1920,0
instrument,True,10,1805,361.583607,1921,0
instrument,True,10,1806,361.925268,1922,0
instrument,True,10,1807,362.04524,1924,0
instrument,True,10,1808,362.239988,1924,0
instrument,True,10,1809,362.539906,1924,0
instrument,True,10,1810,362.630066,1925,0
instrument,True,10,1811,362.735086,1925,0
instrument,True,10,1812,362.824925,1927,0
instrument,True,10,1813,363.049588,1928,0
instrument,True,10,1814,363.139522,1928,0
instrument,True,10,1815,363.334489,1929,0
instrument,True,10,1816,363.653818,1930,0
instrument,True,10,1817,363.769265,1931,0
instrument,True,10,1818,364.009159,1933,0
instrument,True,10,1819,364.087136,1934,0
instrument,True,10,1820,364.248997,1935,0
instrument,True,10,1821,364.383954,1935,0
instrument,True,10,1822,364.668921,1937,0
instrument,True,10,1823,364.853154,1939,0
instrument,True,10,1824,365.013677,1940,0
instrument,True,10,1825,365.317601,1942,0
instrument,True,10,1826,365.463546,1942,0
instrument,True,10,1827,365.538412,1944,0
instrument,True,10,1828,365.688446,1944,0
instrument,True,10,1829,365.913761,1945,0
instrument,True,10,1830,366.108166,1946,0
instrument,True,10,1831,366.408135,1947,0
instrument,True,10,1832,366.516796,1947,0
instrument,True,10,1833,366.632833,1948,0
instrument,True,10,1834,366.812896,1949,0
instrument,True,10,1835,367.187726,1950,0
instrument,True,10,1836,367.292509,1951,0
instrument,True,10,1837,367.54776,1953,0
instrument,True,10,1838,367.669901,1954,0
instrument,True,10,1839,367.832133,1955,0
instrument,True,10,1840,367.997072,1956,0
instrument,True,10,1841,368.269323,1958,0
instrument,True,10,1842,368.435847,1958,0
instrument,True,10,1843,368.911207,1960,0
instrument,True,10,1844,369.001172,1960,0
instrument,True,10,1845,369.12113,1961,0
instrument,True,10,1846,369.424947,1963,0
instrument,True,10,1847,369.601295,1963,0
instrument,True,10,1848,369.751236,1964,0
instrument,True,10,1849,369.870606,1964,0
instrument,True,10,1850,370.080582,1965,0
instrument,True,10,1851,370.230402,1967,0
instrument,True,10,1852,370.305414,1967,0
instrument,True,10,1853,370.440319,1968,0
instrument,True,10,1854,370.680223,1969,0
instrument,True,10,1855,370.864108,1972,0
instrument,True,10,1856,371.010866,1973,0
instrument,True,10,1857,371.295294,1974,0
instrument,True,10,1858,371.550065,1976,0
instrument,True,10,1859,371.729729,1977,0
instrument,True,10,1860,371.834677,1977,0
instrument,True,10,1861,372.033645,1979,0
instrument,True,10,1862,372.254837,1979,0
instrument,True,10,1863,372.329406,1980,0
instrument,True,10,1864,372.524359,1981,0
instrument,True,10,1865,372.674236,1981,0
instrument,True,10,1866,372.914178,1982,0
instrument,True,10,1867,373.169076,1983,0
instrument,True,10,1868,373.323225,1985,0
instrument,True,10,1869,373.453959,1985,0
instrument,True,10,1870,373.663871,1986,0
instrument,True,10,1871,373.814405,1987,0
instrument,True,10,1872,373.889383,1988,0
instrument,True,10,1873,374.05445,1989,0
instrument,True,10,1874,374.204124,1990,0
instrument,True,10,1875,374.373204,1991,0
instrument,True,10,1876,374.459264,1991,0
instrument,True,10,1877,374.6245,1992,0
instrument,True,10,1878,374.729146,1993,0
instrument,True,10,1879,374.848721,1994,0
instrument,True,10,1880,374.938687,1994,0
instrument,True,10,1881,375.148935,1995,0
instrument,True,10,1882,375.239521,1996,0
instrument,True,10,1883,375.403465,1997,0
instrument,True,10,1884,375.673378,1998,0
instrument,True,10,1885,375.85357,1999,0
instrument,True,10,1886,375.988651,2000,0
instrument,True,10,1887,376.138072,2000,0
instrument,True,10,1888,377.367365,2000,0
instrument,True,10,1889,377.54721,2000,0
instrument,True,10,1890,377.787049,2000,0
instrument,True,10,1890,377.877008,2000,0
instrument,True,100,0,4.45169,0,0
instrument,True,100,1,5.051335,0,0
instrument,True,100,2,5.41113,0,0
instrument,True,100,3,5.560855,0,0
instrument,True,100,4,5.950657,0,0
instrument,True,100,5,6.145557,0,0
instrument,True,100,6,6.310499,0,0
instrument,True,100,7,6.415123,0,0
instrument,True,100,8,6.535632,0,0
instrument,True,100,9,6.700598,0,0
instrument,True,100,10,6.940446,0,0
instrument,True,100,11,7.120863,0,0
instrument,True,100,12,7.510148,0,0
instrument,True,100,13,7.705041,0,0
instrument,True,100,14,7.884936,0,0
instrument,True,100,15,8.139791,0,0
instrument,True,100,16,8.409655,0,0
instrument,True,100,17,8.619568,0,0
instrument,True,100,18,8.874082,0,0
instrument,True,100,19,9.039071,0,0
instrument,True,100,20,9.188885,0,0
instrument,True,100,21,9.323816,0,0
instrument,True,100,22,9.609378,0,0
instrument,True,100,23,9.894136,0,0
instrument,True,100,24,10.31392,0,0
instrument,True,100,25,10.403863,0,0
instrument,True,100,26,10.538808,0,0
instrument,True,100,27,10.764074,1,0
instrument,True,100,28,10.898728,2,0
instrument,True,100,29,11.318361,4,0
instrument,True,100,30,11.423252,5,0
instrument,True,100,31,11.708634,6,0
instrument,True,100,32,11.830093,8,0
instrument,True,100,33,12.038031,9,0
instrument,True,100,34,12.247879,10,0
instrument,True,100,35,12.35548,10,0
instrument,True,100,36,12.532803,11,0
instrument,True,100,37,12.7577,11,0
instrument,True,100,38,13.150132,14,0
instrument,True,100,39,13.327461,15,0
instrument,True,100,40,13.597222,17,0
instrument,True,100,41,13.807145,17,0
instrument,True,100,42,14.079987,18,0
instrument,True,100,43,14.211917,19,0
instrument,True,100,44,14.379607,20,0
instrument,True,100,45,14.617369,21,0
instrument,True,100,46,14.827138,24,0
instrument,True,100,47,14.902223,24,0
instrument,True,100,48,15.157084,25,0
instrument,True,100,49,15.775518,27,0
instrument,True,100,50,15.966643,30,0
instrument,True,100,51,16.266408,32,0
instrument,True,100,52,16.536176,32,0
instrument,True,100,53,16.701128,33,0
instrument,True,100,54,16.971192,35,0
instrument,True,100,55,17.180983,36,0
instrument,True,100,56,17.285823,37,0
instrument,True,100,57,17.390808,38,0
instrument,True,100,58,17.630781,38,0
instrument,True,100,59,17.720727,38,0
instrument,True,100,60,17.885634,38,0
instrument,True,100,61,18.036024,38,0
instrument,True,100,62,18.185476,39,0
instrument,True,100,63,18.546435,41,0
instrument,True,100,64,18.65232,41,0
instrument,True,100,65,18.77088,42,0
instrument,True,100,66,18.890005,44,0
instrument,True,100,67,19.026818,46,0
instrument,True,100,68,19.204907,48,0
instrument,True,100,69,19.339825,48,0
instrument,True,100,70,19.580847,50,0
instrument,True,100,71,19.77522,50,0
instrument,True,100,72,19.944218,52,0
instrument,True,100,73,20.030097,52,0
instrument,True,100,74,20.224986,52,0
instrument,True,100,75,20.495091,54,0
instrument,True,100,76,20.929571,56,0
instrument,True,100,77,21.139335,58,0
instrument,True,100,78,21.484584,59,0
instrument,True,100,79,21.634091,59,0
instrument,True,100,80,21.802556,60,0
instrument,True,100,81,21.90688,62,0
instrument,True,100,82,22.03928,63,0
instrument,True,100,83,22.188693,63,0
instrument,True,100,84,22.308767,64,0
instrument,True,100,85,22.579199,65,0
instrument,True,100,86,22.911068,66,0
instrument,True,100,87,23.058545,69,0
instrument,True,100,88,23.238501,69,0
instrument,True,100,89,23.493281,70,0
instrument,True,100,90,23.677033,71,0
instrument,True,100,91,23.898029,71,0
instrument,True,100,92,24.39271,72,0
instrument,True,100,93,24.618172,73,0
instrument,True,100,94,24.7835,76,0
instrument,True,100,95,24.87549,79,0
instrument,True,100,96,25.115781,79,0
instrument,True,100,97,25.310393,81,0
instrument,True,100,98,25.413294,81,0
instrument,True,100,99,25.502856,82,0
instrument,True,100,100,25.802491,82,0
instrument,True,100,101,25.997763,83,0
instrument,True,100,102,26.102799,84,0
instrument,True,100,103,26.192291,84,0
instrument,True,100,104,26.327226,86,0
instrument,True,100,105,26.67213,88,0
instrument,True,100,106,26.777173,89,0
instrument,True,100,107,26.896935,89,0
instrument,True,100,108,27.361709,91,0
instrument,True,100,109,27.496773,92,0
instrument,True,100,110,27.691272,94,0
instrument,True,100,111,27.991249,95,0
instrument,True,100,112,28.200975,96,0
instrument,True,100,113,28.305994,97,0
instrument,True,100,114,28.486,98,0
instrument,True,100,115,28.635808,99,0
instrument,True,100,116,28.890653,100,0
instrument,True,100,117,29.02568,101,0
instrument,True,100,118,29.250561,102,0
instrument,True,100,119,29.535327,103,5
instrument,True,100,120,30.70606,103,0
instrument,True,100,121,30.959763,106,0
instrument,True,100,122,31.124184,106,0
instrument,True,100,123,31.54395,107,0
instrument,True,100,124,31.75392,109,0
instrument,True,100,125,32.218542,109,0
instrument,True,100,126,32.398408,110,0
instrument,True,100,127,32.728487,111,0
instrument,True,100,128,32.985924,113,0
instrument,True,100,129,33.193104,116,0
instrument,True,100,130,33.44813,118,0
instrument,True,100,131,33.64579,120,0
instrument,True,100,132,33.839856,123,0
instrument,True,100,133,34.077948,125,0
instrument,True,100,134,34.242512,126,0
instrument,True,100,135,34.680771,129,0
instrument,True,100,136,34.781915,130,0
instrument,True,100,137,35.159054,133,0
instrument,True,100,138,35.29159,135,0
instrument,True,100,139,35.456481,135,0
instrument,True,100,140,35.756768,137,0
instrument,True,100,141,36.05614,139,0
instrument,True,100,142,36.373524,141,0
instrument,True,100,143,36.760779,141,0
instrument,True,100,144,37.030577,144,0
instrument,True,100,145,37.270456,145,0
instrument,True,100,146,37.559399,146,0
instrument,True,100,147,37.66367,148,0
instrument,True,100,148,37.946997,149,0
instrument,True,100,149,38.364827,150,0
instrument,True,100,150,38.694559,150,0
instrument,True,100,151,39.009422,151,0
instrument,True,100,152,39.356295,152,0
instrument,True,100,153,39.45978,153,0
instrument,True,100,154,39.611976,157,0
instrument,True,100,155,39.777814,158,0
instrument,True,100,156,39.894635,160,0
instrument,True,100,157,40.044476,160,0
instrument,True,100,158,40.299259,161,0
instrument,True,100,159,40.541811,162,0
instrument,True,100,160,40.751282,164,0
instrument,True,100,161,40.943941,165,0
instrument,True,100,162,41.303718,166,0
instrument,True,100,163,41.468596,167,0
instrument,True,100,164,41.648501,167,0
instrument,True,100,165,41.828404,168,0
instrument,True,100,166,42.175795,171,0
instrument,True,100,167,42.278231,172,0
instrument,True,100,168,42.398114,173,0
instrument,True,100,169,42.503014,174,0
instrument,True,100,170,42.802907,175,0
instrument,True,100,171,43.029756,177,0
instrument,True,100,172,43.567937,179,0
instrument,True,100,173,44.047161,181,0
instrument,True,100,174,44.186352,182,0
instrument,True,100,175,44.421583,184,0
instrument,True,100,176,44.67642,185,0
instrument,True,100,177,44.961439,187,0
instrument,True,100,178,45.06624,188,0
instrument,True,100,179,45.26122,189,0
instrument,True,100,180,45.695881,191,0
instrument,True,100,181,45.830849,192,0
instrument,True,100,182,45.905781,192,0
instrument,True,100,183,46.295546,194,0
instrument,True,100,184,46.43052,195,0
instrument,True,100,185,46.745374,196,0
instrument,True,100,186,46.865207,197,0
instrument,True,100,187,47.105078,198,0
instrument,True,100,188,47.525031,200,0
instrument,True,100,189,47.79484,203,0
instrument,True,100,190,48.034625,204,0
instrument,True,100,191,48.334585,204,0
instrument,True,100,192,48.469484,205,0
instrument,True,100,193,48.949257,206,0
instrument,True,100,194,49.099109,207,0
instrument,True,100,195,49.249079,208,0
instrument,True,100,196,49.518757,208,0
instrument,True,100,197,49.953992,214,0
instrument,True,100,198,50.058537,215,0
instrument,True,100,199,50.253704,215,6
instrument,True,100,200,51.407723,215,0
instrument,True,100,201,51.66299,215,0
instrument,True,100,202,51.737778,215,0
instrument,True,100,203,51.947444,217,0
instrument,True,100,204,52.082448,218,0
instrument,True,100,205,52.354611,220,0
instrument,True,100,206,52.457374,221,0
instrument,True,100,207,52.577137,221,0
instrument,True,100,208,53.17819,224,0
instrument,True,100,209,53.386827,227,0
instrument,True,100,210,53.476798,227,0
instrument,True,100,211,53.581753,228,0
instrument,True,100,212,53.824793,229,0
instrument,True,100,213,53.943797,231,0
instrument,True,100,214,54.049571,233,0
instrument,True,100,215,54.153594,234,0
instrument,True,100,216,54.25684,235,0
instrument,True,100,217,54.439555,236,0
instrument,True,100,218,54.616781,238,0
instrument,True,100,219,54.886522,240,0
instrument,True,100,220,55.082234,240,0
instrument,True,100,221,55.309268,244,0
instrument,True,100,222,55.501153,244,0
instrument,True,100,223,55.681333,246,0
instrument,True,100,224,56.071172,247,0
instrument,True,100,225,56.269491,249,0
instrument,True,100,226,56.670594,251,0
instrument,True,100,227,56.910457,251,0
instrument,True,100,228,57.240264,254,0
instrument,True,100,229,57.375247,255,0
instrument,True,100,230,57.555528,255,0
instrument,True,100,231,57.719937,256,0
instrument,True,100,232,57.855467,257,0
instrument,True,100,233,57.929907,258,0
instrument,True,100,234,58.079812,258,0
instrument,True,100,235,58.304637,259,0
instrument,True,100,236,58.529551,260,0
instrument,True,100,237,58.709413,260,0
instrument,True,100,238,58.878692,262,0
instrument,True,100,239,59.12926,264,0
instrument,True,100,240,59.670168,265,0
instrument,True,100,241,60.104352,267,0
instrument,True,100,242,60.614203,269,0
instrument,True,100,243,61.067157,273,0
instrument,True,100,244,61.14032,274,0
instrument,True,100,245,61.304806,275,0
instrument,True,100,246,61.558704,277,0
instrument,True,100,247,61.754053,278,0
instrument,True,100,248,61.90344,278,0
instrument,True,100,249,62.113443,279,0
instrument,True,100,250,62.488231,282,0
instrument,True,100,251,62.848,283,0
instrument,True,100,252,63.027975,284,0
instrument,True,100,253,63.253273,284,0
instrument,True,100,254,63.433254,285,0
instrument,True,100,255,63.882552,290,0
instrument,True,100,256,64.122851,291,0
instrument,True,100,257,64.424763,293,0
instrument,True,100,258,64.500805,293,0
instrument,True,100,259,64.588292,294,0
instrument,True,100,260,64.861043,294,0
instrument,True,100,261,64.933149,294,0
instrument,True,100,262,65.09812,297,0
instrument,True,100,263,65.188015,297,0
instrument,True,100,264,65.639723,298,0
instrument,True,100,265,66.027225,301,0
instrument,True,100,266,66.176907,302,0
instrument,True,100,267,66.311798,303,0
instrument,True,100,268,66.552237,303,0
instrument,True,100,269,66.732632,303,0
instrument,True,100,270,66.957213,305,0
instrument,True,100,271,67.106979,306,0
instrument,True,100,272,67.227008,307,0
instrument,True,100,273,67.319858,308,0
instrument,True,100,274,67.512043,308,0
instrument,True,100,275,67.691913,310,0
instrument,True,100,276,68.156269,312,0
instrument,True,100,277,68.400924,315,0
instrument,True,100,278,68.485679,315,0
instrument,True,100,279,68.875444,317,0
instrument,True,100,280,69.040328,318,0
instrument,True,100,281,69.415746,319,0
instrument,True,100,282,69.760528,319,0
instrument,True,100,283,70.319171,321,0
instrument,True,100,284,70.555543,325,0
instrument,True,100,285,70.900164,327,6
instrument,True,100,286,72.204332,330,0
instrument,True,100,287,72.339846,332,0
instrument,True,100,288,72.549111,333,0
instrument,True,100,289,72.789808,335,0
instrument,True,100,290,72.998892,336,0
instrument,True,100,291,73.136219,337,0
instrument,True,100,292,73.513154,341,0
instrument,True,100,293,73.629145,343,0
instrument,True,100,294,73.793358,343,0
instrument,True,100,295,74.033319,344,0
instrument,True,100,296,74.172402,346,0
instrument,True,100,297,74.42277,346,0
instrument,True,100,298,74.707575,348,0
instrument,True,100,299,74.902427,350,0
instrument,True,100,300,75.187399,351,0
instrument,True,100,301,75.371298,352,0
instrument,True,100,302,75.637162,353,0
instrument,True,100,303,75.970171,354,0
instrument,True,100,304,76.163562,357,0
instrument,True,100,305,76.613715,359,0
instrument,True,100,306,76.761428,359,0
instrument,True,100,307,76.91136,360,0
instrument,True,100,308,77.076748,361,0
instrument,True,100,309,77.528974,363,0
instrument,True,100,310,77.811187,365,0
instrument,True,100,311,77.975993,366,0
instrument,True,100,312,78.111028,366,0
instrument,True,100,313,78.290813,368,0
instrument,True,100,314,78.485634,369,0
instrument,True,100,315,78.830505,371,0
instrument,True,100,316,79.085364,373,0
instrument,True,100,317,79.535781,374,0
instrument,True,100,318,79.670604,375,0
instrument,True,100,319,79.89562,375,0
instrument,True,100,320,80.045509,376,0
instrument,True,100,321,80.435317,378,0
instrument,True,100,322,80.585196,380,0
instrument,True,100,323,80.705228,381,0
instrument,True,100,324,80.900092,382,0
instrument,True,100,325,81.42472,382,0
instrument,True,100,326,81.709574,384,0
instrument,True,100,327,81.88948,386,0
instrument,True,100,328,82.219283,387,0
instrument,True,100,329,82.354805,389,0
instrument,True,100,330,82.549225,389,0
instrument,True,100,331,82.744121,392,0
instrument,True,100,332,83.104044,394,0
instrument,True,100,333,83.238707,395,0
instrument,True,100,334,83.328619,395,0
instrument,True,100,335,83.584147,397,0
instrument,True,100,336,83.733394,397,0
instrument,True,100,337,84.1983,399,0
instrument,True,100,338,84.587705,402,0
instrument,True,100,339,84.677621,403,0
instrument,True,100,340,84.769346,403,0
instrument,True,100,341,84.887641,404,0
instrument,True,100,342,85.06739,405,0
instrument,True,100,343,85.233254,405,0
instrument,True,100,344,85.502349,407,0
instrument,True,100,345,85.802553,409,0
instrument,True,100,346,85.96743,409,0
instrument,True,100,347,86.236959,409,0
instrument,True,100,348,86.659034,411,0
instrument,True,100,349,86.780103,413,0
instrument,True,100,350,86.986485,415,0
instrument,True,100,351,87.316396,416,0
instrument,True,100,352,87.409624,416,0
instrument,True,100,353,87.556125,417,0
instrument,True,100,354,87.843271,419,0
instrument,True,100,355,88.035733,421,0
instrument,True,100,356,88.365932,423,0
instrument,True,100,357,88.515551,423,0
instrument,True,100,358,88.590381,423,0
instrument,True,100,359,88.725648,425,0
instrument,True,100,360,89.178435,426,0
instrument,True,100,361,89.369966,428,0
instrument,True,100,362,89.534673,428,0
instrument,True,100,363,89.927299,431,0
instrument,True,100,364,90.105354,432,0
instrument,True,100,365,90.226969,432,0
instrument,True,100,366,90.392335,433,0
instrument,True,100,367,90.628987,435,0
instrument,True,100,368,90.838862,435,0
instrument,True,100,369,90.899218,437,0
instrument,True,100,370,91.258648,437,0
instrument,True,100,371,91.483478,438,0
instrument,True,100,372,91.562379,440,0
instrument,True,100,373,91.7534,440,4
instrument,True,100,374,92.849979,442,0
instrument,True,100,375,92.937726,443,0
instrument,True,100,376,93.162594,444,0
instrument,True,100,377,93.372415,446,0
instrument,True,100,378,93.615053,449,0
instrument,True,100,379,93.807191,450,0
instrument,True,100,380,94.137014,452,0
instrument,True,100,381,94.722391,454,0
instrument,True,100,382,94.932247,454,0
instrument,True,100,383,95.416751,457,0
instrument,True,100,384,95.711818,460,0
instrument,True,100,385,96.014189,463,0
instrument,True,100,386,96.148631,464,0
instrument,True,100,387,96.551414,466,0
instrument,True,100,388,96.912687,466,0
instrument,True,100,389,97.046213,467,0
instrument,True,100,390,97.226978,468,0
instrument,True,100,391,97.528091,472,0
instrument,True,100,392,97.765881,473,0
instrument,True,100,393,97.960753,475,0
instrument,True,100,394,98.335576,475,0
instrument,True,100,395,98.950187,480,0
instrument,True,100,396,99.146066,481,0
instrument,True,100,397,99.744392,483,0
instrument,True,100,398,100.164615,487,0
instrument,True,100,399,100.359081,487,0
instrument,True,100,400,100.568976,488,0
instrument,True,100,401,100.868878,490,0
instrument,True,100,402,101.064188,491,0
instrument,True,100,403,101.213641,492,0
instrument,True,100,404,101.408493,493,0
instrument,True,100,405,101.933446,495,0
instrument,True,100,406,102.310456,498,0
instrument,True,100,407,102.56286,499,0
instrument,True,100,408,102.66797,500,0
instrument,True,100,409,103.11768,500,0
instrument,True,100,410,103.46739,502,0
instrument,True,100,411,103.687348,502,0
instrument,True,100,412,104.002189,506,0
instrument,True,100,413,104.332069,507,0
instrument,True,100,414,104.58931,507,0
instrument,True,100,415,104.781499,510,0
instrument,True,100,416,104.94642,512,0
instrument,True,100,417,105.096333,513,0
instrument,True,100,418,105.231226,513,0
instrument,True,100,419,105.411149,514,0
instrument,True,100,420,105.595272,515,0
instrument,True,100,421,105.696092,516,0
instrument,True,100,422,105.921363,517,0
instrument,True,100,423,106.160842,519,0
instrument,True,100,424,106.610607,519,0
instrument,True,100,425,106.94037,523,0
instrument,True,100,426,107.135373,524,0
instrument,True,100,427,107.315353,525,0
instrument,True,100,428,107.467676,526,0
instrument,True,100,429,107.6601,527,0
instrument,True,100,430,107.765018,528,0
instrument,True,100,431,108.170543,528,0
instrument,True,100,432,108.259917,529,0
instrument,True,100,433,108.334857,530,0
instrument,True,100,434,108.87453,532,0
instrument,True,100,435,109.009416,535,0
instrument,True,100,436,109.147038,535,0
instrument,True,100,437,109.400532,536,0
instrument,True,100,438,109.5498,536,0
instrument,True,100,439,110.094591,541,0
instrument,True,100,440,110.434232,541,0
instrument,True,100,441,110.75212,543,0
instrument,True,100,442,111.033872,545,0
instrument,True,100,443,111.438705,547,0
instrument,True,100,444,111.573615,548,0
instrument,True,100,445,111.695806,548,0
instrument,True,100,446,111.888478,549,0
instrument,True,100,447,112.293136,550,0
instrument,True,100,448,112.50309,552,0
instrument,True,100,449,112.623079,553,0
instrument,True,100,450,112.772887,555,0
instrument,True,100,451,113.19536,557,0
instrument,True,100,452,113.342611,558,6
instrument,True,100,453,114.662379,558,0
instrument,True,100,454,114.99491,562,0
instrument,True,100,455,115.097128,562,0
instrument,True,100,456,115.307066,565,0
instrument,True,100,457,115.472033,567,1
instrument,True,100,458,115.861775,567,0
instrument,True,100,459,116.146572,569,0
instrument,True,100,460,116.311518,570,0
instrument,True,100,461,116.431443,570,0
instrument,True,100,462,116.551528,570,0
instrument,True,100,463,116.86621,572,0
instrument,True,100,464,117.330933,575,0
instrument,True,100,465,117.855678,575,0
instrument,True,100,466,118.170509,580,0
instrument,True,100,467,118.410322,582,0
instrument,True,100,468,118.577725,583,0
instrument,True,100,469,118.935022,583,0
instrument,True,100,470,119.084971,584,0
instrument,True,100,471,119.579515,586,0
instrument,True,100,472,119.835985,586,0
instrument,True,100,473,120.000505,589,0
instrument,True,100,474,120.478943,590,0
instrument,True,100,475,120.616828,592,0
instrument,True,100,476,120.733903,594,0
instrument,True,100,477,121.04874,595,0
instrument,True,100,478,121.126566,597,0
instrument,True,100,479,121.228858,600,0
instrument,True,100,480,121.454487,602,0
instrument,True,100,481,121.738993,603,0
instrument,True,100,482,121.978454,604,0
instrument,True,100,483,122.101282,606,0
instrument,True,100,484,122.29664,607,0
instrument,True,100,485,122.548558,608,0
instrument,True,100,486,122.653269,608,0
instrument,True,100,487,122.952736,608,0
instrument,True,100,488,123.088053,609,0
instrument,True,100,489,123.252599,609,0
instrument,True,100,490,123.357668,610,0
instrument,True,100,491,123.49261,611,0
instrument,True,100,492,123.720035,613,0
instrument,True,100,493,123.972306,614,0
instrument,True,100,494,124.064745,615,0
instrument,True,100,495,124.257066,617,0
instrument,True,100,496,124.468356,618,0
instrument,True,100,497,124.631211,619,0
instrument,True,100,498,124.751167,620,0
instrument,True,100,499,125.066057,620,0
instrument,True,100,500,125.488933,622,0
instrument,True,100,501,125.682428,624,0
instrument,True,100,502,125.935594,626,0
instrument,True,100,503,126.119196,628,0
instrument,True,100,504,126.310238,628,0
instrument,True,100,505,126.550581,628,0
instrument,True,100,506,126.715461,628,0
instrument,True,100,507,126.910344,631,0
instrument,True,100,508,127.212752,633,0
instrument,True,100,509,127.495036,634,0
instrument,True,100,510,127.674942,635,0
instrument,True,100,511,128.049672,636,0
instrument,True,100,512,128.154656,639,0
instrument,True,100,513,128.484555,639,0
instrument,True,100,514,128.679149,640,0
instrument,True,100,515,128.772364,641,0
instrument,True,100,516,129.308844,644,0
instrument,True,100,517,129.743417,645,0
instrument,True,100,518,129.908204,646,0
instrument,True,100,519,130.073129,646,0
instrument,True,100,520,130.357901,647,0
instrument,True,100,521,130.585402,649,0
instrument,True,100,522,130.672735,650,0
instrument,True,100,523,130.944814,652,6
instrument,True,100,524,132.216861,653,0
instrument,True,100,525,132.441755,654,0
instrument,True,100,526,132.756504,657,0
instrument,True,100,527,133.311067,660,0
instrument,True,100,528,133.670794,662,0
instrument,True,100,529,133.925655,663,0
instrument,True,100,530,134.078106,665,0
instrument,True,100,531,134.300945,668,0
instrument,True,100,532,134.39099,670,0
instrument,True,100,533,134.514293,671,0
instrument,True,100,534,134.766464,672,0
instrument,True,100,535,134.97568,672,0
instrument,True,100,536,135.32054,673,0
instrument,True,100,537,135.635759,675,0
instrument,True,100,538,136.040186,676,0
instrument,True,100,539,136.236452,678,0
instrument,True,100,540,136.385194,680,0
instrument,True,100,541,136.537066,682,0
instrument,True,100,542,136.849692,683,0
instrument,True,100,543,137.134605,685,0
instrument,True,100,544,137.359504,685,0
instrument,True,100,545,137.749298,688,0
instrument,True,100,546,137.989113,690,0
instrument,True,100,547,138.173032,693,0
instrument,True,100,548,138.275725,693,0
instrument,True,100,549,138.483918,694,0
instrument,True,100,550,138.633837,695,0
instrument,True,100,551,138.888682,696,0
instrument,True,100,552,138.993656,696,0
instrument,True,100,553,139.293428,697,0
instrument,True,100,554,139.517982,699,0
instrument,True,100,555,139.712888,701,0
instrument,True,100,556,139.892703,702,0
instrument,True,100,557,140.177924,703,0
instrument,True,100,558,140.447998,705,0
instrument,True,100,559,140.522414,705,0
instrument,True,100,560,140.852343,706,0
instrument,True,100,561,140.976254,708,0
instrument,True,100,562,141.271986,709,0
instrument,True,100,563,141.484038,710,0
instrument,True,100,564,141.932073,713,0
instrument,True,100,565,142.066577,714,0
instrument,True,100,566,142.366427,716,0
instrument,True,100,567,142.741316,717,0
instrument,True,100,568,143.086258,719,0
instrument,True,100,569,143.251136,720,0
instrument,True,100,570,143.476471,722,0
instrument,True,100,571,143.745934,722,0
instrument,True,100,572,143.895955,722,0
instrument,True,100,573,144.465203,725,0
instrument,True,100,574,144.690014,727,0
instrument,True,100,575,145.019849,729,0
instrument,True,100,576,145.184807,730,0
instrument,True,100,577,145.33576,732,0
instrument,True,100,578,145.604624,732,0
instrument,True,100,579,146.129321,735,0
instrument,True,100,580,146.387396,738,0
instrument,True,100,581,146.639224,739,0
instrument,True,100,582,146.714129,739,0
instrument,True,100,583,146.864112,740,0
instrument,True,100,584,146.99898,741,0
instrument,True,100,585,147.268768,742,0
instrument,True,100,586,147.583561,744,0
instrument,True,100,587,147.737415,745,0
instrument,True,100,588,147.988479,746,0
instrument,True,100,589,148.333287,747,0
instrument,True,100,590,148.471344,749,0
instrument,True,100,591,149.172811,750,0
instrument,True,100,592,149.503334,750,0
instrument,True,100,593,149.863446,752,0
instrument,True,100,594,150.177823,757,0
instrument,True,100,595,150.255234,758,0
instrument,True,100,596,150.402798,759,0
instrument,True,100,597,150.492621,759,0
instrument,True,100,598,150.808942,761,0
instrument,True,100,599,150.972498,761,0
instrument,True,100,600,151.182378,762,0
instrument,True,100,601,151.302334,764,0
instrument,True,100,602,151.694586,766,0
instrument,True,100,603,151.96246,767,0
instrument,True,100,604,152.306875,768,0
instrument,True,100,605,152.459062,769,6
instrument,True,100,606,153.805956,770,0
instrument,True,100,607,154.105749,771,0
instrument,True,100,608,154.573556,772,0
instrument,True,100,609,154.737602,775,0
instrument,True,100,610,154.842293,776,0
instrument,True,100,611,154.945099,777,0
instrument,True,100,612,155.170476,778,0
instrument,True,100,613,155.544693,780,0
instrument,True,100,614,155.784589,781,0
instrument,True,100,615,155.980317,783,0
instrument,True,100,616,156.474279,787,0
instrument,True,100,617,156.581733,787,0
instrument,True,100,618,156.672397,789,0
instrument,True,100,619,157.030993,794,0
instrument,True,100,620,157.388728,796,0
instrument,True,100,621,157.733668,797,0
instrument,True,100,622,158.07866,799,0
instrument,True,100,623,158.168472,800,0
instrument,True,100,624,158.410299,801,0
instrument,True,100,625,158.543229,802,0
instrument,True,100,626,159.037955,802,0
instrument,True,100,627,159.172945,804,0
instrument,True,100,628,159.367808,806,0
instrument,True,100,629,159.578321,808,0
instrument,True,100,630,159.833314,810,0
instrument,True,100,631,160.256191,812,0
instrument,True,100,632,160.448486,813,0
instrument,True,100,633,160.927631,815,0
instrument,True,100,634,161.15246,815,0
instrument,True,100,635,161.347471,816,0
instrument,True,100,636,161.470245,819,0
instrument,True,100,637,161.722209,820,0
instrument,True,100,638,161.859228,821,0
instrument,True,100,639,162.022543,822,0
instrument,True,100,640,162.128063,823,0
instrument,True,100,641,162.53476,825,0
instrument,True,100,642,162.771627,825,0
instrument,True,100,643,163.116702,827,0
instrument,True,100,644,163.372948,829,0
instrument,True,100,645,163.731211,831,0
instrument,True,100,646,163.926114,832,0
instrument,True,100,647,164.120938,833,0
instrument,True,100,648,164.465553,833,0
instrument,True,100,649,164.930257,836,0
instrument,True,100,650,165.110143,838,0
instrument,True,100,651,165.425736,839,0
instrument,True,100,652,165.680343,841,0
instrument,True,100,653,165.784826,842,0
instrument,True,100,654,165.904872,843,0
instrument,True,100,655,166.159659,844,0
instrument,True,100,656,166.414956,846,0
instrument,True,100,657,166.774697,846,0
instrument,True,100,658,167.029249,847,0
instrument,True,100,659,167.179003,849,0
instrument,True,100,660,167.343953,849,0
instrument,True,100,661,167.898672,851,0
instrument,True,100,662,168.095949,853,0
instrument,True,100,663,168.333481,856,0
instrument,True,100,664,168.588302,856,0
instrument,True,100,665,168.785885,857,0
instrument,True,100,666,169.083073,860,0
instrument,True,100,667,169.398778,861,0
instrument,True,100,668,169.638569,862,0
instrument,True,100,669,170.015618,865,0
instrument,True,100,670,170.118104,866,0
instrument,True,100,671,170.360317,867,0
instrument,True,100,672,170.522917,868,0
instrument,True,100,673,170.762927,869,0
instrument,True,100,674,171.077623,870,0
instrument,True,100,675,171.167748,872,0
instrument,True,100,676,171.469308,873,0
instrument,True,100,677,171.587327,873,0
instrument,True,100,678,171.752735,875,0
instrument,True,100,679,172.037121,876,0
instrument,True,100,680,172.261979,877,0
instrument,True,100,681,172.606854,877,0
instrument,True,100,682,172.741715,878,6
instrument,True,100,683,174.031088,881,0
instrument,True,100,684,174.345928,882,0
instrument,True,100,685,174.466073,883,0
instrument,True,100,686,174.615511,884,0
instrument,True,100,687,174.750843,886,0
instrument,True,100,688,174.885349,886,0
instrument,True,100,689,175.185274,888,0
instrument,True,100,690,175.455069,891,0
instrument,True,100,691,175.620033,893,0
instrument,True,100,692,175.802529,894,0
instrument,True,100,693,176.039963,895,0
instrument,True,100,694,176.309899,897,0
instrument,True,100,695,176.534629,897,0
instrument,True,100,696,176.714444,898,0
instrument,True,100,697,176.851692,900,0
instrument,True,100,698,176.954269,901,0
instrument,True,100,699,177.074276,901,0
instrument,True,100,700,177.434496,904,0
instrument,True,100,701,177.901322,906,0
instrument,True,100,702,178.198743,910,0
instrument,True,100,703,178.423638,911,0
instrument,True,100,704,178.573602,912,0
instrument,True,100,705,179.162794,914,0
instrument,True,100,706,179.263312,914,0
instrument,True,100,707,179.442941,914,0
instrument,True,100,708,179.712665,916,0
instrument,True,100,709,179.802663,918,0
instrument,True,100,710,180.027519,920,0
instrument,True,100,711,180.14912,920,0
instrument,True,100,712,180.237768,921,0
instrument,True,100,713,180.5529,921,0
instrument,True,100,714,180.672956,922,0
instrument,True,100,715,180.792663,923,0
instrument,True,100,716,181.047473,925,0
instrument,True,100,717,181.454596,926,0
instrument,True,100,718,181.766611,929,0
instrument,True,100,719,182.066791,931,0
instrument,True,100,720,182.381592,932,0
instrument,True,100,721,182.786862,932,0
instrument,True,100,722,182.891372,932,0
instrument,True,100,723,183.385996,935,0
instrument,True,100,724,183.595928,936,0
instrument,True,100,725,183.734795,938,0
instrument,True,100,726,184.047606,941,0
instrument,True,100,727,184.195602,942,0
instrument,True,100,728,184.421579,943,0
instrument,True,100,729,184.901382,945,0
instrument,True,100,730,185.411102,946,0
instrument,True,100,731,185.731377,950,0
instrument,True,100,732,185.935771,951,0
instrument,True,100,733,186.178052,953,0
instrument,True,100,734,186.460682,955,0
instrument,True,100,735,186.92518,957,0
instrument,True,100,736,187.374874,959,0
instrument,True,100,737,187.585313,959,0
instrument,True,100,738,187.78017,962,0
instrument,True,100,739,188.07952,962,0
instrument,True,100,740,188.349421,963,0
instrument,True,100,741,188.456288,965,0
instrument,True,100,742,188.75433,966,0
instrument,True,100,743,188.934659,968,0
instrument,True,100,744,189.414867,970,0
instrument,True,100,745,189.804265,972,0
instrument,True,100,746,189.954117,973,0
instrument,True,100,747,190.238974,975,0
instrument,True,100,748,190.616486,976,0
instrument,True,100,749,190.943611,978,0
instrument,True,100,750,191.123508,980,0
instrument,True,100,751,191.25849,980,0
instrument,True,100,752,191.663241,982,0
instrument,True,100,753,191.828066,982,0
instrument,True,100,754,191.948094,982,0
instrument,True,100,755,192.217857,985,0
instrument,True,100,756,192.307806,985,0
instrument,True,100,757,192.476599,987,0
instrument,True,100,758,192.563039,988,0
instrument,True,100,759,192.862673,989,0
instrument,True,100,760,193.027514,990,0
instrument,True,100,761,193.162504,991,0
instrument,True,100,762,193.552211,992,6
instrument,True,100,763,194.707339,992,0
instrument,True,100,764,194.812233,992,0
instrument,True,100,765,195.172327,992,0
instrument,True,100,766,195.261976,992,0
instrument,True,100,767,195.801854,1000,0
instrument,True,100,768,195.937423,1002,0
instrument,True,100,769,196.087058,1003,0
instrument,True,100,770,196.299223,1005,0
instrument,True,100,771,196.671285,1007,0
instrument,True,100,772,196.941121,1007,0
instrument,True,100,773,197.106156,1007,0
instrument,True,100,774,197.540846,1009,0
instrument,True,100,775,197.795619,1010,0
instrument,True,100,776,198.290464,1012,0
instrument,True,100,777,198.443122,1014,0
instrument,True,100,778,198.575269,1014,0
instrument,True,100,779,198.935103,1015,0
instrument,True,100,780,199.040046,1016,0
instrument,True,100,781,199.159902,1018,0
instrument,True,100,782,199.401483,1019,0
instrument,True,100,783,199.879255,1020,0
instrument,True,100,784,200.104693,1022,0
instrument,True,100,785,200.449348,1024,0
instrument,True,100,786,200.583898,1025,0
instrument,True,100,787,200.688786,1026,0
instrument,True,100,788,200.809624,1027,0
instrument,True,100,789,201.003678,1029,0
instrument,True,100,790,201.243499,1034,0
instrument,True,100,791,201.636642,1037,0
instrument,True,100,792,201.738255,1037,0
instrument,True,100,793,201.828201,1037,0
instrument,True,100,794,202.143001,1037,0
instrument,True,100,795,202.427974,1040,0
instrument,True,100,796,202.548738,1041,0
instrument,True,100,797,202.84767,1043,0
instrument,True,100,798,203.087556,1043,0
instrument,True,100,799,203.192514,1044,0
instrument,True,100,800,203.417422,1044,0
instrument,True,100,801,203.672258,1045,0
instrument,True,100,802,204.199397,1046,0
instrument,True,100,803,204.302139,1047,0
instrument,True,100,804,204.557893,1049,0
instrument,True,100,805,205.051145,1050,0
instrument,True,100,806,205.261129,1050,0
instrument,True,100,807,205.459544,1053,0
instrument,True,100,808,205.635972,1055,0
instrument,True,100,809,205.815858,1056,0
instrument,True,100,810,206.119586,1059,0
instrument,True,100,811,206.235578,1061,0
instrument,True,100,812,206.460502,1062,0
instrument,True,100,813,207.299987,1064,0
instrument,True,100,814,207.737237,1065,0
instrument,True,100,815,207.916936,1067,0
instrument,True,100,816,208.053742,1069,0
instrument,True,100,817,208.379485,1070,0
instrument,True,100,818,208.530813,1072,0
instrument,True,100,819,209.114176,1077,0
instrument,True,100,820,209.279528,1078,0
instrument,True,100,821,209.608582,1079,0
instrument,True,100,822,209.758454,1081,0
instrument,True,100,823,209.893361,1081,0
instrument,True,100,824,209.96836,1081,0
instrument,True,100,825,210.060291,1082,0
instrument,True,100,826,210.208362,1083,0
instrument,True,100,827,210.283132,1084,0
instrument,True,100,828,210.825299,1086,0
instrument,True,100,829,211.137721,1088,0
instrument,True,100,830,211.377565,1089,0
instrument,True,100,831,211.500068,1091,0
instrument,True,100,832,211.572789,1091,0
instrument,True,100,833,211.812387,1092,0
instrument,True,100,834,212.400957,1096,0
instrument,True,100,835,212.546906,1096,0
instrument,True,100,836,212.802047,1097,0
instrument,True,100,837,213.07163,1097,0
instrument,True,100,838,213.206522,1099,0
instrument,True,100,839,213.447263,1100,0
instrument,True,100,840,213.838955,1101,0
instrument,True,100,841,214.01921,1103,0
instrument,True,100,842,214.123976,1105,0
instrument,True,100,843,214.375955,1105,6
instrument,True,100,844,215.440988,1105,0
instrument,True,100,845,215.890699,1107,0
instrument,True,100,846,216.08563,1108,0
instrument,True,100,847,216.238533,1110,0
instrument,True,100,848,216.325492,1110,0
instrument,True,100,849,216.535609,1111,0
instrument,True,100,850,216.659042,1113,0
instrument,True,100,851,216.730248,1113,0
instrument,True,100,852,216.820759,1115,0
instrument,True,100,853,217.090772,1116,0
instrument,True,100,854,217.344936,1119,0
instrument,True,100,855,217.854376,1123,0
instrument,True,100,856,217.974662,1125,0
instrument,True,100,857,218.096537,1125,0
instrument,True,100,858,218.31933,1126,0
instrument,True,100,859,218.394181,1128,0
instrument,True,100,860,218.813961,1129,0
instrument,True,100,861,219.371634,1132,0
instrument,True,100,862,219.563213,1134,0
instrument,True,100,863,219.773601,1135,0
instrument,True,100,864,219.970246,1136,0
instrument,True,100,865,220.132829,1137,0
instrument,True,100,866,220.222882,1137,0
instrument,True,100,867,220.342662,1137,0
instrument,True,100,868,221.03232,1139,0
instrument,True,100,869,221.212316,1140,0
instrument,True,100,870,222.142267,1141,0
instrument,True,100,871,222.216726,1142,0
instrument,True,100,872,222.426706,1143,0
instrument,True,100,873,222.861548,1146,0
instrument,True,100,874,223.191798,1147,0
instrument,True,100,875,223.29636,1148,0
instrument,True,100,876,223.58113,1149,0
instrument,True,100,877,223.716301,1154,0
instrument,True,100,878,223.896295,1154,0
instrument,True,100,879,224.18082,1155,0
instrument,True,100,880,224.346209,1156,0
instrument,True,100,881,224.690224,1157,0
instrument,True,100,882,224.82785,1161,0
instrument,True,100,883,225.020017,1162,0
instrument,True,100,884,225.245572,1165,0
instrument,True,100,885,225.352841,1165,0
instrument,True,100,886,225.859682,1168,0
instrument,True,100,887,226.324351,1170,0
instrument,True,100,888,226.564236,1171,0
instrument,True,100,889,226.804107,1173,0
instrument,True,100,890,227.166225,1175,0
instrument,True,100,891,227.403862,1176,0
instrument,True,100,892,227.55407,1177,0
instrument,True,100,893,227.688646,1178,0
instrument,True,100,894,227.884955,1179,0
instrument,True,100,895,228.288841,1181,0
instrument,True,100,896,228.740438,1184,0
instrument,True,100,897,228.873038,1185,0
instrument,True,100,898,229.367763,1187,0
instrument,True,100,899,229.502545,1187,0
instrument,True,100,900,229.80244,1189,0
instrument,True,100,901,230.120294,1191,0
instrument,True,100,902,230.372052,1193,0
instrument,True,100,903,230.491878,1193,0
instrument,True,100,904,230.926681,1194,0
instrument,True,100,905,231.331857,1197,0
instrument,True,100,906,231.558577,1199,0
instrument,True,100,907,231.753463,1200,0
instrument,True,100,908,232.096976,1202,0
instrument,True,100,909,232.426478,1204,0
instrument,True,100,910,232.620939,1205,0
instrument,True,100,911,232.845817,1205,0
instrument,True,100,912,233.10073,1206,0
instrument,True,100,913,233.235682,1207,0
instrument,True,100,914,233.53819,1208,0
instrument,True,100,915,233.745447,1209,0
instrument,True,100,916,234.00029,1211,0
instrument,True,100,917,234.255151,1212,0
instrument,True,100,918,234.333146,1214,0
instrument,True,100,919,234.511146,1215,0
instrument,True,100,920,234.659855,1216,0
instrument,True,100,921,234.89944,1217,0
instrument,True,100,922,235.259989,1219,6
instrument,True,100,923,236.878609,1221,0
instrument,True,100,924,237.076198,1223,0
instrument,True,100,925,237.331814,1225,0
instrument,True,100,926,237.508629,1226,0
instrument,True,100,927,237.645722,1227,0
instrument,True,100,928,237.897999,1229,0
instrument,True,100,929,238.033208,1230,0
instrument,True,100,930,238.40774,1231,0
instrument,True,100,931,238.947479,1236,0
instrument,True,100,932,239.082538,1237,0
instrument,True,100,933,239.352326,1239,0
instrument,True,100,934,239.652771,1240,0
instrument,True,100,935,239.93756,1240,0
instrument,True,100,936,240.027791,1241,0
instrument,True,100,937,240.240288,1243,0
instrument,True,100,938,240.434235,1244,0
instrument,True,100,939,240.597489,1245,0
instrument,True,100,940,240.734206,1247,0
instrument,True,100,941,241.032073,1249,0
instrument,True,100,942,241.421882,1250,0
instrument,True,100,943,241.829269,1252,0
instrument,True,100,944,241.90172,1253,0
instrument,True,100,945,242.32391,1257,0
instrument,True,100,946,242.501309,1258,0
instrument,True,100,947,242.771175,1259,0
instrument,True,100,948,243.071043,1262,0
instrument,True,100,949,243.355974,1263,0
instrument,True,100,950,243.626303,1263,0
instrument,True,100,951,244.150293,1266,0
instrument,True,100,952,244.270198,1268,0
instrument,True,100,953,244.514824,1270,0
instrument,True,100,954,244.675813,1270,0
instrument,True,100,955,244.872498,1272,0
instrument,True,100,956,245.140111,1272,0
instrument,True,100,957,245.380068,1274,0
instrument,True,100,958,245.559699,1275,0
instrument,True,100,959,245.829376,1275,0
instrument,True,100,960,246.264079,1276,0
instrument,True,100,961,246.417748,1276,0
instrument,True,100,962,246.593616,1278,0
instrument,True,100,963,246.773506,1278,0
instrument,True,100,964,247.088401,1282,0
instrument,True,100,965,247.227058,1284,0
instrument,True,100,966,247.403437,1285,3
instrument,True,100,967,248.04773,1285,0
instrument,True,100,968,248.395381,1285,0
instrument,True,100,969,248.557455,1285,0
instrument,True,100,970,248.827828,1287,0
instrument,True,100,971,249.007574,1290,0
instrument,True,100,972,249.248208,1292,0
instrument,True,100,973,249.413627,1294,0
instrument,True,100,974,249.819004,1296,0
instrument,True,100,975,250.146276,1298,0
instrument,True,100,976,250.328653,1301,0
instrument,True,100,977,250.700921,1303,0
instrument,True,100,978,251.165693,1304,0
instrument,True,100,979,251.43553,1306,0
instrument,True,100,980,251.975243,1309,0
instrument,True,100,981,252.110194,1310,0
instrument,True,100,982,252.51504,1313,0
instrument,True,100,983,252.63533,1313,0
instrument,True,100,984,252.934853,1313,0
instrument,True,100,985,253.193761,1317,0
instrument,True,100,986,253.61214,1319,0
instrument,True,100,987,253.759359,1319,0
instrument,True,100,988,253.972086,1320,0
instrument,True,100,989,254.109506,1322,0
instrument,True,100,990,254.302576,1322,0
instrument,True,100,991,254.658714,1323,0
instrument,True,100,992,254.853537,1326,0
instrument,True,100,993,255.018472,1326,0
instrument,True,100,994,255.198342,1327,0
instrument,True,100,995,255.438216,1328,0
instrument,True,100,996,255.663167,1328,0
instrument,True,100,997,256.082938,1331,0
instrument,True,100,998,256.27968,1333,0
instrument,True,100,999,256.487663,1334,0
instrument,True,100,1000,256.772661,1334,0
instrument,True,100,1001,257.102681,1336,0
instrument,True,100,1002,257.25273,1337,0
instrument,True,100,1003,257.809171,1340,0
instrument,True,100,1004,257.929342,1342,0
instrument,True,100,1005,258.077098,1342,0
instrument,True,100,1006,258.424173,1343,0
instrument,True,100,1007,258.676787,1345,0
instrument,True,100,1008,258.84171,1346,0
instrument,True,100,1009,259.201593,1348,0
instrument,True,100,1010,259.531045,1349,0
instrument,True,100,1011,259.759497,1349,0
instrument,True,100,1012,259.92553,1350,0
instrument,True,100,1013,260.116014,1351,0
instrument,True,100,1014,260.268998,1352,0
instrument,True,100,1015,260.371121,1354,0
instrument,True,100,1016,260.520451,1356,0
instrument,True,100,1017,260.687717,1358,0
instrument,True,100,1018,261.048025,1359,0
instrument,True,100,1019,261.330109,1360,0
instrument,True,100,1020,261.47998,1361,0
instrument,True,100,1021,261.887136,1362,0
instrument,True,100,1022,262.00731,1364,0
instrument,True,100,1023,262.124993,1365,0
instrument,True,100,1024,262.230133,1366,0
instrument,True,100,1025,262.499778,1367,0
instrument,True,100,1026,262.984035,1369,0
instrument,True,100,1027,263.159324,1369,0
instrument,True,100,1028,263.234181,1369,0
instrument,True,100,1029,263.493381,1372,0
instrument,True,100,1030,263.669048,1373,0
instrument,True,100,1031,263.85004,1374,0
instrument,True,100,1032,264.044241,1375,0
instrument,True,100,1033,264.254114,1376,0
instrument,True,100,1034,264.434534,1377,0
instrument,True,100,1035,264.524525,1377,0
instrument,True,100,1036,264.674977,1379,0
instrument,True,100,1037,264.914324,1380,0
instrument,True,100,1038,265.124105,1381,0
instrument,True,100,1039,265.228821,1382,0
instrument,True,100,1040,265.408698,1382,0
instrument,True,100,1041,265.61857,1382,0
instrument,True,100,1042,265.858459,1383,0
instrument,True,100,1043,266.057272,1386,0
instrument,True,100,1044,266.173422,1387,0
instrument,True,100,1045,266.338265,1388,0
instrument,True,100,1046,266.518244,1389,0
instrument,True,100,1047,266.715702,1389,0
instrument,True,100,1048,266.877963,1390,0
instrument,True,100,1049,266.982553,1391,0
instrument,True,100,1050,267.449783,1394,0
instrument,True,100,1051,267.552294,1395,0
instrument,True,100,1052,267.942072,1396,0
instrument,True,100,1053,268.241819,1397,0
instrument,True,100,1054,268.46669,1397,0
instrument,True,100,1055,268.751735,1400,0
instrument,True,100,1056,268.946434,1402,0
instrument,True,100,1057,269.201313,1402,0
instrument,True,100,1058,269.41182,1404,0
instrument,True,100,1059,269.590743,1405,0
instrument,True,100,1060,269.771093,1407,0
instrument,True,100,1061,269.905557,1407,0
instrument,True,100,1062,270.1756,1407,0
instrument,True,100,1063,270.505229,1408,0
instrument,True,100,1064,270.670162,1411,0
instrument,True,100,1065,270.76012,1412,0
instrument,True,100,1066,270.865246,1412,0
instrument,True,100,1067,271.119915,1413,0
instrument,True,100,1068,271.329747,1414,0
instrument,True,100,1069,271.584687,1416,0
instrument,True,100,1070,271.794513,1416,0
instrument,True,100,1071,272.0047,1418,0
instrument,True,100,1072,272.365676,1420,0
instrument,True,100,1073,272.649572,1422,0
instrument,True,100,1074,272.739097,1422,0
instrument,True,100,1075,273.221438,1424,0
instrument,True,100,1076,273.50614,1424,0
instrument,True,100,1077,273.683493,1426,0
instrument,True,100,1078,274.090453,1429,0
instrument,True,100,1079,274.223236,1430,0
instrument,True,100,1080,274.462734,1432,0
instrument,True,100,1081,274.807597,1433,0
instrument,True,100,1082,275.062472,1435,0
instrument,True,100,1083,275.542208,1436,0
instrument,True,100,1084,275.842003,1438,0
instrument,True,100,1085,276.426782,1438,0
instrument,True,100,1086,276.636588,1440,0
instrument,True,100,1087,276.831516,1442,0
instrument,True,100,1088,276.936419,1442,0
instrument,True,100,1089,277.223274,1445,0
instrument,True,100,1090,277.431364,1446,0
instrument,True,100,1091,277.59655,1446,0
instrument,True,100,1092,277.746546,1447,0
instrument,True,100,1093,277.955937,1449,0
instrument,True,100,1094,278.030886,1449,0
instrument,True,100,1095,278.285754,1451,0
instrument,True,100,1096,278.39288,1453,0
instrument,True,100,1097,278.615557,1454,0
instrument,True,100,1098,278.810517,1455,0
instrument,True,100,1099,278.885488,1455,0
instrument,True,100,1100,279.005457,1456,0
instrument,True,100,1101,279.200312,1457,6
instrument,True,100,1102,280.505205,1458,0
instrument,True,100,1103,280.659966,1459,0
instrument,True,100,1104,280.970452,1460,0
instrument,True,100,1105,281.059944,1461,0
instrument,True,100,1106,281.194781,1461,0
instrument,True,100,1107,281.359874,1462,0
instrument,True,100,1108,281.509693,1462,0
instrument,True,100,1109,281.704528,1465,0
instrument,True,100,1110,281.794598,1466,0
instrument,True,100,1111,282.004926,1468,0
instrument,True,100,1112,282.172095,1470,0
instrument,True,100,1113,282.351159,1470,0
instrument,True,100,1114,282.499233,1471,0
instrument,True,100,1115,283.024711,1475,0
instrument,True,100,1116,283.159923,1476,0
instrument,True,100,1117,283.278921,1477,0
instrument,True,100,1118,283.458537,1478,0
instrument,True,100,1119,283.698412,1482,0
instrument,True,100,1120,283.98324,1483,0
instrument,True,100,1121,284.253103,1485,0
instrument,True,100,1122,284.523567,1486,0
instrument,True,100,1123,284.632723,1486,0
instrument,True,100,1124,284.85344,1488,0
instrument,True,100,1125,285.363081,1490,0
instrument,True,100,1126,285.650353,1491,0
instrument,True,100,1127,285.78298,1492,0
instrument,True,100,1128,285.992854,1494,0
instrument,True,100,1129,286.307702,1494,0
instrument,True,100,1130,286.535231,1494,0
instrument,True,100,1131,286.667484,1495,0
instrument,True,100,1132,286.847345,1495,0
instrument,True,100,1133,287.222248,1497,0
instrument,True,100,1134,287.447122,1499,0
instrument,True,100,1135,287.657016,1500,0
instrument,True,100,1136,287.958969,1500,0
instrument,True,100,1137,288.331674,1501,0
instrument,True,100,1138,288.571574,1502,0
instrument,True,100,1139,288.631493,1503,0
instrument,True,100,1140,288.799013,1505,0
instrument,True,100,1141,288.976359,1508,0
instrument,True,100,1142,289.156319,1509,0
instrument,True,100,1143,289.246251,1510,0
instrument,True,100,1144,289.443168,1512,0
instrument,True,100,1145,289.741182,1514,0
instrument,True,100,1146,289.936015,1515,0
instrument,True,100,1147,290.176299,1516,0
instrument,True,100,1148,290.580645,1517,0
instrument,True,100,1149,290.880882,1520,0
instrument,True,100,1150,291.060465,1521,0
instrument,True,100,1151,291.210428,1523,0
instrument,True,100,1152,291.33037,1523,0
instrument,True,100,1153,291.615154,1525,0
instrument,True,100,1154,291.959968,1526,0
instrument,True,100,1155,292.32004,1527,0
instrument,True,100,1156,292.442049,1527,0
instrument,True,100,1157,292.619746,1528,0
instrument,True,100,1158,292.739724,1528,0
instrument,True,100,1159,293.129434,1529,0
instrument,True,100,1160,293.387106,1531,0
instrument,True,100,1161,293.774167,1533,0
instrument,True,100,1162,294.043991,1534,0
instrument,True,100,1163,294.254231,1537,0
instrument,True,100,1164,294.615922,1540,0
instrument,True,100,1165,294.74827,1541,0
instrument,True,100,1166,294.928437,1542,0
instrument,True,100,1167,295.273037,1544,0
instrument,True,100,1168,295.857711,1545,0
instrument,True,100,1169,296.157607,1548,0
instrument,True,100,1170,296.37178,1550,0
instrument,True,100,1171,296.62304,1551,0
instrument,True,100,1172,297.226367,1552,0
instrument,True,100,1173,297.491863,1553,0
instrument,True,100,1174,297.896746,1555,0
instrument,True,100,1175,298.286487,1557,6
instrument,True,100,1176,299.650969,1561,0
instrument,True,100,1177,299.755886,1563,0
instrument,True,100,1178,299.935777,1566,0
instrument,True,100,1179,300.160659,1567,0
instrument,True,100,1180,300.670436,1568,0
instrument,True,100,1181,300.895287,1569,0
instrument,True,100,1182,301.150461,1571,0
instrument,True,100,1183,301.255051,1574,0
instrument,True,100,1184,301.554875,1577,0
instrument,True,100,1185,301.88468,1580,0
instrument,True,100,1186,301.992187,1581,0
instrument,True,100,1187,302.379609,1582,0
instrument,True,100,1188,302.574453,1583,0
instrument,True,100,1189,302.664245,1583,0
instrument,True,100,1190,302.846612,1585,0
instrument,True,100,1191,303.009569,1586,0
instrument,True,100,1192,303.278923,1587,0
instrument,True,100,1193,303.474288,1589,0
instrument,True,100,1194,303.833627,1589,0
instrument,True,100,1195,304.028424,1590,0
instrument,True,100,1196,304.16542,1591,0
instrument,True,100,1197,304.391223,1593,0
instrument,True,100,1198,304.567938,1593,0
instrument,True,100,1199,304.64278,1595,0
instrument,True,100,1200,304.987617,1596,0
instrument,True,100,1201,305.242419,1598,0
instrument,True,100,1202,305.34927,1599,0
instrument,True,100,1203,305.827107,1600,0
instrument,True,100,1204,306.171984,1601,0
instrument,True,100,1205,306.516479,1604,0
instrument,True,100,1206,306.816673,1606,0
instrument,True,100,1207,307.011853,1608,0
instrument,True,100,1208,307.266473,1609,0
instrument,True,100,1209,307.386072,1609,0
instrument,True,100,1210,307.68911,1610,0
instrument,True,100,1211,307.895808,1610,0
instrument,True,100,1212,308.120703,1612,0
instrument,True,100,1213,308.285729,1614,0
instrument,True,100,1214,308.390952,1616,0
instrument,True,100,1215,308.587608,1616,0
instrument,True,100,1216,308.795874,1618,0
instrument,True,100,1217,309.125234,1618,0
instrument,True,100,1218,309.500668,1620,0
instrument,True,100,1219,309.785502,1623,0
instrument,True,100,1220,310.100393,1625,0
instrument,True,100,1221,310.415239,1626,0
instrument,True,100,1222,310.655082,1627,0
instrument,True,100,1223,310.849947,1629,0
instrument,True,100,1224,311.089848,1630,0
instrument,True,100,1225,311.28474,1631,0
instrument,True,100,1226,311.451933,1632,0
instrument,True,100,1227,311.554743,1633,0
instrument,True,100,1228,312.019412,1634,0
instrument,True,100,1229,312.184693,1634,0
instrument,True,100,1230,312.40948,1636,0
instrument,True,100,1231,312.634134,1639,0
instrument,True,100,1232,312.858957,1639,0
instrument,True,100,1233,313.083857,1641,0
instrument,True,100,1234,313.248713,1642,0
instrument,True,100,1235,313.775706,1644,0
instrument,True,100,1236,314.238233,1647,0
instrument,True,100,1237,314.328201,1647,0
instrument,True,100,1238,314.508753,1647,0
instrument,True,100,1239,314.853581,1649,0
instrument,True,100,1240,314.98854,1650,0
instrument,True,100,1241,315.170657,1651,0
instrument,True,100,1242,315.31827,1652,0
instrument,True,100,1243,315.528297,1654,0
instrument,True,100,1244,316.038022,1656,0
instrument,True,100,1245,316.20289,1657,0
instrument,True,100,1246,316.608021,1658,0
instrument,True,100,1247,316.802501,1658,0
instrument,True,100,1248,316.91017,1660,0
instrument,True,100,1249,317.02989,1661,0
instrument,True,100,1250,317.387288,1663,0
instrument,True,100,1251,317.627151,1663,0
instrument,True,100,1252,317.867019,1665,0
instrument,True,100,1253,318.197275,1669,6
instrument,True,100,1254,319.470928,1670,0
instrument,True,100,1255,319.563129,1670,0
instrument,True,100,1256,319.81568,1671,0
instrument,True,100,1257,320.310516,1674,0
instrument,True,100,1258,320.595233,1676,0
instrument,True,100,1259,320.805135,1677,0
instrument,True,100,1260,320.943677,1678,0
instrument,True,100,1261,321.255338,1682,0
instrument,True,100,1262,321.65965,1684,0
instrument,True,100,1263,321.900266,1687,0
instrument,True,100,1264,322.199952,1690,0
instrument,True,100,1265,322.514248,1691,0
instrument,True,100,1266,323.068965,1693,0
instrument,True,100,1267,323.294039,1694,0
instrument,True,100,1268,323.594855,1698,0
instrument,True,100,1269,323.698681,1699,0
instrument,True,100,1270,323.863542,1699,0
instrument,True,100,1271,324.240945,1701,0
instrument,True,100,1272,324.405704,1703,0
instrument,True,100,1273,324.825703,1704,0
instrument,True,100,1274,324.957631,1705,0
instrument,True,100,1275,325.079932,1706,0
instrument,True,100,1276,325.228073,1707,0
instrument,True,100,1277,325.452462,1708,0
instrument,True,100,1278,325.782289,1709,0
instrument,True,100,1279,325.917183,1710,0
instrument,True,100,1280,326.202074,1710,0
instrument,True,100,1281,326.621887,1712,0
instrument,True,100,1282,326.804159,1715,0
instrument,True,100,1283,327.238674,1717,0
instrument,True,100,1284,327.401407,1718,0
instrument,True,100,1285,327.791263,1719,0
instrument,True,100,1286,328.166076,1720,0
instrument,True,100,1287,328.331653,1720,0
instrument,True,100,1288,328.510794,1722,0
instrument,True,100,1289,328.630753,1722,0
instrument,True,100,1290,328.945586,1724,0
instrument,True,100,1291,329.038079,1724,0
instrument,True,100,1292,329.110456,1725,0
instrument,True,100,1293,329.21556,1727,0
instrument,True,100,1294,329.305446,1727,0
instrument,True,100,1295,329.69531,1730,0
instrument,True,100,1296,329.935085,1732,0
instrument,True,100,1297,330.160337,1734,0
instrument,True,100,1298,330.624391,1734,0
instrument,True,100,1299,330.95443,1735,0
instrument,True,100,1300,331.10412,1735,0
instrument,True,100,1301,331.44905,1738,0
instrument,True,100,1302,331.601131,1740,0
instrument,True,100,1303,331.778692,1742,0
instrument,True,100,1304,331.913769,1742,0
instrument,True,100,1305,332.157056,1743,0
instrument,True,100,1306,332.228562,1744,0
instrument,True,100,1307,332.321174,1744,0
instrument,True,100,1308,332.528451,1745,0
instrument,True,100,1309,332.588378,1747,0
instrument,True,100,1310,332.948742,1749,0
instrument,True,100,1311,333.338083,1750,0
instrument,True,100,1312,333.487935,1752,0
instrument,True,100,1313,333.772766,1754,0
instrument,True,100,1314,333.907637,1754,0
instrument,True,100,1315,334.222563,1756,0
instrument,True,100,1316,334.432085,1757,0
instrument,True,100,1317,334.64214,1758,0
instrument,True,100,1318,334.942341,1760,0
instrument,True,100,1319,335.121775,1760,0
instrument,True,100,1320,335.316699,1761,0
instrument,True,100,1321,335.706434,1763,0
instrument,True,100,1322,336.021361,1764,0
instrument,True,100,1323,336.263808,1766,0
instrument,True,100,1324,336.445757,1768,0
instrument,True,100,1325,336.681237,1769,0
instrument,True,100,1326,336.90788,1770,0
instrument,True,100,1327,337.175708,1771,0
instrument,True,100,1328,337.265679,1772,0
instrument,True,100,1329,337.430604,1772,0
instrument,True,100,1330,337.640592,1774,0
instrument,True,100,1331,337.91064,1775,0
instrument,True,100,1332,338.120159,1777,0
instrument,True,100,1333,338.434958,1778,5
instrument,True,100,1334,339.769827,1778,0
instrument,True,100,1335,339.904781,1780,0
instrument,True,100,1336,340.024655,1780,0
instrument,True,100,1337,340.354789,1781,0
instrument,True,100,1338,340.54949,1782,0
instrument,True,100,1339,340.804319,1784,0
instrument,True,100,1340,340.939226,1785,0
instrument,True,100,1341,341.149127,1786,0
instrument,True,100,1342,341.361296,1789,0
instrument,True,100,1343,341.674422,1791,0
instrument,True,100,1344,341.793842,1791,0
instrument,True,100,1345,341.961177,1792,0
instrument,True,100,1346,342.183646,1794,0
instrument,True,100,1347,342.333611,1795,0
instrument,True,100,1348,342.666903,1796,0
instrument,True,100,1349,342.813364,1797,0
instrument,True,100,1350,343.083178,1797,0
instrument,True,100,1351,343.15816,1797,0
instrument,True,100,1352,343.565122,1798,0
instrument,True,100,1353,343.730019,1800,0
instrument,True,100,1354,344.045444,1803,0
instrument,True,100,1355,344.166741,1803,0
instrument,True,100,1356,344.357521,1805,0
instrument,True,100,1357,344.494352,1807,0
instrument,True,100,1358,344.792701,1808,0
instrument,True,100,1359,344.971849,1810,0
instrument,True,100,1360,345.241711,1811,0
instrument,True,100,1361,345.828592,1814,0
instrument,True,100,1362,346.006253,1818,0
instrument,True,100,1363,346.530956,1821,0
instrument,True,100,1364,346.740855,1823,0
instrument,True,100,1365,346.846257,1824,0
instrument,True,100,1366,347.265626,1826,0
instrument,True,100,1367,347.506296,1828,0
instrument,True,100,1368,347.655386,1829,0
instrument,True,100,1369,347.760353,1829,0
instrument,True,100,1370,347.913473,1830,0
instrument,True,100,1371,348.045206,1831,0
instrument,True,100,1372,348.240168,1832,0
instrument,True,100,1373,348.539998,1832,0
instrument,True,100,1374,348.630002,1834,0
instrument,True,100,1375,348.766484,1834,0
instrument,True,100,1376,349.023189,1835,0
instrument,True,100,1377,349.469733,1838,0
instrument,True,100,1378,349.798999,1839,0
instrument,True,100,1379,350.083852,1841,0
instrument,True,100,1380,350.308724,1843,0
instrument,True,100,1381,350.668464,1843,0
instrument,True,100,1382,350.938706,1845,0
instrument,True,100,1383,351.478071,1847,0
instrument,True,100,1384,351.792943,1848,0
instrument,True,100,1385,351.972813,1850,0
instrument,True,100,1386,352.318191,1851,0
instrument,True,100,1387,352.573011,1854,0
instrument,True,100,1388,352.737902,1855,0
instrument,True,100,1389,352.932814,1857,0
instrument,True,100,1390,353.262643,1859,0
instrument,True,100,1391,353.489418,1860,0
instrument,True,100,1392,353.877445,1862,0
instrument,True,100,1393,354.207332,1862,0
instrument,True,100,1394,354.328909,1864,0
instrument,True,100,1395,354.44664,1865,0
instrument,True,100,1396,354.581777,1866,0
instrument,True,100,1397,354.881902,1867,0
instrument,True,100,1398,355.033991,1869,0
instrument,True,100,1399,355.271142,1870,0
instrument,True,100,1400,355.421057,1870,0
instrument,True,100,1401,355.75089,1871,0
instrument,True,100,1402,355.889424,1873,0
instrument,True,100,1403,356.200628,1874,0
instrument,True,100,1404,356.425624,1876,0
instrument,True,100,1405,356.590499,1877,0
instrument,True,100,1406,356.906071,1879,0
instrument,True,100,1407,357.175656,1881,0
instrument,True,100,1408,357.325187,1881,0
instrument,True,100,1409,357.86759,1884,0
instrument,True,100,1410,358.075078,1885,0
instrument,True,100,1411,358.314956,1887,0
instrument,True,100,1412,358.885023,1888,0
instrument,True,100,1413,359.004643,1889,0
instrument,True,100,1414,359.214436,1890,0
instrument,True,100,1415,359.574698,1891,6
instrument,True,100,1416,360.654083,1892,0
instrument,True,100,1417,360.911438,1895,0
instrument,True,100,1418,361.133714,1897,0
instrument,True,100,1419,361.270064,1898,0
instrument,True,100,1420,361.448638,1900,0
instrument,True,100,1421,361.658424,1902,0
instrument,True,100,1422,361.748418,1903,0
instrument,True,100,1423,362.067372,1906,0
instrument,True,100,1424,362.230859,1908,0
instrument,True,100,1425,362.498364,1909,0
instrument,True,100,1426,362.573056,1909,0
instrument,True,100,1427,362.79788,1911,0
instrument,True,100,1428,362.977942,1912,0
instrument,True,100,1429,363.310751,1913,0
instrument,True,100,1430,363.532576,1914,0
instrument,True,100,1431,363.712682,1915,0
instrument,True,100,1432,364.267635,1917,0
instrument,True,100,1433,364.37454,1918,0
instrument,True,100,1434,364.5815,1921,0
instrument,True,100,1435,364.761432,1921,0
instrument,True,100,1436,365.046173,1922,0
instrument,True,100,1437,365.481626,1925,0
instrument,True,100,1438,365.843892,1928,0
instrument,True,100,1439,366.096856,1929,0
instrument,True,100,1440,366.261064,1929,0
instrument,True,100,1441,366.515491,1931,0
instrument,True,100,1442,366.786594,1932,0
instrument,True,100,1443,366.950233,1933,0
instrument,True,100,1444,367.325099,1934,0
instrument,True,100,1445,367.508531,1936,0
instrument,True,100,1446,367.715366,1938,0
instrument,True,100,1447,367.835877,1938,0
instrument,True,100,1448,368.228107,1940,0
instrument,True,100,1449,368.390056,1941,0
instrument,True,100,1450,368.495021,1942,0
instrument,True,100,1451,368.630922,1943,0
instrument,True,100,1452,369.094694,1944,0
instrument,True,100,1453,369.668795,1948,0
instrument,True,100,1454,369.948862,1949,0
instrument,True,100,1455,370.39879,1951,0
instrument,True,100,1456,370.638588,1952,0
instrument,True,100,1457,370.942153,1953,0
instrument,True,100,1458,371.358165,1956,0
instrument,True,100,1459,371.448212,1957,0
instrument,True,100,1460,371.673124,1958,0
instrument,True,100,1461,371.810686,1960,0
instrument,True,100,1462,372.07789,1960,0
instrument,True,100,1463,372.257704,1960,0
instrument,True,100,1464,372.587688,1962,0
instrument,True,100,1465,372.812643,1963,0
instrument,True,100,1466,372.91969,1964,0
instrument,True,100,1467,373.189687,1967,0
instrument,True,100,1468,373.549965,1969,0
instrument,True,100,1469,373.831981,1969,0
instrument,True,100,1470,373.996871,1969,0
instrument,True,100,1471,374.206866,1971,0
instrument,True,100,1472,374.313917,1973,0
instrument,True,100,1473,374.461334,1974,0
instrument,True,100,1474,374.686199,1975,0
instrument,True,100,1475,374.881137,1976,0
instrument,True,100,1476,375.061041,1976,0
instrument,True,100,1477,375.330842,1976,0
instrument,True,100,1478,375.574065,1978,0
instrument,True,100,1479,375.768557,1981,0
instrument,True,100,1480,375.91572,1982,0
instrument,True,100,1481,376.185792,1982,0
instrument,True,100,1482,376.365406,1983,0
instrument,True,100,1483,376.5176,1983,0
instrument,True,100,1484,376.93505,1986,0
instrument,True,100,1485,377.279879,1989,0
instrument,True,100,1486,377.462664,1991,0
instrument,True,100,1487,377.729599,1991,0
instrument,True,100,1488,377.849551,1992,0
instrument,True,100,1489,378.044681,1994,0
instrument,True,100,1490,378.270031,1995,0
instrument,True,100,1491,378.419683,1995,0
instrument,True,100,1492,378.554267,1996,3
instrument,True,100,1493,380.009946,1998,0
instrument,True,100,1494,380.188956,2000,0
instrument,True,100,1495,380.354021,2000,0
instrument,True,100,1496,380.458904,2000,0
instrument,True,100,1497,380.743771,2000,0
instrument,True,100,1498,380.908655,2000,0
instrument,True,100,1499,381.253442,2000,0
instrument,True,100,1500,381.613287,2000,0
instrument,True,100,1501,381.868186,2000,0
instrument,True,100,1501,381.733237,2000,0
instrument,True,1000,0,5.351967,0,0
instrument,True,1000,1,5.95186,0,0
instrument,True,1000,2,6.086785,0,0
instrument,True,1000,3,6.491637,0,0
instrument,True,1000,4,6.986187,0,0
instrument,True,1000,5,7.106073,0,0
instrument,True,1000,6,7.720939,0,0
instrument,True,1000,7,8.140887,0,0
instrument,True,1000,8,8.290835,0,0
instrument,True,1000,9,8.500717,0,0
instrument,True,1000,10,8.831033,0,0
instrument,True,1000,11,9.190873,0,0
instrument,True,1000,12,9.851676,0,0
instrument,True,1000,13,10.541321,0,0
instrument,True,1000,14,10.721329,0,0
instrument,True,1000,15,10.886242,0,0
instrument,True,1000,16,11.291188,0,0
instrument,True,1000,17,11.636019,0,0
instrument,True,1000,18,11.845893,0,0
instrument,True,1000,19,12.130841,0,0
instrument,True,1000,20,12.265722,0,0
instrument,True,1000,21,12.400734,0,0
instrument,True,1000,22,12.610546,0,0
instrument,True,1000,23,12.775462,0,0
instrument,True,1000,24,12.895152,0,0
instrument,True,1000,25,13.674875,2,0
instrument,True,1000,26,13.779954,2,0
instrument,True,1000,27,14.079537,4,0
instrument,True,1000,28,14.259462,5,0
instrument,True,1000,29,14.439309,5,0
instrument,True,1000,30,14.769176,5,0
instrument,True,1000,31,14.874695,7,0
instrument,True,1000,32,15.2945,10,0
instrument,True,1000,33,15.594332,11,0
instrument,True,1000,34,15.864174,12,0
instrument,True,1000,35,16.149588,14,0
instrument,True,1000,36,16.299006,16,0
instrument,True,1000,37,16.388961,16,0
instrument,True,1000,38,16.538873,17,0
instrument,True,1000,39,16.853774,18,0
instrument,True,1000,40,16.976268,20,0
instrument,True,1000,41,17.04862,20,0
instrument,True,1000,42,17.259005,21,0
instrument,True,1000,43,17.468494,22,0
instrument,True,1000,44,17.82842,23,0
instrument,True,1000,45,18.188175,26,0
instrument,True,1000,46,18.323104,27,0
instrument,True,1000,47,18.518,28,0
instrument,True,1000,48,18.667902,28,0
instrument,True,1000,49,18.908369,30,0
instrument,True,1000,50,19.058997,31,0
instrument,True,1000,51,19.193515,31,0
instrument,True,1000,52,19.358006,32,0
instrument,True,1000,53,19.718184,34,0
instrument,True,1000,54,19.793367,35,0
instrument,True,1000,55,20.138684,37,0
instrument,True,1000,56,20.591135,38,0
instrument,True,1000,57,20.831331,41,0
instrument,True,1000,58,21.098151,41,0
instrument,True,1000,59,21.473284,43,0
instrument,True,1000,60,21.653638,44,0
instrument,True,1000,61,21.832858,45,0
instrument,True,1000,62,22.042689,47,0
instrument,True,1000,63,22.253657,48,0
instrument,True,1000,64,22.612352,49,0
instrument,True,1000,65,22.870401,51,0
instrument,True,1000,66,23.092595,52,0
instrument,True,1000,67,23.287496,53,0
instrument,True,1000,68,23.467415,53,0
instrument,True,1000,69,23.752201,54,0
instrument,True,1000,70,23.994515,55,0
instrument,True,1000,71,24.246948,56,0
instrument,True,1000,72,24.756652,61,0
instrument,True,1000,73,25.14616,63,0
instrument,True,1000,74,25.419279,64,0
instrument,True,1000,75,25.580902,65,0
instrument,True,1000,76,25.700855,65,0
instrument,True,1000,77,25.895693,67,0
instrument,True,1000,78,26.017926,68,0
instrument,True,1000,79,26.255588,69,0
instrument,True,1000,80,26.375579,71,0
instrument,True,1000,81,26.825208,71,0
instrument,True,1000,82,27.005826,73,0
instrument,True,1000,83,27.110036,74,0
instrument,True,1000,84,27.305039,75,0
instrument,True,1000,85,27.529799,76,0
instrument,True,1000,86,28.250364,80,0
instrument,True,1000,87,28.474075,82,0
instrument,True,1000,88,28.683909,82,0
instrument,True,1000,89,29.343608,86,0
instrument,True,1000,90,29.583622,87,0
instrument,True,1000,91,29.823923,89,0
instrument,True,1000,92,30.288701,91,0
instrument,True,1000,93,30.573494,92,0
instrument,True,1000,94,30.918308,93,0
instrument,True,1000,95,31.188136,95,5
instrument,True,1000,96,32.312634,97,0
instrument,True,1000,97,32.657473,100,0
instrument,True,1000,98,32.900711,102,0
instrument,True,1000,99,33.227084,105,0
instrument,True,1000,100,33.586853,108,0
instrument,True,1000,101,33.841741,109,0
instrument,True,1000,102,34.09895,112,0
instrument,True,1000,103,34.20161,113,0
instrument,True,1000,104,34.471498,115,0
instrument,True,1000,105,34.775449,116,0
instrument,True,1000,106,35.056868,117,0
instrument,True,1000,107,35.206734,117,0
instrument,True,1000,108,36.061299,120,0
instrument,True,1000,109,36.256148,122,0
instrument,True,1000,110,36.376129,122,0
instrument,True,1000,111,36.735955,127,0
instrument,True,1000,112,37.065763,128,0
instrument,True,1000,113,37.290655,129,0
instrument,True,1000,114,37.501175,130,0
instrument,True,1000,115,37.710495,131,0
instrument,True,1000,116,37.785909,132,0
instrument,True,1000,117,38.119497,134,0
instrument,True,1000,118,38.355075,136,0
instrument,True,1000,119,38.613595,137,0
instrument,True,1000,120,38.744901,138,0
instrument,True,1000,121,39.089681,138,0
instrument,True,1000,122,39.303496,141,0
instrument,True,1000,123,39.584392,141,0
instrument,True,1000,124,39.839695,141,0
instrument,True,1000,125,40.12451,143,0
instrument,True,1000,126,40.514268,144,0
instrument,True,1000,127,40.6348,146,0
instrument,True,1000,128,41.131397,149,0
instrument,True,1000,129,41.34113,152,0
instrument,True,1000,130,41.713507,152,0
instrument,True,1000,131,41.907971,153,0
instrument,True,1000,132,42.331526,156,0
instrument,True,1000,133,42.612568,157,0
instrument,True,1000,134,43.017374,159,0
instrument,True,1000,135,43.182263,161,0
instrument,True,1000,136,43.377179,163,0
instrument,True,1000,137,43.512097,163,0
instrument,True,1000,138,44.007248,166,0
instrument,True,1000,139,44.096788,166,0
instrument,True,1000,140,44.24674,167,0
instrument,True,1000,141,44.546573,169,0
instrument,True,1000,142,44.741599,170,0
instrument,True,1000,143,45.000097,171,0
instrument,True,1000,144,45.36105,173,0
instrument,True,1000,145,45.671777,175,0
instrument,True,1000,146,46.001553,176,0
instrument,True,1000,147,46.33135,178,0
instrument,True,1000,148,46.421542,179,0
instrument,True,1000,149,47.005964,182,0
instrument,True,1000,150,47.350778,183,0
instrument,True,1000,151,47.650725,185,0
instrument,True,1000,152,47.938526,188,0
instrument,True,1000,153,48.460343,190,0
instrument,True,1000,154,48.820111,190,0
instrument,True,1000,155,49.198655,194,0
instrument,True,1000,156,49.37488,195,0
instrument,True,1000,157,49.554751,195,0
instrument,True,1000,158,49.779723,196,0
instrument,True,1000,159,50.319023,198,0
instrument,True,1000,160,50.648905,198,0
instrument,True,1000,161,50.888764,199,0
instrument,True,1000,162,51.173629,202,0
instrument,True,1000,163,51.323509,203,0
instrument,True,1000,164,51.5785,204,0
instrument,True,1000,165,51.923254,207,0
instrument,True,1000,166,52.029207,208,0
instrument,True,1000,167,52.312952,210,0
instrument,True,1000,168,52.942561,213,6
instrument,True,1000,169,54.127004,214,0
instrument,True,1000,170,54.306958,214,0
instrument,True,1000,171,54.532282,216,0
instrument,True,1000,172,54.831317,216,0
instrument,True,1000,173,54.981189,216,0
instrument,True,1000,174,55.371069,220,0
instrument,True,1000,175,55.655913,221,0
instrument,True,1000,176,56.020194,222,0
instrument,True,1000,177,56.226912,223,0
instrument,True,1000,178,56.43637,226,0
instrument,True,1000,179,56.694465,227,0
instrument,True,1000,180,57.050532,230,0
instrument,True,1000,181,57.575,234,0
instrument,True,1000,182,57.850072,236,0
instrument,True,1000,183,58.029006,238,0
instrument,True,1000,184,58.129665,239,0
instrument,True,1000,185,58.414558,241,0
instrument,True,1000,186,58.624528,242,0
instrument,True,1000,187,58.774344,242,0
instrument,True,1000,188,59.374102,246,0
instrument,True,1000,189,59.764041,248,0
instrument,True,1000,190,60.033456,251,0
instrument,True,1000,191,60.243376,253,0
instrument,True,1000,192,60.52822,255,0
instrument,True,1000,193,60.905656,258,0
instrument,True,1000,194,61.247885,260,0
instrument,True,1000,195,61.700337,262,0
instrument,True,1000,196,61.877473,263,0
instrument,True,1000,197,62.147393,264,0
instrument,True,1000,198,62.672317,267,0
instrument,True,1000,199,62.897736,268,0
instrument,True,1000,200,63.318227,271,0
instrument,True,1000,201,63.706538,273,0
instrument,True,1000,202,63.841658,273,0
instrument,True,1000,203,64.11195,274,0
instrument,True,1000,204,64.291468,276,0
instrument,True,1000,205,64.606185,278,0
instrument,True,1000,206,65.026598,280,0
instrument,True,1000,207,65.206619,281,0
instrument,True,1000,208,65.4166,282,0
instrument,True,1000,209,65.659291,284,0
instrument,True,1000,210,65.958955,284,0
instrument,True,1000,211,66.151053,286,0
instrument,True,1000,212,66.285986,286,0
instrument,True,1000,213,66.496133,288,0
instrument,True,1000,214,66.754246,289,0
instrument,True,1000,215,66.945707,290,0
instrument,True,1000,216,67.113527,291,0
instrument,True,1000,217,67.335869,293,0
instrument,True,1000,218,67.515384,294,0
instrument,True,1000,219,67.950161,295,0
instrument,True,1000,220,68.339862,297,4
instrument,True,1000,221,69.543337,299,0
instrument,True,1000,222,69.7963,301,0
instrument,True,1000,223,70.034663,304,0
instrument,True,1000,224,70.214476,306,0
instrument,True,1000,225,70.514795,306,0
instrument,True,1000,226,70.919065,308,0
instrument,True,1000,227,71.129067,309,0
instrument,True,1000,228,71.383848,310,0
instrument,True,1000,229,71.728674,312,0
instrument,True,1000,230,71.968538,314,0
instrument,True,1000,231,72.163958,315,0
instrument,True,1000,232,72.643215,317,0
instrument,True,1000,233,72.737722,317,0
instrument,True,1000,234,72.958082,319,0
instrument,True,1000,235,73.122891,319,0
instrument,True,1000,236,73.362788,319,0
instrument,True,1000,237,73.512824,321,0
instrument,True,1000,238,73.741865,323,0
instrument,True,1000,239,74.097432,326,0
instrument,True,1000,240,74.247453,327,0
instrument,True,1000,241,74.72763,331,0
instrument,True,1000,242,75.042683,332,0
instrument,True,1000,243,75.15081,333,0
instrument,True,1000,244,75.465243,335,0
instrument,True,1000,245,75.717378,337,0
instrument,True,1000,246,76.01715,338,0
instrument,True,1000,247,76.197157,340,0
instrument,True,1000,248,76.466953,341,0
instrument,True,1000,249,76.961771,345,0
instrument,True,1000,250,77.291506,346,0
instrument,True,1000,251,77.726337,348,0
instrument,True,1000,252,78.056038,349,0
instrument,True,1000,253,78.536288,351,0
instrument,True,1000,254,78.625886,352,0
instrument,True,1000,255,78.910695,353,0
instrument,True,1000,256,79.225614,355,0
instrument,True,1000,257,79.705455,357,0
instrument,True,1000,258,79.930871,358,0
instrument,True,1000,259,80.305599,360,1
instrument,True,1000,260,80.519196,360,0
instrument,True,1000,261,80.860303,361,0
instrument,True,1000,262,81.043745,362,0
instrument,True,1000,263,81.519934,367,0
instrument,True,1000,264,82.05961,371,0
instrument,True,1000,265,82.299542,373,0
instrument,True,1000,266,82.374485,374,0
instrument,True,1000,267,82.614464,375,0
instrument,True,1000,268,82.869203,377,0
instrument,True,1000,269,83.138968,378,0
instrument,True,1000,270,83.258961,379,0
instrument,True,1000,271,83.453939,380,0
instrument,True,1000,272,83.828584,381,0
instrument,True,1000,273,84.308176,385,0
instrument,True,1000,274,84.743023,387,0
instrument,True,1000,275,85.032216,388,0
instrument,True,1000,276,85.750553,393,0
instrument,True,1000,277,86.152829,393,0
instrument,True,1000,278,86.677639,396,0
instrument,True,1000,279,86.827485,398,0
instrument,True,1000,280,86.947366,399,0
instrument,True,1000,281,87.502083,400,0
instrument,True,1000,282,87.577027,400,0
instrument,True,1000,283,87.789202,404,0
instrument,True,1000,284,88.05669,405,0
instrument,True,1000,285,88.251619,405,0
instrument,True,1000,286,88.596519,407,0
instrument,True,1000,287,88.881406,408,0
instrument,True,1000,288,89.256144,411,0
instrument,True,1000,289,89.556029,412,0
instrument,True,1000,290,89.753455,414,0
instrument,True,1000,291,90.023732,415,0
instrument,True,1000,292,90.500317,418,0
instrument,True,1000,293,90.968012,420,0
instrument,True,1000,294,91.189843,422,0
instrument,True,1000,295,91.459726,423,0
instrument,True,1000,296,91.612312,424,0
instrument,True,1000,297,92.494144,428,0
instrument,True,1000,298,92.764009,429,0
instrument,True,1000,299,93.09383,431,5
instrument,True,1000,300,94.218977,432,0
instrument,True,1000,301,94.727854,434,0
instrument,True,1000,302,94.923485,436,0
instrument,True,1000,303,95.195809,436,0
instrument,True,1000,304,95.373266,438,0
instrument,True,1000,305,95.852972,442,0
instrument,True,1000,306,96.017866,444,0
instrument,True,1000,307,96.137786,444,0
instrument,True,1000,308,96.502107,448,0
instrument,True,1000,309,96.667362,450,0
instrument,True,1000,310,97.022384,451,0
instrument,True,1000,311,97.247215,452,0
instrument,True,1000,312,97.95182,455,0
instrument,True,1000,313,98.28175,456,0
instrument,True,1000,314,98.536559,460,0
instrument,True,1000,315,98.885672,462,0
instrument,True,1000,316,99.196237,462,0
instrument,True,1000,317,99.301225,462,0
instrument,True,1000,318,99.541018,462,0
instrument,True,1000,319,99.690968,464,0
instrument,True,1000,320,100.066185,465,0
instrument,True,1000,321,100.21616,466,0
instrument,True,1000,322,100.545895,468,0
instrument,True,1000,323,100.654129,469,0
instrument,True,1000,324,101.175816,471,0
instrument,True,1000,325,101.475993,472,0
instrument,True,1000,326,101.674767,474,0
instrument,True,1000,327,101.869116,476,0
instrument,True,1000,328,101.970042,477,0
instrument,True,1000,329,102.180492,478,0
instrument,True,1000,330,102.344903,479,0
instrument,True,1000,331,102.569804,481,0
instrument,True,1000,332,102.80977,484,0
instrument,True,1000,333,103.24724,486,0
instrument,True,1000,334,103.442486,489,0
instrument,True,1000,335,103.544593,489,0
instrument,True,1000,336,103.754238,489,0
instrument,True,1000,337,103.904121,491,0
instrument,True,1000,338,104.159327,492,0
instrument,True,1000,339,104.51882,493,0
instrument,True,1000,340,104.866509,496,0
instrument,True,1000,341,105.178252,498,0
instrument,True,1000,342,105.433047,498,3
instrument,True,1000,343,106.245155,500,0
instrument,True,1000,344,106.497595,503,0
instrument,True,1000,345,106.857409,507,0
instrument,True,1000,346,107.142146,508,0
instrument,True,1000,347,107.502107,509,0
instrument,True,1000,348,107.879129,511,0
instrument,True,1000,349,108.026863,512,0
instrument,True,1000,350,108.210592,513,0
instrument,True,1000,351,108.446571,516,0
instrument,True,1000,352,108.870511,517,0
instrument,True,1000,353,109.001351,518,0
instrument,True,1000,354,109.141378,519,0
instrument,True,1000,355,109.286902,520,0
instrument,True,1000,356,109.526049,521,0
instrument,True,1000,357,109.736014,522,0
instrument,True,1000,358,110.111598,523,0
instrument,True,1000,359,110.293449,525,0
instrument,True,1000,360,110.441517,526,0
instrument,True,1000,361,110.591474,527,0
instrument,True,1000,362,110.74111,527,0
instrument,True,1000,363,110.996717,528,0
instrument,True,1000,364,111.523298,532,0
instrument,True,1000,365,111.955429,535,0
instrument,True,1000,366,112.180339,535,0
instrument,True,1000,367,112.435151,535,0
instrument,True,1000,368,112.572632,537,0
instrument,True,1000,369,112.70507,539,0
instrument,True,1000,370,113.364675,542,0
instrument,True,1000,371,113.754585,542,0
instrument,True,1000,372,113.904392,544,0
instrument,True,1000,373,114.264207,547,0
instrument,True,1000,374,114.639108,549,0
instrument,True,1000,375,115.119312,552,0
instrument,True,1000,376,115.299305,553,0
instrument,True,1000,377,115.524155,553,0
instrument,True,1000,378,115.914027,556,0
instrument,True,1000,379,116.258797,557,0
instrument,True,1000,380,116.4985,558,0
instrument,True,1000,381,116.858288,559,0
instrument,True,1000,382,117.323056,562,0
instrument,True,1000,383,117.547905,563,0
instrument,True,1000,384,117.730444,565,0
instrument,True,1000,385,117.940571,567,0
instrument,True,1000,386,118.08804,568,0
instrument,True,1000,387,118.222514,568,0
instrument,True,1000,388,118.447393,569,0
instrument,True,1000,389,119.091997,570,0
instrument,True,1000,390,119.302685,572,0
instrument,True,1000,391,120.056384,578,0
instrument,True,1000,392,120.216941,579,0
instrument,True,1000,393,120.42695,579,0
instrument,True,1000,394,120.547611,581,0
instrument,True,1000,395,120.666762,581,0
instrument,True,1000,396,120.906652,582,0
instrument,True,1000,397,121.311971,584,0
instrument,True,1000,398,121.464052,586,0
instrument,True,1000,399,122.046022,587,0
instrument,True,1000,400,122.240984,591,0
instrument,True,1000,401,122.570941,592,0
instrument,True,1000,402,122.781054,594,0
instrument,True,1000,403,122.960741,594,0
instrument,True,1000,404,123.188628,596,0
instrument,True,1000,405,123.710794,598,0
instrument,True,1000,406,123.890521,598,0
instrument,True,1000,407,124.11979,601,0
instrument,True,1000,408,124.445276,603,0
instrument,True,1000,409,124.910322,605,0
instrument,True,1000,410,125.149455,606,0
instrument,True,1000,411,125.543632,609,0
instrument,True,1000,412,125.764186,609,0
instrument,True,1000,413,125.945781,609,0
instrument,True,1000,414,126.318835,611,0
instrument,True,1000,415,126.574282,612,0
instrument,True,1000,416,126.828689,614,0
instrument,True,1000,417,127.131074,615,0
instrument,True,1000,418,127.233454,617,0
instrument,True,1000,419,127.521148,619,0
instrument,True,1000,420,127.848077,621,0
instrument,True,1000,421,128.072996,621,0
instrument,True,1000,422,128.299323,621,0
instrument,True,1000,423,128.493241,624,0
instrument,True,1000,424,128.732609,625,0
instrument,True,1000,425,128.930787,625,0
instrument,True,1000,426,129.320876,627,0
instrument,True,1000,427,129.632255,630,0
instrument,True,1000,428,129.770273,631,0
instrument,True,1000,429,130.03745,632,0
instrument,True,1000,430,130.161096,632,0
instrument,True,1000,431,130.250414,634,0
instrument,True,1000,432,130.506873,635,0
instrument,True,1000,433,130.592385,636,0
instrument,True,1000,434,130.849291,636,0
instrument,True,1000,435,130.967096,637,0
instrument,True,1000,436,131.072878,638,0
instrument,True,1000,437,131.316893,639,0
instrument,True,1000,438,131.747217,640,0
instrument,True,1000,439,132.121482,641,0
instrument,True,1000,440,132.346302,642,0
instrument,True,1000,441,132.484612,643,0
instrument,True,1000,442,132.796064,644,0
instrument,True,1000,443,132.945989,645,0
instrument,True,1000,444,133.12801,647,0
instrument,True,1000,445,133.336046,648,0
instrument,True,1000,446,133.725672,650,0
instrument,True,1000,447,133.905586,651,0
instrument,True,1000,448,134.130465,652,0
instrument,True,1000,449,134.490556,655,0
instrument,True,1000,450,134.625265,655,0
instrument,True,1000,451,134.881345,656,0
instrument,True,1000,452,135.512893,658,0
instrument,True,1000,453,135.870271,658,0
instrument,True,1000,454,136.110191,662,0
instrument,True,1000,455,136.35001,664,0
instrument,True,1000,456,136.574955,665,0
instrument,True,1000,457,136.919645,667,0
instrument,True,1000,458,137.31173,669,6
instrument,True,1000,459,138.794153,672,0
instrument,True,1000,460,139.020819,676,0
instrument,True,1000,461,139.183492,677,0
instrument,True,1000,462,139.604688,679,0
instrument,True,1000,463,139.993626,682,0
instrument,True,1000,464,140.368399,683,0
instrument,True,1000,465,140.702179,685,0
instrument,True,1000,466,140.912269,688,0
instrument,True,1000,467,141.087996,690,0
instrument,True,1000,468,141.376391,692,0
instrument,True,1000,469,141.703409,695,0
instrument,True,1000,470,141.942574,695,0
instrument,True,1000,471,142.03269,696,0
instrument,True,1000,472,142.182441,696,0
instrument,True,1000,473,142.482217,698,0
instrument,True,1000,474,142.619802,700,0
instrument,True,1000,475,142.814556,701,0
instrument,True,1000,476,143.02206,703,0
instrument,True,1000,477,143.127013,704,0
instrument,True,1000,478,143.486872,706,0
instrument,True,1000,479,143.816747,706,0
instrument,True,1000,480,144.311308,709,0
instrument,True,1000,481,144.521193,711,0
instrument,True,1000,482,144.85539,713,0
instrument,True,1000,483,145.345441,715,0
instrument,True,1000,484,145.58531,716,0
instrument,True,1000,485,145.810667,717,0
instrument,True,1000,486,146.020506,717,0
instrument,True,1000,487,146.304977,719,0
instrument,True,1000,488,146.502805,721,0
instrument,True,1000,489,146.769692,722,0
instrument,True,1000,490,146.934682,723,0
instrument,True,1000,491,147.103788,724,0
instrument,True,1000,492,147.30961,726,0
instrument,True,1000,493,147.508985,727,0
instrument,True,1000,494,147.654286,728,0
instrument,True,1000,495,147.897194,730,0
instrument,True,1000,496,148.329204,732,0
instrument,True,1000,497,148.498051,733,0
instrument,True,1000,498,148.749009,734,0
instrument,True,1000,499,149.053053,736,0
instrument,True,1000,500,149.274221,737,0
instrument,True,1000,501,149.798595,739,0
instrument,True,1000,502,150.02296,740,4
instrument,True,1000,503,150.730252,741,0
instrument,True,1000,504,150.982656,742,0
instrument,True,1000,505,151.178057,744,0
instrument,True,1000,506,151.282983,745,0
instrument,True,1000,507,151.582233,747,0
instrument,True,1000,508,151.657225,748,0
instrument,True,1000,509,151.780925,750,0
instrument,True,1000,510,152.002007,752,0
instrument,True,1000,511,152.276494,754,0
instrument,True,1000,512,152.391712,754,0
instrument,True,1000,513,152.691697,755,0
instrument,True,1000,514,152.931642,755,0
instrument,True,1000,515,153.144677,758,0
instrument,True,1000,516,153.216371,759,0
instrument,True,1000,517,153.411349,759,0
instrument,True,1000,518,153.7149,760,0
instrument,True,1000,519,153.878797,761,0
instrument,True,1000,520,154.146115,763,0
instrument,True,1000,521,154.328625,764,0
instrument,True,1000,522,154.475649,765,0
instrument,True,1000,523,154.581167,766,0
instrument,True,1000,524,154.940074,766,0
instrument,True,1000,525,155.49577,768,0
instrument,True,1000,526,155.764688,770,0
instrument,True,1000,527,156.022217,772,0
instrument,True,1000,528,156.184451,774,0
instrument,True,1000,529,156.604336,776,0
instrument,True,1000,530,156.724408,777,0
instrument,True,1000,531,156.949184,778,0
instrument,True,1000,532,157.263959,778,0
instrument,True,1000,533,157.58113,780,0
instrument,True,1000,534,157.759076,781,0
instrument,True,1000,535,157.86432,782,0
instrument,True,1000,536,158.178537,783,0
instrument,True,1000,537,158.4934,783,0
instrument,True,1000,538,158.583339,784,0
instrument,True,1000,539,159.050821,788,0
instrument,True,1000,540,159.482947,790,0
instrument,True,1000,541,159.60277,791,0
instrument,True,1000,542,159.69661,792,0
instrument,True,1000,543,159.948713,793,0
instrument,True,1000,544,160.23362,796,0
instrument,True,1000,545,160.458525,798,0
instrument,True,1000,546,161.028855,801,0
instrument,True,1000,547,161.448609,802,0
instrument,True,1000,548,161.718543,804,0
instrument,True,1000,549,161.942983,805,0
instrument,True,1000,550,162.407749,808,0
instrument,True,1000,551,162.722621,809,0
instrument,True,1000,552,162.902611,811,0
instrument,True,1000,553,163.190113,811,0
instrument,True,1000,554,163.33728,812,0
instrument,True,1000,555,163.518,813,0
instrument,True,1000,556,163.626321,814,0
instrument,True,1000,557,163.922154,816,0
instrument,True,1000,558,164.416704,816,0
instrument,True,1000,559,164.686937,817,0
instrument,True,1000,560,164.896213,817,0
instrument,True,1000,561,165.15111,818,0
instrument,True,1000,562,165.390984,819,0
instrument,True,1000,563,165.555795,819,0
instrument,True,1000,564,165.676521,820,0
instrument,True,1000,565,165.82601,822,0
instrument,True,1000,566,166.275433,823,0
instrument,True,1000,567,166.635153,826,0
instrument,True,1000,568,166.937343,829,0
instrument,True,1000,569,167.264802,831,0
instrument,True,1000,570,167.36978,832,0
instrument,True,1000,571,167.894587,834,0
instrument,True,1000,572,168.134418,837,0
instrument,True,1000,573,168.272526,840,0
instrument,True,1000,574,168.539496,841,0
instrument,True,1000,575,168.704633,842,0
instrument,True,1000,576,169.067336,844,0
instrument,True,1000,577,169.499283,846,0
instrument,True,1000,578,169.848335,849,0
instrument,True,1000,579,170.293976,850,0
instrument,True,1000,580,170.461644,852,0
instrument,True,1000,581,170.59383,852,0
instrument,True,1000,582,170.687473,853,0
instrument,True,1000,583,170.909607,854,0
instrument,True,1000,584,171.23846,856,0
instrument,True,1000,585,171.448329,857,0
instrument,True,1000,586,171.598328,858,0
instrument,True,1000,587,171.718485,859,0
instrument,True,1000,588,172.40789,862,0
instrument,True,1000,589,172.542813,863,0
instrument,True,1000,590,172.632796,864,0
instrument,True,1000,591,172.992568,866,0
instrument,True,1000,592,173.382357,867,0
instrument,True,1000,593,173.684471,869,0
instrument,True,1000,594,174.027051,870,0
instrument,True,1000,595,174.371966,871,0
instrument,True,1000,596,174.611793,874,0
instrument,True,1000,597,174.70203,875,0
instrument,True,1000,598,175.166067,877,0
instrument,True,1000,599,175.39095,877,0
instrument,True,1000,600,175.783651,881,0
instrument,True,1000,601,176.035623,881,0
instrument,True,1000,602,176.380671,884,0
instrument,True,1000,603,176.592697,885,0
instrument,True,1000,604,176.800209,885,0
instrument,True,1000,605,177.040162,885,0
instrument,True,1000,606,177.16012,886,0
instrument,True,1000,607,177.23517,886,0
instrument,True,1000,608,177.430193,887,0
instrument,True,1000,609,177.624819,888,0
instrument,True,1000,610,178.43443,893,0
instrument,True,1000,611,178.782379,897,0
instrument,True,1000,612,179.169126,899,0
instrument,True,1000,613,179.708821,902,0
instrument,True,1000,614,180.011831,903,0
instrument,True,1000,615,180.233187,904,0
instrument,True,1000,616,180.383712,905,0
instrument,True,1000,617,180.877813,907,0
instrument,True,1000,618,181.027708,908,0
instrument,True,1000,619,181.477525,911,0
instrument,True,1000,620,181.702354,912,7
instrument,True,1000,621,183.111602,912,0
instrument,True,1000,622,183.263894,913,0
instrument,True,1000,623,183.816257,915,0
instrument,True,1000,624,184.221044,918,0
instrument,True,1000,625,184.656869,921,0
instrument,True,1000,626,184.896376,923,0
instrument,True,1000,627,185.106288,924,0
instrument,True,1000,628,185.226445,926,0
instrument,True,1000,629,185.575124,928,0
instrument,True,1000,630,185.795972,928,0
instrument,True,1000,631,185.993539,930,0
instrument,True,1000,632,186.155431,931,0
instrument,True,1000,633,186.425796,932,0
instrument,True,1000,634,186.729306,933,0
instrument,True,1000,635,186.936166,934,0
instrument,True,1000,636,187.056052,935,0
instrument,True,1000,637,187.325886,937,0
instrument,True,1000,638,187.59592,938,0
instrument,True,1000,639,187.985533,938,0
instrument,True,1000,640,188.390371,940,0
instrument,True,1000,641,188.615422,942,0
instrument,True,1000,642,188.798091,943,0
instrument,True,1000,643,189.124572,945,0
instrument,True,1000,644,189.394592,947,0
instrument,True,1000,645,189.649356,949,0
instrument,True,1000,646,189.874173,950,0
instrument,True,1000,647,190.025002,952,0
instrument,True,1000,648,190.189267,952,0
instrument,True,1000,649,190.746516,954,0
instrument,True,1000,650,190.867405,956,0
instrument,True,1000,651,191.059301,957,0
instrument,True,1000,652,191.253685,959,0
instrument,True,1000,653,191.463638,961,0
instrument,True,1000,654,191.643449,962,0
instrument,True,1000,655,192.018729,964,0
instrument,True,1000,656,192.198176,964,0
instrument,True,1000,657,192.42333,965,0
instrument,True,1000,658,192.663298,966,0
instrument,True,1000,659,192.842754,966,0
instrument,True,1000,660,193.037999,968,0
instrument,True,1000,661,193.142611,968,0
instrument,True,1000,662,193.577586,970,0
instrument,True,1000,663,193.71229,970,0
instrument,True,1000,664,193.846941,971,0
instrument,True,1000,665,194.026837,971,0
instrument,True,1000,666,194.191983,972,0
instrument,True,1000,667,194.641419,974,0
instrument,True,1000,668,194.955551,976,0
instrument,True,1000,669,195.225535,978,0
instrument,True,1000,670,195.64564,979,0
instrument,True,1000,671,195.810022,979,0
instrument,True,1000,672,196.005546,981,0
instrument,True,1000,673,196.230374,982,0
instrument,True,1000,674,196.38033,983,0
instrument,True,1000,675,196.564208,984,0
instrument,True,1000,676,196.637952,986,0
instrument,True,1000,677,196.890464,987,0
instrument,True,1000,678,197.100067,988,0
instrument,True,1000,679,197.490076,993,0
instrument,True,1000,680,197.759649,994,0
instrument,True,1000,681,198.11958,995,0
instrument,True,1000,682,198.512503,999,0
instrument,True,1000,683,198.872132,1003,0
instrument,True,1000,684,199.348784,1005,0
instrument,True,1000,685,199.814084,1008,0
instrument,True,1000,686,200.311449,1010,0
instrument,True,1000,687,200.728628,1011,6
instrument,True,1000,688,201.853065,1015,0
instrument,True,1000,689,202.092894,1016,0
instrument,True,1000,690,202.34772,1017,0
instrument,True,1000,691,202.742117,1019,0
instrument,True,1000,692,203.00743,1020,0
instrument,True,1000,693,203.277774,1020,0
instrument,True,1000,694,203.487819,1020,0
instrument,True,1000,695,203.772661,1021,0
instrument,True,1000,696,204.072516,1022,0
instrument,True,1000,697,204.419623,1023,0
instrument,True,1000,698,204.821647,1024,0
instrument,True,1000,699,204.986618,1025,0
instrument,True,1000,700,205.12141,1025,0
instrument,True,1000,701,205.376299,1026,0
instrument,True,1000,702,205.465876,1026,0
instrument,True,1000,703,205.82574,1027,0
instrument,True,1000,704,206.30597,1028,0
instrument,True,1000,705,206.818053,1031,0
instrument,True,1000,706,207.175615,1034,0
instrument,True,1000,707,207.460981,1035,0
instrument,True,1000,708,207.760816,1037,0
instrument,True,1000,709,207.955716,1038,0
instrument,True,1000,710,208.151224,1040,0
instrument,True,1000,711,208.363773,1044,0
instrument,True,1000,712,208.570502,1045,0
instrument,True,1000,713,208.87035,1046,0
instrument,True,1000,714,209.17017,1048,0
instrument,True,1000,715,209.305582,1048,0
instrument,True,1000,716,209.769817,1050,0
instrument,True,1000,717,209.979374,1052,0
instrument,True,1000,718,210.254248,1055,0
instrument,True,1000,719,210.48911,1056,0
instrument,True,1000,720,210.78947,1057,0
instrument,True,1000,721,210.912585,1059,0
instrument,True,1000,722,211.493499,1063,0
instrument,True,1000,723,211.6584,1064,0
instrument,True,1000,724,211.883905,1064,0
instrument,True,1000,725,212.138164,1065,0
instrument,True,1000,726,212.228583,1066,0
instrument,True,1000,727,212.51306,1068,0
instrument,True,1000,728,212.663484,1070,0
instrument,True,1000,729,212.85805,1072,0
instrument,True,1000,730,213.038157,1073,0
instrument,True,1000,731,213.354981,1074,0
instrument,True,1000,732,213.562393,1075,0
instrument,True,1000,733,213.997574,1078,0
instrument,True,1000,734,214.117304,1079,0
instrument,True,1000,735,214.312379,1079,0
instrument,True,1000,736,214.507301,1081,0
instrument,True,1000,737,214.626885,1081,0
instrument,True,1000,738,214.881361,1082,0
instrument,True,1000,739,215.136221,1083,0
instrument,True,1000,740,215.600941,1084,0
instrument,True,1000,741,215.795829,1084,0
instrument,True,1000,742,216.095678,1085,0
instrument,True,1000,743,216.230505,1085,0
instrument,True,1000,744,216.335499,1085,0
instrument,True,1000,745,216.815231,1086,0
instrument,True,1000,746,217.025118,1087,0
instrument,True,1000,747,217.280043,1090,0
instrument,True,1000,748,217.654827,1092,0
instrument,True,1000,749,217.90965,1094,0
instrument,True,1000,750,218.164512,1094,0
instrument,True,1000,751,218.524284,1095,0
instrument,True,1000,752,218.749125,1096,0
instrument,True,1000,753,218.946862,1098,0
instrument,True,1000,754,219.213953,1100,0
instrument,True,1000,755,219.318868,1101,0
instrument,True,1000,756,219.949251,1103,0
instrument,True,1000,757,220.069322,1103,0
instrument,True,1000,758,220.338883,1104,0
instrument,True,1000,759,220.698681,1105,0
instrument,True,1000,760,220.878151,1106,0
instrument,True,1000,761,221.180855,1107,0
instrument,True,1000,762,221.270712,1107,0
instrument,True,1000,763,221.432799,1109,0
instrument,True,1000,764,222.213044,1112,0
instrument,True,1000,765,222.332905,1112,0
instrument,True,1000,766,222.75462,1115,6
instrument,True,1000,767,224.314259,1121,0
instrument,True,1000,768,224.52239,1122,0
instrument,True,1000,769,224.746524,1124,0
instrument,True,1000,770,225.360855,1125,0
instrument,True,1000,771,225.525721,1126,0
instrument,True,1000,772,225.750704,1126,0
instrument,True,1000,773,225.976354,1127,0
instrument,True,1000,774,226.188297,1129,0
instrument,True,1000,775,226.320367,1131,0
instrument,True,1000,776,226.533106,1132,0
instrument,True,1000,777,227.012694,1134,0
instrument,True,1000,778,227.204781,1135,0
instrument,True,1000,779,227.579788,1138,0
instrument,True,1000,780,228.093287,1142,0
instrument,True,1000,781,228.374941,1143,0
instrument,True,1000,782,228.618698,1144,0
instrument,True,1000,783,228.944075,1146,0
instrument,True,1000,784,229.033969,1146,0
instrument,True,1000,785,229.352629,1149,0
instrument,True,1000,786,229.723715,1153,0
instrument,True,1000,787,229.963124,1153,0
instrument,True,1000,788,230.218135,1155,0
instrument,True,1000,789,230.427989,1157,0
instrument,True,1000,790,230.942531,1158,0
instrument,True,1000,791,231.192497,1158,0
instrument,True,1000,792,231.852139,1163,0
instrument,True,1000,793,232.002117,1164,0
instrument,True,1000,794,232.182339,1164,0
instrument,True,1000,795,232.436893,1167,0
instrument,True,1000,796,232.586823,1171,0
instrument,True,1000,797,232.946721,1173,0
instrument,True,1000,798,233.291678,1175,0
instrument,True,1000,799,233.577452,1176,0
instrument,True,1000,800,233.818573,1179,0
instrument,True,1000,801,234.026002,1180,0
instrument,True,1000,802,234.281029,1180,0
instrument,True,1000,803,234.580715,1181,0
instrument,True,1000,804,234.821313,1183,0
instrument,True,1000,805,235.305359,1187,0
instrument,True,1000,806,235.542307,1189,0
instrument,True,1000,807,235.799598,1191,0
instrument,True,1000,808,236.412198,1194,0
instrument,True,1000,809,237.025093,1195,0
instrument,True,1000,810,237.220583,1198,0
instrument,True,1000,811,237.59544,1199,0
instrument,True,1000,812,237.762082,1201,0
instrument,True,1000,813,237.972197,1205,0
instrument,True,1000,814,238.164449,1206,0
instrument,True,1000,815,238.256912,1208,0
instrument,True,1000,816,238.494377,1211,0
instrument,True,1000,817,238.689193,1212,0
instrument,True,1000,818,238.916664,1212,0
instrument,True,1000,819,239.04909,1213,0
instrument,True,1000,820,239.291347,1214,0
instrument,True,1000,821,239.499119,1215,0
instrument,True,1000,822,239.738783,1216,0
instrument,True,1000,823,240.069742,1218,0
instrument,True,1000,824,240.324117,1221,0
instrument,True,1000,825,240.7291,1224,0
instrument,True,1000,826,241.059086,1226,0
instrument,True,1000,827,241.343778,1227,0
instrument,True,1000,828,241.613808,1229,0
instrument,True,1000,829,242.245885,1232,5
instrument,True,1000,830,243.322625,1238,0
instrument,True,1000,831,243.667532,1241,0
instrument,True,1000,832,243.791793,1242,0
instrument,True,1000,833,244.147307,1243,0
instrument,True,1000,834,244.600017,1244,0
instrument,True,1000,835,245.032374,1248,0
instrument,True,1000,836,246.024431,1253,0
instrument,True,1000,837,246.381622,1254,0
instrument,True,1000,838,246.471582,1255,0
instrument,True,1000,839,246.68153,1256,0
instrument,True,1000,840,247.011405,1258,0
instrument,True,1000,841,247.790974,1261,0
instrument,True,1000,842,248.060974,1264,0
instrument,True,1000,843,248.439786,1266,0
instrument,True,1000,844,248.690512,1268,0
instrument,True,1000,845,249.170238,1268,0
instrument,True,1000,846,249.42513,1269,0
instrument,True,1000,847,249.664989,1271,0
instrument,True,1000,848,250.354208,1273,0
instrument,True,1000,849,250.866802,1279,0
instrument,True,1000,850,250.954044,1279,0
instrument,True,1000,851,251.25373,1281,0
instrument,True,1000,852,251.493628,1282,0
instrument,True,1000,853,252.27296,1284,0
instrument,True,1000,854,252.617767,1287,0
instrument,True,1000,855,252.862061,1291,0
instrument,True,1000,856,253.172486,1293,0
instrument,True,1000,857,253.427453,1294,0
instrument,True,1000,858,253.652936,1297,0
instrument,True,1000,859,253.908153,1298,0
instrument,True,1000,860,254.416985,1300,0
instrument,True,1000,861,254.74949,1304,0
instrument,True,1000,862,254.92749,1305,0
instrument,True,1000,863,255.242186,1309,0
instrument,True,1000,864,255.54459,1312,0
instrument,True,1000,865,255.63234,1312,0
instrument,True,1000,866,255.7972,1313,0
instrument,True,1000,867,256.411886,1318,0
instrument,True,1000,868,256.696283,1319,0
instrument,True,1000,869,256.906192,1319,0
instrument,True,1000,870,257.461173,1321,0
instrument,True,1000,871,257.85078,1323,0
instrument,True,1000,872,258.105741,1324,0
instrument,True,1000,873,258.435567,1326,0
instrument,True,1000,874,258.660555,1327,0
instrument,True,1000,875,259.186619,1329,0
instrument,True,1000,876,259.455101,1331,0
instrument,True,1000,877,259.620043,1332,0
instrument,True,1000,878,259.799917,1335,0
instrument,True,1000,879,260.175362,1336,0
instrument,True,1000,880,260.445235,1338,0
instrument,True,1000,881,260.745191,1340,0
instrument,True,1000,882,261.104818,1340,0
instrument,True,1000,883,261.314706,1340,0
instrument,True,1000,884,261.449656,1341,0
instrument,True,1000,885,262.154359,1343,0
instrument,True,1000,886,262.634394,1344,0
instrument,True,1000,887,263.012117,1345,0
instrument,True,1000,888,263.218716,1346,0
instrument,True,1000,889,263.443731,1347,0
instrument,True,1000,890,263.863363,1349,0
instrument,True,1000,891,264.20812,1351,6
instrument,True,1000,892,265.243349,1357,0
instrument,True,1000,893,265.468169,1358,0
instrument,True,1000,894,265.813335,1359,0
instrument,True,1000,895,266.356154,1361,0
instrument,True,1000,896,266.608237,1363,0
instrument,True,1000,897,267.2267,1366,0
instrument,True,1000,898,267.493877,1368,0
instrument,True,1000,899,268.062485,1369,0
instrument,True,1000,900,269.069869,1370,0
instrument,True,1000,901,269.457035,1372,0
instrument,True,1000,902,269.712471,1374,0
instrument,True,1000,903,269.876534,1375,0
instrument,True,1000,904,270.086256,1377,0
instrument,True,1000,905,270.371069,1379,0
instrument,True,1000,906,270.610917,1380,0
instrument,True,1000,907,270.715844,1381,0
instrument,True,1000,908,270.910772,1383,0
instrument,True,1000,909,271.075779,1384,0
instrument,True,1000,910,271.375592,1384,0
instrument,True,1000,911,271.55816,1387,0
instrument,True,1000,912,271.784518,1389,0
instrument,True,1000,913,272.21671,1391,0
instrument,True,1000,914,272.679888,1393,0
instrument,True,1000,915,272.860034,1394,0
instrument,True,1000,916,273.207688,1398,0
instrument,True,1000,917,273.489393,1401,0
instrument,True,1000,918,273.789377,1402,0
instrument,True,1000,919,274.059173,1403,0
instrument,True,1000,920,274.523904,1404,0
instrument,True,1000,921,274.751497,1406,0
instrument,True,1000,922,275.036322,1409,0
instrument,True,1000,923,275.258262,1410,0
instrument,True,1000,924,275.573102,1412,0
instrument,True,1000,925,275.692988,1413,0
instrument,True,1000,926,275.873123,1414,0
instrument,True,1000,927,276.397597,1417,0
instrument,True,1000,928,276.607577,1419,0
instrument,True,1000,929,276.81746,1419,0
instrument,True,1000,930,277.042275,1421,0
instrument,True,1000,931,277.342115,1423,0
instrument,True,1000,932,277.462095,1424,0
instrument,True,1000,933,278.031461,1425,0
instrument,True,1000,934,278.496769,1425,0
instrument,True,1000,935,278.76598,1426,0
instrument,True,1000,936,279.0658,1429,0
instrument,True,1000,937,279.320883,1430,0
instrument,True,1000,938,279.63559,1431,0
instrument,True,1000,939,279.920253,1434,0
instrument,True,1000,940,280.192341,1438,0
instrument,True,1000,941,280.639507,1443,0
instrument,True,1000,942,280.789428,1443,0
instrument,True,1000,943,281.153169,1447,0
instrument,True,1000,944,281.389182,1448,0
instrument,True,1000,945,281.6745,1449,0
instrument,True,1000,946,282.004543,1453,0
instrument,True,1000,947,282.094424,1453,0
instrument,True,1000,948,282.439291,1455,0
instrument,True,1000,949,282.679104,1456,0
instrument,True,1000,950,283.143983,1459,0
instrument,True,1000,951,283.68353,1462,4
instrument,True,1000,952,284.688009,1464,0
instrument,True,1000,953,284.957488,1467,0
instrument,True,1000,954,285.332272,1469,0
instrument,True,1000,955,285.769383,1473,0
instrument,True,1000,956,286.232271,1475,0
instrument,True,1000,957,286.471729,1476,0
instrument,True,1000,958,286.63661,1476,0
instrument,True,1000,959,286.846486,1477,0
instrument,True,1000,960,287.08639,1479,0
instrument,True,1000,961,287.341239,1482,0
instrument,True,1000,962,287.95601,1486,0
instrument,True,1000,963,288.049145,1488,0
instrument,True,1000,964,288.256408,1490,0
instrument,True,1000,965,288.420679,1490,0
instrument,True,1000,966,288.873814,1494,0
instrument,True,1000,967,289.020279,1495,0
instrument,True,1000,968,289.410912,1497,0
instrument,True,1000,969,289.845281,1498,0
instrument,True,1000,970,290.072804,1499,0
instrument,True,1000,971,290.519963,1501,0
instrument,True,1000,972,290.793512,1503,0
instrument,True,1000,973,290.954704,1503,0
instrument,True,1000,974,291.195227,1505,0
instrument,True,1000,975,291.633038,1508,0
instrument,True,1000,976,291.884266,1509,0
instrument,True,1000,977,292.319996,1511,0
instrument,True,1000,978,292.559134,1512,0
instrument,True,1000,979,292.873928,1513,0
instrument,True,1000,980,293.08378,1515,0
instrument,True,1000,981,293.278738,1516,0
instrument,True,1000,982,293.504593,1518,0
instrument,True,1000,983,293.938502,1519,0
instrument,True,1000,984,294.238514,1520,0
instrument,True,1000,985,294.358248,1521,0
instrument,True,1000,986,294.702972,1523,0
instrument,True,1000,987,294.897569,1523,0
instrument,True,1000,988,295.274749,1524,0
instrument,True,1000,989,295.452239,1525,0
instrument,True,1000,990,296.007025,1527,0
instrument,True,1000,991,296.174766,1529,0
instrument,True,1000,992,296.606721,1533,0
instrument,True,1000,993,297.209916,1535,0
instrument,True,1000,994,297.551648,1538,0
instrument,True,1000,995,297.806127,1542,0
instrument,True,1000,996,298.030997,1543,0
instrument,True,1000,997,298.181769,1544,0
instrument,True,1000,998,298.450869,1545,0
instrument,True,1000,999,298.615708,1547,0
instrument,True,1000,1000,298.81159,1548,0
instrument,True,1000,1001,299.125625,1548,0
instrument,True,1000,1002,299.306135,1549,0
instrument,True,1000,1003,299.562805,1552,0
instrument,True,1000,1004,299.770224,1553,0
instrument,True,1000,1005,300.085611,1554,0
instrument,True,1000,1006,300.550333,1555,0
instrument,True,1000,1007,300.7902,1557,0
instrument,True,1000,1008,300.985059,1557,0
instrument,True,1000,1009,301.554863,1558,0
instrument,True,1000,1010,301.64494,1558,0
instrument,True,1000,1011,302.486878,1560,0
instrument,True,1000,1012,302.829285,1562,0
instrument,True,1000,1013,303.594281,1565,0
instrument,True,1000,1014,304.103563,1567,0
instrument,True,1000,1015,304.34345,1567,0
instrument,True,1000,1016,304.602081,1570,0
instrument,True,1000,1017,304.852754,1571,0
instrument,True,1000,1018,305.092747,1572,0
instrument,True,1000,1019,305.182704,1573,0
instrument,True,1000,1020,305.527482,1576,6
instrument,True,1000,1021,306.60701,1583,0
instrument,True,1000,1022,306.879248,1584,0
instrument,True,1000,1023,307.282227,1586,0
instrument,True,1000,1024,307.612179,1586,0
instrument,True,1000,1025,307.746452,1586,0
instrument,True,1000,1026,308.151339,1586,0
instrument,True,1000,1027,308.331266,1586,0
instrument,True,1000,1028,308.705981,1589,0
instrument,True,1000,1029,309.352657,1596,0
instrument,True,1000,1030,309.593206,1597,0
instrument,True,1000,1031,309.770376,1598,0
instrument,True,1000,1032,310.145289,1600,0
instrument,True,1000,1033,310.699564,1601,0
instrument,True,1000,1034,311.089345,1603,0
instrument,True,1000,1035,311.299176,1603,0
instrument,True,1000,1036,311.58402,1606,0
instrument,True,1000,1037,311.808914,1608,0
instrument,True,1000,1038,312.4836,1611,0
instrument,True,1000,1039,312.783969,1612,0
instrument,True,1000,1040,313.308338,1613,0
instrument,True,1000,1041,313.563124,1614,0
instrument,True,1000,1042,313.941495,1615,0
instrument,True,1000,1043,314.222775,1616,0
instrument,True,1000,1044,314.44805,1617,0
instrument,True,1000,1045,314.747641,1618,0
instrument,True,1000,1046,315.034237,1619,0
instrument,True,1000,1047,315.602722,1620,0
instrument,True,1000,1048,316.069853,1625,0
instrument,True,1000,1049,316.622268,1629,0
instrument,True,1000,1050,316.832053,1631,0
instrument,True,1000,1051,317.086857,1633,0
instrument,True,1000,1052,317.371708,1633,0
instrument,True,1000,1053,317.64157,1636,0
instrument,True,1000,1054,317.896416,1637,0
instrument,True,1000,1055,318.033991,1638,0
instrument,True,1000,1056,318.259466,1641,0
instrument,True,1000,1057,318.455898,1642,0
instrument,True,1000,1058,318.705944,1643,0
instrument,True,1000,1059,318.875459,1645,0
instrument,True,1000,1060,319.264773,1647,0
instrument,True,1000,1061,319.566256,1651,0
instrument,True,1000,1062,319.820875,1654,0
instrument,True,1000,1063,319.950966,1655,0
instrument,True,1000,1064,320.116703,1657,0
instrument,True,1000,1065,320.370742,1658,0
instrument,True,1000,1066,320.655527,1660,0
instrument,True,1000,1067,320.929417,1662,0
instrument,True,1000,1068,321.150242,1663,0
instrument,True,1000,1069,321.435097,1663,0
instrument,True,1000,1070,321.824979,1666,0
instrument,True,1000,1071,322.244743,1667,0
instrument,True,1000,1072,322.652451,1670,0
instrument,True,1000,1073,322.816964,1674,0
instrument,True,1000,1074,323.147141,1676,0
instrument,True,1000,1075,323.32783,1678,0
instrument,True,1000,1076,323.564049,1680,0
instrument,True,1000,1077,323.669469,1682,0
instrument,True,1000,1078,324.046467,1683,0
instrument,True,1000,1079,324.673932,1685,4
instrument,True,1000,1080,326.008378,1688,0
instrument,True,1000,1081,326.503039,1690,0
instrument,True,1000,1082,326.701001,1691,0
instrument,True,1000,1083,326.952731,1692,0
instrument,True,1000,1084,327.376272,1696,0
instrument,True,1000,1085,327.616428,1700,0
instrument,True,1000,1086,327.747318,1702,0
instrument,True,1000,1087,327.897181,1703,0
instrument,True,1000,1088,328.137036,1706,0
instrument,True,1000,1089,328.347231,1707,0
instrument,True,1000,1090,328.662089,1708,0
instrument,True,1000,1091,328.841983,1710,0
instrument,True,1000,1092,329.066832,1711,0
instrument,True,1000,1093,329.217188,1711,0
instrument,True,1000,1094,329.651642,1713,0
instrument,True,1000,1095,329.906039,1716,0
instrument,True,1000,1096,330.070972,1717,0
instrument,True,1000,1097,330.205861,1718,0
instrument,True,1000,1098,330.883138,1721,0
instrument,True,1000,1099,331.135429,1723,0
instrument,True,1000,1100,331.465271,1724,0
instrument,True,1000,1101,331.735101,1725,0
instrument,True,1000,1102,332.050001,1727,0
instrument,True,1000,1103,332.289912,1728,0
instrument,True,1000,1104,333.010393,1731,0
instrument,True,1000,1105,333.174569,1733,0
instrument,True,1000,1106,333.474185,1734,0
instrument,True,1000,1107,333.969304,1736,0
instrument,True,1000,1108,334.298795,1737,0
instrument,True,1000,1109,334.44872,1739,0
instrument,True,1000,1110,334.658832,1742,0
instrument,True,1000,1111,334.824096,1742,0
instrument,True,1000,1112,334.899088,1743,0
instrument,True,1000,1113,335.438807,1745,0
instrument,True,1000,1114,335.723652,1748,0
instrument,True,1000,1115,335.888836,1749,0
instrument,True,1000,1116,336.279184,1750,0
instrument,True,1000,1117,336.653161,1751,0
instrument,True,1000,1118,337.31295,1752,0
instrument,True,1000,1119,337.747678,1755,0
instrument,True,1000,1120,338.047707,1758,0
instrument,True,1000,1121,338.347891,1759,0
instrument,True,1000,1122,338.602281,1760,0
instrument,True,1000,1123,339.021977,1761,0
instrument,True,1000,1124,339.486693,1762,0
instrument,True,1000,1125,339.742048,1763,0
instrument,True,1000,1126,339.801527,1763,0
instrument,True,1000,1127,339.921791,1765,0
instrument,True,1000,1128,340.236537,1765,0
instrument,True,1000,1129,340.836514,1770,0
instrument,True,1000,1130,341.196175,1774,0
instrument,True,1000,1131,341.436028,1776,0
instrument,True,1000,1132,341.780867,1778,0
instrument,True,1000,1133,341.930515,1779,0
instrument,True,1000,1134,342.155421,1779,0
instrument,True,1000,1135,342.335297,1781,0
instrument,True,1000,1136,342.680037,1783,0
instrument,True,1000,1137,342.800007,1784,0
instrument,True,1000,1138,343.234733,1787,0
instrument,True,1000,1139,343.459973,1789,0
instrument,True,1000,1140,343.684562,1790,0
instrument,True,1000,1141,343.999381,1791,0
instrument,True,1000,1142,344.374259,1792,0
instrument,True,1000,1143,344.719208,1793,0
instrument,True,1000,1144,344.854732,1794,0
instrument,True,1000,1145,345.098237,1795,0
instrument,True,1000,1146,345.48432,1796,0
instrument,True,1000,1147,345.84862,1798,0
instrument,True,1000,1148,346.009075,1799,0
instrument,True,1000,1149,346.399114,1800,6
instrument,True,1000,1150,347.868056,1806,0
instrument,True,1000,1151,348.273558,1809,0
instrument,True,1000,1152,348.557919,1810,0
instrument,True,1000,1153,349.292374,1814,0
instrument,True,1000,1154,349.62218,1816,0
instrument,True,1000,1155,349.966557,1819,0
instrument,True,1000,1156,350.88112,1823,0
instrument,True,1000,1157,350.971745,1823,0
instrument,True,1000,1158,351.061043,1824,0
instrument,True,1000,1159,351.196083,1827,0
instrument,True,1000,1160,351.525815,1827,0
instrument,True,1000,1161,351.795679,1828,0
instrument,True,1000,1162,351.96064,1828,0
instrument,True,1000,1163,352.050615,1829,0
instrument,True,1000,1164,352.305613,1830,0
instrument,True,1000,1165,352.519236,1831,0
instrument,True,1000,1166,352.680141,1831,0
instrument,True,1000,1167,352.905211,1832,0
instrument,True,1000,1168,353.309998,1833,0
instrument,True,1000,1169,353.579866,1833,0
instrument,True,1000,1170,353.984552,1836,0
instrument,True,1000,1171,354.164451,1837,0
instrument,True,1000,1172,354.569355,1840,0
instrument,True,1000,1173,354.854892,1844,0
instrument,True,1000,1174,355.274579,1847,0
instrument,True,1000,1175,355.559454,1850,0
instrument,True,1000,1176,355.799777,1853,0
instrument,True,1000,1177,356.114232,1856,0
instrument,True,1000,1178,356.219145,1856,0
instrument,True,1000,1179,356.488925,1858,0
instrument,True,1000,1180,356.653892,1861,0
instrument,True,1000,1181,356.968752,1862,0
instrument,True,1000,1182,357.313514,1864,0
instrument,True,1000,1183,357.778826,1866,0
instrument,True,1000,1184,357.94323,1868,3
instrument,True,1000,1185,358.547752,1869,0
instrument,True,1000,1186,358.813492,1871,0
instrument,True,1000,1187,358.99358,1872,0
instrument,True,1000,1188,359.233171,1872,0
instrument,True,1000,1189,359.352608,1875,0
instrument,True,1000,1190,359.505465,1877,0
instrument,True,1000,1191,359.833129,1878,0
instrument,True,1000,1192,359.955389,1879,0
instrument,True,1000,1193,360.10283,1880,0
instrument,True,1000,1194,360.222824,1881,0
instrument,True,1000,1195,360.52677,1882,0
instrument,True,1000,1196,360.735147,1884,0
instrument,True,1000,1197,361.108496,1886,0
instrument,True,1000,1198,361.347461,1887,0
instrument,True,1000,1199,361.816337,1889,0
instrument,True,1000,1200,361.946881,1889,0
instrument,True,1000,1201,362.111688,1891,0
instrument,True,1000,1202,362.396714,1891,0
instrument,True,1000,1203,362.561537,1892,0
instrument,True,1000,1204,362.801374,1895,0
instrument,True,1000,1205,362.970471,1895,0
instrument,True,1000,1206,363.296091,1897,0
instrument,True,1000,1207,363.431029,1897,0
instrument,True,1000,1208,363.655933,1899,0
instrument,True,1000,1209,363.778795,1900,0
instrument,True,1000,1210,363.941088,1901,0
instrument,True,1000,1211,364.480726,1903,0
instrument,True,1000,1212,364.618956,1903,0
instrument,True,1000,1213,364.948923,1906,0
instrument,True,1000,1214,365.020505,1907,0
instrument,True,1000,1215,365.245089,1907,0
instrument,True,1000,1216,365.63484,1909,0
instrument,True,1000,1217,365.950369,1912,0
instrument,True,1000,1218,366.129826,1913,0
instrument,True,1000,1219,366.849251,1916,0
instrument,True,1000,1220,367.388948,1917,0
instrument,True,1000,1221,367.643889,1919,0
instrument,True,1000,1222,367.823825,1920,0
instrument,True,1000,1223,368.363496,1922,0
instrument,True,1000,1224,368.803327,1924,0
instrument,True,1000,1225,368.981857,1926,0
instrument,True,1000,1226,369.368003,1930,0
instrument,True,1000,1227,369.821232,1932,0
instrument,True,1000,1228,369.89326,1933,0
instrument,True,1000,1229,370.163089,1934,0
instrument,True,1000,1230,370.312935,1936,0
instrument,True,1000,1231,370.887358,1939,0
instrument,True,1000,1232,371.527356,1942,0
instrument,True,1000,1233,372.306993,1946,1
instrument,True,1000,1234,372.610041,1946,0
instrument,True,1000,1235,373.431422,1949,0
instrument,True,1000,1236,373.626365,1950,0
instrument,True,1000,1237,373.806195,1951,0
instrument,True,1000,1238,374.121036,1951,0
instrument,True,1000,1239,374.510923,1952,0
instrument,True,1000,1240,374.79573,1954,0
instrument,True,1000,1241,374.870502,1955,0
instrument,True,1000,1242,375.110268,1955,0
instrument,True,1000,1243,375.443698,1956,0
instrument,True,1000,1244,375.69529,1959,0
instrument,True,1000,1245,375.844789,1960,0
instrument,True,1000,1246,375.994695,1961,0
instrument,True,1000,1247,376.15974,1962,0
instrument,True,1000,1248,376.474538,1963,0
instrument,True,1000,1249,376.759558,1964,0
instrument,True,1000,1250,376.909832,1965,0
instrument,True,1000,1251,377.269094,1967,0
instrument,True,1000,1252,377.703952,1970,0
instrument,True,1000,1253,378.183644,1972,0
instrument,True,1000,1254,378.363602,1972,0
instrument,True,1000,1255,378.483525,1972,0
instrument,True,1000,1256,378.828687,1974,0
instrument,True,1000,1257,378.96327,1974,0
instrument,True,1000,1258,379.491272,1976,0
instrument,True,1000,1259,379.592888,1978,0
instrument,True,1000,1260,379.937381,1982,0
instrument,True,1000,1261,380.267252,1984,0
instrument,True,1000,1262,380.987308,1986,0
instrument,True,1000,1263,381.316645,1989,0
instrument,True,1000,1264,381.691549,1992,0
instrument,True,1000,1265,382.336205,1995,0
instrument,True,1000,1266,382.546018,1995,0
instrument,True,1000,1267,382.815819,1999,0
instrument,True,1000,1268,383.145685,2000,0
instrument,True,1000,1269,383.370979,2000,0
instrument,True,1000,1270,383.760719,2000,0
instrument,True,1000,1271,384.060699,2000,0
instrument,True,1000,1272,384.405502,2000,0
instrument,True,1000,1273,384.525391,2000,0
instrument,True,1000,1274,384.824889,2000,0
instrument,True,1000,1274,384.974768,2000,0
instrument,True,1000,1275,385.139675,2000,0
